step,loss,mean_token_accuracy
1,1.2226,0.8508719205856323
2,1.5696,0.8434873819351196
3,1.6738,0.830005407333374
4,1.8977,0.7974163293838501
5,1.7366,0.8197709321975708
6,2.072,0.7912499904632568
7,1.944,0.7929292917251587
8,1.9442,0.8109756112098694
9,1.8026,0.8232005834579468
10,1.9894,0.8066378235816956
11,1.9727,0.8010711669921875
12,2.0148,0.8020603656768799
13,1.9929,0.7867158651351929
14,2.2156,0.7853736281394958
15,2.1353,0.7699180841445923
16,2.3383,0.7507645487785339
17,2.1974,0.7637729644775391
18,2.2387,0.7525530457496643
19,2.0793,0.7612179517745972
20,2.1738,0.7683523893356323
21,2.2505,0.7438345551490784
22,2.344,0.7524038553237915
23,2.3777,0.7486956715583801
24,2.0808,0.7965796589851379
25,2.3078,0.7549909353256226
26,2.7477,0.6632911562919617
27,2.2503,0.7545851469039917
28,2.417,0.7240437269210815
29,2.2543,0.7346014380455017
30,2.1597,0.7285714149475098
31,2.0648,0.7572815418243408
32,2.3679,0.7103064060211182
33,2.5995,0.682136595249176
34,2.255,0.6920256614685059
35,2.2236,0.707916259765625
36,2.2175,0.7291666865348816
37,2.2325,0.7041707038879395
38,2.2261,0.7280513644218445
39,2.2689,0.7185567021369934
40,2.2159,0.7049009203910828
41,2.1882,0.706932783126831
42,2.1181,0.7159827351570129
43,1.9465,0.7656612396240234
44,2.1119,0.7206053733825684
45,2.1946,0.710734486579895
46,2.107,0.7322468161582947
47,1.9765,0.7528089880943298
48,1.8755,0.7702871561050415
49,1.8612,0.7626903653144836
50,1.5811,0.7877907156944275
51,0.8146,0.877920389175415
52,0.8545,0.8777620792388916
53,1.0422,0.849094569683075
54,1.1319,0.8399525880813599
55,1.1526,0.8434430956840515
56,0.9111,0.8773584961891174
57,1.1417,0.8336369395256042
58,0.8598,0.8697705864906311
59,1.0928,0.8253050446510315
60,0.8244,0.8827292323112488
61,1.1743,0.8016424775123596
62,1.0609,0.8314827084541321
63,1.021,0.841269850730896
64,1.0168,0.8360655903816223
65,0.9529,0.8294117450714111
66,1.0568,0.8151447772979736
67,0.6456,0.8741829991340637
68,1.1136,0.7881174087524414
69,0.7396,0.8633440732955933
70,0.8733,0.8405584096908569
71,0.7793,0.8548770546913147
72,0.6874,0.8613445162773132
73,0.7818,0.8537189960479736
74,0.7579,0.8483572006225586
75,0.8518,0.8312757015228271
76,0.6299,0.8842105269432068
77,0.984,0.8156378865242004
78,0.8762,0.8404436707496643
79,0.9234,0.8124487996101379
80,0.8153,0.8331922292709351
81,0.7419,0.8500459790229797
82,0.6804,0.8484565019607544
83,0.7204,0.8448905348777771
84,0.6652,0.8460837602615356
85,0.8761,0.8266283273696899
86,0.7899,0.8241546154022217
87,0.7586,0.8321318030357361
88,0.6321,0.8637316823005676
89,0.7946,0.8224016427993774
90,0.8175,0.8255934119224548
91,0.7706,0.8279792666435242
92,0.7749,0.8245614171028137
93,0.7602,0.8411316871643066
94,0.8543,0.8105975389480591
95,0.6686,0.8379953503608704
96,0.7356,0.8287037014961243
97,0.7187,0.8349397778511047
98,0.7123,0.8598247766494751
99,0.5526,0.8721804618835449
100,0.6674,0.8533519506454468
101,0.5896,0.8664904236793518
102,0.5043,0.8982092142105103
103,0.4139,0.9091406464576721
104,0.6288,0.8658823370933533
105,0.4753,0.8992762565612793
106,0.6014,0.8689441084861755
107,0.2973,0.9344375133514404
108,0.5504,0.8813998699188232
109,0.4308,0.9090272784233093
110,0.5425,0.8801393508911133
111,0.5534,0.8760683536529541
112,0.5418,0.8917486667633057
113,0.6777,0.8533333539962769
114,0.5423,0.887793779373169
115,0.5171,0.8878856301307678
116,0.4661,0.8967434763908386
117,0.8264,0.8167388439178467
118,0.6487,0.8514025807380676
119,0.6394,0.8642638325691223
120,0.4957,0.8809523582458496
121,0.715,0.8374502062797546
122,0.5394,0.8924369812011719
123,0.5966,0.867972731590271
124,0.5379,0.8888888955116272
125,0.7775,0.8333333134651184
126,0.7214,0.8365957736968994
127,0.5903,0.8675438761711121
128,0.6221,0.8510638475418091
129,0.657,0.861751139163971
130,0.7528,0.8321616649627686
131,0.5632,0.875241756439209
132,0.6168,0.8616412281990051
133,0.6257,0.8568683862686157
134,0.6336,0.8692098259925842
135,0.7722,0.8230009078979492
136,0.5956,0.8659898638725281
137,0.6521,0.8454636335372925
138,0.6513,0.8633540272712708
139,0.6157,0.8614583611488342
140,0.6418,0.848356306552887
141,0.6382,0.8500550985336304
142,0.6178,0.8591549396514893
143,0.6642,0.8451471924781799
144,0.6599,0.857782781124115
145,0.5603,0.880422055721283
146,0.5324,0.8843861818313599
147,0.6265,0.8648648858070374
148,0.6015,0.8447432518005371
149,0.4311,0.8885976672172546
150,0.5974,0.8724279999732971
151,0.4764,0.8808308839797974
152,0.632,0.8627451062202454
153,0.5522,0.875
154,0.4753,0.8997214436531067
155,0.4442,0.895694375038147
156,0.3686,0.9258785843849182
157,0.3412,0.927763819694519
158,0.3855,0.917388379573822
159,0.4821,0.8987341523170471
160,0.4506,0.9027777910232544
161,0.3851,0.913165271282196
162,0.6013,0.8729282021522522
163,0.4082,0.914517343044281
164,0.4567,0.9110936522483826
165,0.3956,0.9187652468681335
166,0.4427,0.8952071666717529
167,0.7473,0.8361876606941223
168,0.7125,0.8348909616470337
169,0.5413,0.8735910058021545
170,0.5213,0.896125316619873
171,0.5176,0.8841463327407837
172,0.5782,0.8748984336853027
173,0.4363,0.9134615659713745
174,0.5831,0.8697872161865234
175,0.5249,0.8773265480995178
176,0.5373,0.8707256317138672
177,0.6047,0.8641975522041321
178,0.6341,0.8547825813293457
179,0.4209,0.9094339609146118
180,0.6296,0.8602739572525024
181,0.6195,0.8523550629615784
182,0.7348,0.8465803861618042
183,0.8515,0.8029903173446655
184,0.5065,0.8913894295692444
185,0.5472,0.8707811236381531
186,0.5523,0.8789420127868652
187,0.5613,0.8652900457382202
188,0.5978,0.8600201606750488
189,0.5184,0.8724279999732971
190,0.5874,0.8674699068069458
191,0.5344,0.8887700438499451
192,0.5291,0.8836688995361328
193,0.584,0.8695163130760193
194,0.6156,0.8574660420417786
195,0.6701,0.8692129850387573
196,0.6289,0.8629671335220337
197,0.4475,0.8903775811195374
198,0.5755,0.8708074688911438
199,0.531,0.9005037546157837
200,0.4157,0.9098837375640869
201,0.4343,0.896539032459259
202,0.4255,0.9076061844825745
203,0.3508,0.9267286062240601
204,0.5055,0.8945030570030212
205,0.5116,0.8851540684700012
206,0.386,0.9086357951164246
207,0.4755,0.8854712247848511
208,0.4359,0.9124423861503601
209,0.463,0.9036885499954224
210,0.6776,0.8419705629348755
211,0.5005,0.8839226365089417
212,0.4166,0.9074074029922485
213,0.4259,0.8985185027122498
214,0.4149,0.9125475287437439
215,0.677,0.8448156118392944
216,0.4883,0.8904109597206116
217,0.6946,0.8470336198806763
218,0.7752,0.8246802091598511
219,0.7138,0.8423389792442322
220,0.575,0.8691813945770264
221,0.705,0.8490259647369385
222,0.5977,0.8736492395401001
223,0.5331,0.8718975186347961
224,0.6269,0.866885781288147
225,0.6652,0.8523925542831421
226,0.7288,0.8321108222007751
227,0.5948,0.8742304444313049
228,0.7264,0.8436703681945801
229,0.4724,0.8942937254905701
230,0.6287,0.8647058606147766
231,0.4977,0.8912014961242676
232,0.533,0.8777173757553101
233,0.694,0.8334817290306091
234,0.6374,0.8575392961502075
235,0.5953,0.8652900457382202
236,0.6177,0.870029091835022
237,0.5002,0.8831683397293091
238,0.7071,0.8309317827224731
239,0.5706,0.8643564581871033
240,0.5195,0.8810526132583618
241,0.5669,0.8773784637451172
242,0.4382,0.8862661123275757
243,0.4619,0.8831877708435059
244,0.5538,0.8702461123466492
245,0.5245,0.868208110332489
246,0.4926,0.8782201409339905
247,0.5218,0.8769050240516663
248,0.5182,0.8763636350631714
249,0.4521,0.8970223069190979
250,0.4959,0.8819444179534912
251,0.4848,0.8901278972625732
252,0.2741,0.9433771371841431
253,0.343,0.9183024168014526
254,0.2695,0.9354275465011597
255,0.41,0.9096555709838867
256,0.3395,0.9256044626235962
257,0.3152,0.9250480532646179
258,0.4288,0.9100191593170166
259,0.3025,0.9304993152618408
260,0.7298,0.8383303880691528
261,0.7145,0.8376119136810303
262,0.4045,0.9046652913093567
263,0.503,0.8798635005950928
264,0.457,0.8903818726539612
265,0.5485,0.876396656036377
266,0.5161,0.8888053894042969
267,0.4643,0.8992307782173157
268,0.4403,0.9012250900268555
269,0.6172,0.8425034284591675
270,0.4228,0.9090909361839294
271,0.6645,0.8638461828231812
272,0.5143,0.8886178731918335
273,0.5835,0.8689024448394775
274,0.5864,0.8624595403671265
275,0.5472,0.8879456520080566
276,0.632,0.873711347579956
277,0.5244,0.8805084824562073
278,0.4627,0.8888888955116272
279,0.6169,0.8635593056678772
280,0.459,0.8935599327087402
281,0.6957,0.8423236608505249
282,0.5228,0.8778696060180664
283,0.7469,0.8237317204475403
284,0.5392,0.8798882961273193
285,0.6877,0.8330308794975281
286,0.4749,0.8849287033081055
287,0.5158,0.8877446055412292
288,0.5666,0.8756268620491028
289,0.6812,0.845703125
290,0.632,0.8675704002380371
291,0.5478,0.8731656074523926
292,0.5264,0.8747276663780212
293,0.595,0.8714597225189209
294,0.529,0.8800904750823975
295,0.4816,0.8774341344833374
296,0.6178,0.8591065406799316
297,0.4686,0.8962605595588684
298,0.4356,0.9067296385765076
299,0.4535,0.8913580179214478
300,0.354,0.9295393228530884
301,0.2432,0.933732807636261
302,0.359,0.9211576581001282
303,0.3554,0.929398775100708
304,0.4615,0.9035087823867798
305,0.4666,0.886711597442627
306,0.3531,0.916179358959198
307,0.3648,0.9115384817123413
308,0.4712,0.8973333239555359
309,0.2928,0.939393937587738
310,0.6346,0.8467289805412292
311,0.3732,0.9128895401954651
312,0.3522,0.9178082346916199
313,0.5247,0.8773449063301086
314,0.478,0.886721670627594
315,0.5435,0.8654391169548035
316,0.4849,0.8839285969734192
317,0.4433,0.8926123380661011
318,0.3969,0.9113821387290955
319,0.4844,0.8860182166099548
320,0.5132,0.8752886652946472
321,0.4977,0.8791208863258362
322,0.5353,0.887122392654419
323,0.4277,0.90292888879776
324,0.477,0.8830219507217407
325,0.5834,0.8803706765174866
326,0.5697,0.8711256384849548
327,0.4808,0.8861180543899536
328,0.5325,0.8871369361877441
329,0.4455,0.8975481390953064
330,0.5327,0.8803571462631226
331,0.3957,0.9153339862823486
332,0.45,0.8897922039031982
333,0.4874,0.883783757686615
334,0.6113,0.8666666746139526
335,0.573,0.86329585313797
336,0.4725,0.8983050584793091
337,0.4952,0.8847290873527527
338,0.5619,0.8716418147087097
339,0.5539,0.8887723088264465
340,0.5853,0.8770833611488342
341,0.5323,0.8798235654830933
342,0.5826,0.8625393509864807
343,0.5831,0.8630573153495789
344,0.5688,0.8682432174682617
345,0.4461,0.8936651349067688
346,0.5345,0.8650519251823425
347,0.5177,0.8789659142494202
348,0.4533,0.8860294222831726
349,0.4949,0.8859975337982178
350,0.5439,0.8859155178070068
351,0.3137,0.928928554058075
352,0.3206,0.9270936250686646
353,0.3754,0.9184339046478271
354,0.3298,0.9204359650611877
355,0.5497,0.8827818036079407
356,0.3386,0.9240669012069702
357,0.264,0.9459459185600281
358,0.439,0.8962574005126953
359,0.455,0.8980807662010193
360,0.437,0.9129540920257568
361,0.5345,0.8764271140098572
362,0.556,0.8760683536529541
363,0.5151,0.8862491250038147
364,0.4056,0.9166035056114197
365,0.4415,0.8892045617103577
366,0.5452,0.8873772025108337
367,0.5497,0.8761682510375977
368,0.4767,0.8971742391586304
369,0.5186,0.8709219694137573
370,0.6188,0.8757861852645874
371,0.4306,0.9183501601219177
372,0.7449,0.835774838924408
373,0.6319,0.8669421672821045
374,0.6355,0.8539412617683411
375,0.4288,0.8932536244392395
376,0.5889,0.8668941855430603
377,0.6081,0.8643791079521179
378,0.4731,0.8993055820465088
379,0.5816,0.8727735280990601
380,0.5191,0.8851413130760193
381,0.5464,0.8710247278213501
382,0.4312,0.8956097364425659
383,0.5924,0.855215847492218
384,0.3964,0.9090909361839294
385,0.4998,0.8788443803787231
386,0.5572,0.8836292028427124
387,0.5298,0.8705402612686157
388,0.4445,0.899789035320282
389,0.4678,0.8869475722312927
390,0.4385,0.8995535969734192
391,0.4696,0.8857453465461731
392,0.6161,0.8648363351821899
393,0.4263,0.907058835029602
394,0.5384,0.880398690700531
395,0.4545,0.9081015586853027
396,0.5112,0.8891481757164001
397,0.4624,0.8824257254600525
398,0.4556,0.8914920091629028
399,0.5115,0.8947368264198303
400,0.6044,0.8906474709510803
401,0.2428,0.943231463432312
402,0.2311,0.9438146948814392
403,0.2973,0.9278119802474976
404,0.394,0.9115492701530457
405,0.4513,0.9035563468933105
406,0.4916,0.8801169395446777
407,0.2717,0.9418060183525085
408,0.3798,0.9174496531486511
409,0.3701,0.9209790229797363
410,0.3505,0.9211267828941345
411,0.5228,0.8738621473312378
412,0.3409,0.9265982508659363
413,0.6581,0.8491182327270508
414,0.352,0.9203007221221924
415,0.4862,0.8832335472106934
416,0.4863,0.8950796127319336
417,0.3328,0.9275590777397156
418,0.4973,0.8893409371376038
419,0.4725,0.8913207650184631
420,0.5628,0.8702865839004517
421,0.4218,0.9116925597190857
422,0.5889,0.870429277420044
423,0.5157,0.8793805837631226
424,0.4788,0.8905172348022461
425,0.4595,0.8949615955352783
426,0.4029,0.9098214507102966
427,0.47,0.8959435820579529
428,0.5438,0.8819929957389832
429,0.4152,0.9042357206344604
430,0.6603,0.8441901206970215
431,0.4521,0.8960915207862854
432,0.4775,0.8868648409843445
433,0.5835,0.8628672957420349
434,0.5669,0.8718662858009338
435,0.4836,0.8938321471214294
436,0.4961,0.887049674987793
437,0.566,0.8719452619552612
438,0.5446,0.8794466257095337
439,0.5504,0.8689866662025452
440,0.5069,0.8886509537696838
441,0.5468,0.8740331530570984
442,0.4597,0.8820346593856812
443,0.4947,0.8840909004211426
444,0.4819,0.8893905282020569
445,0.4037,0.9081395268440247
446,0.4133,0.8990498781204224
447,0.519,0.8940476179122925
448,0.5286,0.886168897151947
449,0.4598,0.8974683284759521
450,0.3642,0.9107413291931152
451,0.4669,0.8963432908058167
452,0.3739,0.9139554500579834
453,0.2847,0.9384700655937195
454,0.2935,0.9280860424041748
455,0.4187,0.9175257682800293
456,0.4297,0.9054524302482605
457,0.3143,0.9331532716751099
458,0.4603,0.9080976843833923
459,0.3026,0.9337431788444519
460,0.3129,0.9383753538131714
461,0.3533,0.9296167492866516
462,0.4099,0.9141193628311157
463,0.451,0.8963545560836792
464,0.3896,0.9069045782089233
465,0.4138,0.9152798652648926
466,0.4212,0.8982536196708679
467,0.5726,0.8696883916854858
468,0.5943,0.8602527976036072
469,0.529,0.8800610899925232
470,0.3924,0.9037344455718994
471,0.5578,0.8667687773704529
472,0.4454,0.9085520505905151
473,0.4713,0.8923801779747009
474,0.4482,0.9029209613800049
475,0.5628,0.8711256384849548
476,0.4987,0.881147563457489
477,0.5233,0.8815004229545593
478,0.4158,0.908839762210846
479,0.3863,0.912488579750061
480,0.5511,0.8757709264755249
481,0.61,0.8660869598388672
482,0.4585,0.8921124339103699
483,0.5222,0.8861712217330933
484,0.5214,0.8743961453437805
485,0.4878,0.8816169500350952
486,0.4088,0.9014830589294434
487,0.5249,0.8557692170143127
488,0.4399,0.9022634029388428
489,0.4663,0.8875380158424377
490,0.45,0.8968085050582886
491,0.5341,0.8728382587432861
492,0.5794,0.8683937788009644
493,0.4228,0.9056817889213562
494,0.5699,0.8802660703659058
495,0.483,0.8871151804924011
496,0.3773,0.9050480723381042
497,0.4982,0.9051522016525269
498,0.402,0.9120310544967651
499,0.5709,0.8769429922103882
500,0.3955,0.9076923131942749
501,0.3097,0.9285979866981506
502,0.3343,0.9295709133148193
503,0.2894,0.9454732537269592
504,0.3561,0.9272069931030273
505,0.2662,0.9370459914207458
506,0.3237,0.9282700419425964
507,0.2347,0.9524152874946594
508,0.4294,0.9082508087158203
509,0.4215,0.9038332104682922
510,0.4485,0.902250349521637
511,0.339,0.9213564395904541
512,0.4813,0.8931834101676941
513,0.5116,0.886695921421051
514,0.5968,0.8581081032752991
515,0.4295,0.8959707021713257
516,0.5953,0.8768898248672485
517,0.407,0.9075500965118408
518,0.47,0.8986539840698242
519,0.4297,0.8993759751319885
520,0.4495,0.8995984196662903
521,0.6062,0.8588498830795288
522,0.3929,0.9155405163764954
523,0.4114,0.9026473164558411
524,0.4501,0.8959200382232666
525,0.4329,0.9020100235939026
526,0.4665,0.8880994915962219
527,0.5404,0.8797863125801086
528,0.437,0.8996415734291077
529,0.4093,0.8984726071357727
530,0.5759,0.8657487034797668
531,0.5298,0.8655077815055847
532,0.4296,0.8999999761581421
533,0.5266,0.8813868761062622
534,0.4086,0.9037328362464905
535,0.4399,0.892890989780426
536,0.4798,0.8849647045135498
537,0.5777,0.8648905754089355
538,0.6126,0.8694817423820496
539,0.5666,0.8693917989730835
540,0.5214,0.8742071986198425
541,0.4232,0.903761088848114
542,0.534,0.8781838417053223
543,0.481,0.889515221118927
544,0.5122,0.8862144351005554
545,0.4732,0.9057279229164124
546,0.4691,0.8869863152503967
547,0.4215,0.9100850820541382
548,0.4441,0.902080774307251
549,0.4713,0.8907034993171692
550,0.4099,0.9045643210411072
551,0.4155,0.9008498787879944
552,0.335,0.9254206418991089
553,0.2809,0.9369416832923889
554,0.3406,0.9321240782737732
555,0.2653,0.9531542658805847
556,0.3475,0.9269841313362122
557,0.6531,0.8537279367446899
558,0.3271,0.9251012206077576
559,0.3202,0.9333333373069763
560,0.3962,0.9085565209388733
561,0.433,0.9120879173278809
562,0.379,0.9092251062393188
563,0.3733,0.9186747074127197
564,0.3426,0.9152157306671143
565,0.6088,0.869694709777832
566,0.4163,0.9043279886245728
567,0.4851,0.8922247886657715
568,0.5849,0.8578431606292725
569,0.5776,0.8741312623023987
570,0.4614,0.8959349393844604
571,0.3901,0.9116883277893066
572,0.5655,0.8782051205635071
573,0.5592,0.870474636554718
574,0.6045,0.8613477945327759
575,0.5005,0.8845822811126709
576,0.4447,0.9118150472640991
577,0.4376,0.8930762410163879
578,0.4299,0.8988361954689026
579,0.5664,0.8825622797012329
580,0.6474,0.8472696542739868
581,0.5358,0.8854262232780457
582,0.54,0.8806660771369934
583,0.6253,0.8586858510971069
584,0.5154,0.8737137317657471
585,0.5794,0.8656716346740723
586,0.459,0.8942598104476929
587,0.4638,0.8921568393707275
588,0.6232,0.8652130961418152
589,0.5336,0.8807054162025452
590,0.5135,0.9033970236778259
591,0.4764,0.8906581997871399
592,0.456,0.8947927951812744
593,0.5168,0.8852097392082214
594,0.43,0.9032620787620544
595,0.594,0.8794084191322327
596,0.4655,0.8959330320358276
597,0.5088,0.8925120830535889
598,0.4634,0.885185182094574
599,0.4114,0.905071496963501
600,0.4432,0.9184247255325317
601,0.2532,0.9431777000427246
602,0.258,0.9381835460662842
603,0.3521,0.9204602241516113
604,0.283,0.9364801645278931
605,0.2915,0.9373860359191895
606,0.391,0.9115361571311951
607,0.3917,0.9104385375976562
608,0.6399,0.854292631149292
609,0.4693,0.8884488344192505
610,0.3282,0.9321554899215698
611,0.4925,0.8946648240089417
612,0.557,0.8660415410995483
613,0.5114,0.8831430673599243
614,0.5568,0.8720608353614807
615,0.4297,0.9049459099769592
616,0.3936,0.9184148907661438
617,0.6398,0.8695003986358643
618,0.3348,0.9358333349227905
619,0.5087,0.8737490177154541
620,0.5104,0.9020408391952515
621,0.4974,0.8794607520103455
622,0.4584,0.8987951874732971
623,0.4639,0.8979079723358154
624,0.4465,0.8942390084266663
625,0.3693,0.9093381762504578
626,0.4754,0.8759558200836182
627,0.5324,0.873251736164093
628,0.3723,0.921317458152771
629,0.5832,0.8688380122184753
630,0.4982,0.880886435508728
631,0.4589,0.8936567306518555
632,0.5148,0.8824065923690796
633,0.5602,0.868852436542511
634,0.5305,0.8735741376876831
635,0.5659,0.8647859692573547
636,0.6138,0.8522953987121582
637,0.5563,0.8780487775802612
638,0.4831,0.884416937828064
639,0.5016,0.8820459246635437
640,0.4755,0.8871139287948608
641,0.3835,0.8995584845542908
642,0.4781,0.8848996758460999
643,0.3651,0.9147727489471436
644,0.5668,0.8803611993789673
645,0.4896,0.8809248805046082
646,0.4444,0.8997613191604614
647,0.4003,0.9126092195510864
648,0.4382,0.9018868207931519
649,0.3303,0.922879159450531
650,0.5045,0.8912429213523865
651,0.3407,0.9173582196235657
652,0.3279,0.932323694229126
653,0.2367,0.9452736377716064
654,0.3103,0.934323251247406
655,0.2885,0.9339285492897034
656,0.3205,0.9262759685516357
657,0.3317,0.9309462904930115
658,0.3716,0.9201342463493347
659,0.55,0.8621755242347717
660,0.2979,0.9343794584274292
661,0.4255,0.9050241112709045
662,0.3293,0.9289855360984802
663,0.388,0.9244868159294128
664,0.4124,0.907289445400238
665,0.5192,0.8834951519966125
666,0.5555,0.865641713142395
667,0.5149,0.8781911134719849
668,0.3342,0.9273743033409119
669,0.4162,0.9102760553359985
670,0.5358,0.8781388401985168
671,0.4616,0.9098497629165649
672,0.395,0.9032527208328247
673,0.6051,0.8616106510162354
674,0.3636,0.9193689823150635
675,0.3914,0.9108825922012329
676,0.396,0.9005235433578491
677,0.4837,0.8981233239173889
678,0.5043,0.8812664747238159
679,0.3684,0.9103139042854309
680,0.4867,0.8922529220581055
681,0.5624,0.8639575839042664
682,0.523,0.8763736486434937
683,0.542,0.8778846263885498
684,0.4936,0.8886792659759521
685,0.5194,0.8867376446723938
686,0.3346,0.9204893112182617
687,0.5248,0.8752455711364746
688,0.3522,0.9185423254966736
689,0.4374,0.9034335017204285
690,0.4387,0.8979591727256775
691,0.414,0.899891197681427
692,0.4636,0.898566722869873
693,0.477,0.900564968585968
694,0.4354,0.9010123610496521
695,0.4673,0.8912280797958374
696,0.4721,0.8970588445663452
697,0.4196,0.9043062329292297
698,0.4299,0.899149477481842
699,0.496,0.8965951800346375
700,0.3689,0.9090909361839294
701,0.258,0.9382485151290894
702,0.3099,0.9285352230072021
703,0.336,0.9223393797874451
704,0.2972,0.9357638955116272
705,0.2461,0.9497135877609253
706,0.2607,0.9457606077194214
707,0.2331,0.9450847506523132
708,0.5565,0.9014360308647156
709,0.4128,0.9098684191703796
710,0.4105,0.9102384448051453
711,0.6598,0.8664921522140503
712,0.5063,0.8875255584716797
713,0.3901,0.915680468082428
714,0.4194,0.9052558541297913
715,0.4017,0.9083333611488342
716,0.4643,0.8957239389419556
717,0.5798,0.8556034564971924
718,0.4589,0.8874120116233826
719,0.3458,0.9236514568328857
720,0.353,0.9180722832679749
721,0.4274,0.9047619104385376
722,0.4448,0.9028716087341309
723,0.4377,0.9040767550468445
724,0.3499,0.917553186416626
725,0.3753,0.9107452630996704
726,0.4309,0.9207729697227478
727,0.4965,0.8860656023025513
728,0.3479,0.9160377383232117
729,0.3976,0.907207190990448
730,0.4512,0.910531222820282
731,0.487,0.8798617124557495
732,0.5991,0.8546409606933594
733,0.5852,0.8699472546577454
734,0.4036,0.9066666960716248
735,0.5641,0.8858998417854309
736,0.4562,0.9053254723548889
737,0.4458,0.9036144614219666
738,0.5258,0.8940809965133667
739,0.5437,0.8827800750732422
740,0.5345,0.8755186796188354
741,0.4036,0.9003285765647888
742,0.4783,0.8961748480796814
743,0.394,0.9131944179534912
744,0.453,0.8952062726020813
745,0.5394,0.8826237320899963
746,0.48,0.894797682762146
747,0.4308,0.8996458053588867
748,0.4227,0.9165562987327576
749,0.385,0.908857524394989
750,0.3612,0.9203413724899292
751,0.3284,0.9214445352554321
752,0.4663,0.8928080797195435
753,0.3528,0.9165829420089722
754,0.3074,0.9287749528884888
755,0.3228,0.9273312091827393
756,0.3169,0.9177997708320618
757,0.4178,0.9102401733398438
758,0.2738,0.9353333115577698
759,0.3968,0.9021447896957397
760,0.3578,0.917987585067749
761,0.304,0.9310099482536316
762,0.367,0.9165467619895935
763,0.4363,0.9053857326507568
764,0.4961,0.8853641152381897
765,0.3204,0.9202898740768433
766,0.3066,0.9300987124443054
767,0.3907,0.9083790183067322
768,0.4649,0.8982402682304382
769,0.3169,0.931034505367279
770,0.4268,0.9052368998527527
771,0.4279,0.905754804611206
772,0.3931,0.9092437028884888
773,0.6114,0.8608287572860718
774,0.423,0.9067944288253784
775,0.4573,0.8883161544799805
776,0.5988,0.8666127920150757
777,0.4518,0.9019442200660706
778,0.553,0.865004301071167
779,0.3983,0.9182509779930115
780,0.4297,0.9013961553573608
781,0.4699,0.8805031180381775
782,0.3442,0.9174977540969849
783,0.4611,0.8805394768714905
784,0.6041,0.8656163215637207
785,0.4944,0.8997049927711487
786,0.5115,0.8796389102935791
787,0.4255,0.8927507400512695
788,0.4925,0.8777555227279663
789,0.3851,0.9123173356056213
790,0.4796,0.8806451559066772
791,0.4419,0.8839190602302551
792,0.4865,0.8799999952316284
793,0.3621,0.91904217004776
794,0.4352,0.8937644362449646
795,0.4139,0.9070847630500793
796,0.4304,0.8838559985160828
797,0.4735,0.8929440379142761
798,0.3554,0.9157372713088989
799,0.4569,0.8946047425270081
800,0.3203,0.9212034344673157
801,0.322,0.924262285232544
802,0.3436,0.9293302297592163
803,0.2918,0.937019944190979
804,0.2563,0.9518879652023315
805,0.298,0.9298572540283203
806,0.2304,0.959433376789093
807,0.3397,0.9275456666946411
808,0.3706,0.9182724356651306
809,0.4011,0.9206566214561462
810,0.3079,0.9402214288711548
811,0.4425,0.9023383855819702
812,0.3429,0.927107036113739
813,0.2822,0.9378930926322937
814,0.4146,0.90392005443573
815,0.4773,0.8857345581054688
816,0.3593,0.9239720702171326
817,0.3652,0.9151321053504944
818,0.3922,0.9082202911376953
819,0.5224,0.8764045238494873
820,0.4523,0.8939144611358643
821,0.4484,0.8926598429679871
822,0.3496,0.928947389125824
823,0.4506,0.8919141888618469
824,0.4305,0.8957428336143494
825,0.476,0.89397794008255
826,0.4743,0.8930762410163879
827,0.5713,0.8654924035072327
828,0.4751,0.8906386494636536
829,0.4991,0.8802698254585266
830,0.4523,0.8976660966873169
831,0.4356,0.8990740776062012
832,0.5326,0.8807829022407532
833,0.5686,0.8662477731704712
834,0.4317,0.8927911520004272
835,0.48,0.8980769515037537
836,0.4945,0.8816169500350952
837,0.4396,0.9018464684486389
838,0.4667,0.8876739740371704
839,0.4558,0.9036885499954224
840,0.3884,0.9140461087226868
841,0.3758,0.9027026891708374
842,0.4681,0.8983783721923828
843,0.444,0.9067702293395996
844,0.4345,0.9026047587394714
845,0.4057,0.9074941277503967
846,0.4539,0.9032257795333862
847,0.4132,0.9158768057823181
848,0.4512,0.9134860038757324
849,0.3683,0.915208637714386
850,0.4808,0.8990963697433472
851,0.176,0.9573495984077454
852,0.3006,0.9296296238899231
853,0.3372,0.9245283007621765
854,0.2327,0.9528193473815918
855,0.2984,0.934664249420166
856,0.2874,0.9352692365646362
857,0.264,0.9409975409507751
858,0.3197,0.9334239363670349
859,0.3592,0.918064534664154
860,0.4687,0.8885329961776733
861,0.4205,0.9136884808540344
862,0.3412,0.9253314733505249
863,0.3798,0.9104372262954712
864,0.3426,0.9220389723777771
865,0.4551,0.897884726524353
866,0.5025,0.890093982219696
867,0.3116,0.9206978678703308
868,0.5619,0.8724489808082581
869,0.392,0.9124709367752075
870,0.3691,0.9213114976882935
871,0.2872,0.9397794604301453
872,0.4854,0.8862370848655701
873,0.4427,0.9043261408805847
874,0.4802,0.8975409865379333
875,0.4304,0.9118387699127197
876,0.4764,0.8984237909317017
877,0.4803,0.8819157481193542
878,0.5032,0.8855633735656738
879,0.4008,0.9096834063529968
880,0.5036,0.8818565607070923
881,0.536,0.8835979104042053
882,0.4533,0.8878260850906372
883,0.4091,0.8961538672447205
884,0.6727,0.8598901033401489
885,0.4572,0.8956611752510071
886,0.4956,0.8817097544670105
887,0.448,0.8951048851013184
888,0.4515,0.8941642045974731
889,0.3717,0.914826512336731
890,0.4107,0.9032901525497437
891,0.5308,0.8796992301940918
892,0.5909,0.8703319430351257
893,0.5058,0.8841530084609985
894,0.5011,0.8943819999694824
895,0.3923,0.8977011442184448
896,0.4108,0.9079254269599915
897,0.4671,0.8855421543121338
898,0.4381,0.9038224220275879
899,0.4657,0.8828715085983276
900,0.4063,0.9034013748168945
901,0.2022,0.9495959877967834
902,0.2941,0.9374353885650635
903,0.3218,0.9222221970558167
904,0.2219,0.9472422003746033
905,0.3339,0.9287382960319519
906,0.2494,0.9469790458679199
907,0.2866,0.9433121085166931
908,0.3943,0.9108527302742004
909,0.4446,0.8914879560470581
910,0.4634,0.8929961323738098
911,0.3616,0.9236804842948914
912,0.3813,0.9148618578910828
913,0.2468,0.9450980424880981
914,0.4284,0.8985507488250732
915,0.3108,0.9274570941925049
916,0.3593,0.9142419695854187
917,0.3617,0.919935941696167
918,0.5313,0.8806427121162415
919,0.4639,0.8974943161010742
920,0.4717,0.8943338394165039
921,0.4188,0.9052795171737671
922,0.4753,0.89552241563797
923,0.4144,0.9084745645523071
924,0.5609,0.882022500038147
925,0.447,0.8919368386268616
926,0.3693,0.9156728982925415
927,0.4695,0.9034676551818848
928,0.3756,0.9137148261070251
929,0.4981,0.8927335739135742
930,0.4618,0.8911870718002319
931,0.4214,0.9014466404914856
932,0.4857,0.8980952501296997
933,0.433,0.8989412784576416
934,0.4774,0.8874296545982361
935,0.5591,0.8791821599006653
936,0.5072,0.8836509585380554
937,0.5233,0.8694798946380615
938,0.3909,0.9022177457809448
939,0.4653,0.8959660530090332
940,0.4139,0.8961578607559204
941,0.5224,0.880081295967102
942,0.4464,0.899350643157959
943,0.4709,0.8936170339584351
944,0.4789,0.8830022215843201
945,0.3425,0.9260563254356384
946,0.4195,0.901442289352417
947,0.4021,0.8928150534629822
948,0.5213,0.884093701839447
949,0.5034,0.8883312344551086
950,0.3656,0.9201680421829224
951,0.1953,0.9595922827720642
952,0.2092,0.9534288644790649
953,0.3704,0.9192307591438293
954,0.2242,0.9512492418289185
955,0.3508,0.914544403553009
956,0.3855,0.9061771631240845
957,0.2631,0.9471248984336853
958,0.4422,0.896774172782898
959,0.3318,0.9267956018447876
960,0.4457,0.9008707404136658
961,0.4651,0.8970381021499634
962,0.3837,0.9224199056625366
963,0.2662,0.9457928538322449
964,0.3388,0.9181197881698608
965,0.4327,0.9062038660049438
966,0.3868,0.9166029095649719
967,0.4181,0.9072948098182678
968,0.4453,0.8995984196662903
969,0.4847,0.886867105960846
970,0.5314,0.8813688158988953
971,0.4368,0.9042471051216125
972,0.4561,0.8979591727256775
973,0.537,0.8842364549636841
974,0.5078,0.8817204236984253
975,0.3647,0.9102674722671509
976,0.6358,0.8621533513069153
977,0.532,0.8644351363182068
978,0.3394,0.9122340679168701
979,0.4887,0.878923773765564
980,0.505,0.8815208077430725
981,0.4129,0.9012229442596436
982,0.4643,0.8905380368232727
983,0.335,0.9246031641960144
984,0.4846,0.884313702583313
985,0.3601,0.9176587462425232
986,0.5403,0.8770949840545654
987,0.4877,0.8934262990951538
988,0.5712,0.8726738691329956
989,0.4383,0.8983228802680969
990,0.4928,0.8934850096702576
991,0.2491,0.9343148469924927
992,0.4427,0.9058441519737244
993,0.3613,0.9056179523468018
994,0.3583,0.911057710647583
995,0.3663,0.9158986210823059
996,0.3549,0.9251207709312439
997,0.4635,0.9029483795166016
998,0.4236,0.9079117774963379
999,0.3704,0.9133333563804626
1000,0.2951,0.9279538989067078
1001,0.3244,0.9278688430786133
1002,0.2992,0.9295175075531006
1003,0.2215,0.9585129022598267
1004,0.2726,0.9362549781799316
1005,0.2367,0.9488958716392517
1006,0.2464,0.9471365809440613
1007,0.3496,0.9265757203102112
1008,0.5764,0.8749244809150696
1009,0.3776,0.9148370027542114
1010,0.4294,0.9098976254463196
1011,0.3068,0.9250883460044861
1012,0.4335,0.9118692278862
1013,0.2724,0.9285176992416382
1014,0.4293,0.9076809287071228
1015,0.4592,0.8938506841659546
1016,0.4392,0.8996390104293823
1017,0.3166,0.9346774220466614
1018,0.3759,0.9209726452827454
1019,0.5378,0.8738872408866882
1020,0.3816,0.9112377762794495
1021,0.3771,0.9177057147026062
1022,0.4656,0.8953301310539246
1023,0.2418,0.9495412707328796
1024,0.3068,0.9302752017974854
1025,0.4335,0.9046822786331177
1026,0.4391,0.9060579538345337
1027,0.34,0.9215686321258545
1028,0.4152,0.8935986161231995
1029,0.4027,0.900355875492096
1030,0.4356,0.8872113823890686
1031,0.4466,0.8990991115570068
1032,0.5161,0.8806767463684082
1033,0.4304,0.9014084339141846
1034,0.606,0.8678733110427856
1035,0.4645,0.8904761672019958
1036,0.5597,0.8758293986320496
1037,0.4989,0.8785046935081482
1038,0.4662,0.8943662047386169
1039,0.5422,0.8648384213447571
1040,0.4397,0.9137380123138428
1041,0.4415,0.8898128867149353
1042,0.4271,0.9082969427108765
1043,0.4513,0.8849161863327026
1044,0.4936,0.899092972278595
1045,0.4713,0.8909090757369995
1046,0.45,0.8939759135246277
1047,0.4162,0.8986402750015259
1048,0.3498,0.9173967242240906
1049,0.3179,0.929801344871521
1050,0.3035,0.9288762211799622
1051,0.3647,0.9118759632110596
1052,0.2822,0.9394372701644897
1053,0.2039,0.9593182802200317
1054,0.2413,0.9481267929077148
1055,0.3427,0.9117646813392639
1056,0.3344,0.933163583278656
1057,0.3942,0.9222152829170227
1058,0.4987,0.8901660442352295
1059,0.3312,0.932671844959259
1060,0.316,0.92767733335495
1061,0.3068,0.9313087463378906
1062,0.2953,0.9313432574272156
1063,0.4521,0.9016162753105164
1064,0.6147,0.8537216782569885
1065,0.3188,0.9344012141227722
1066,0.4558,0.8940058350563049
1067,0.3531,0.9166666865348816
1068,0.3382,0.920195460319519
1069,0.4339,0.9078844785690308
1070,0.398,0.9064692258834839
1071,0.4861,0.8902243375778198
1072,0.5196,0.8781954646110535
1073,0.3838,0.9067656993865967
1074,0.3298,0.9304577708244324
1075,0.4443,0.8971088528633118
1076,0.4693,0.8933884501457214
1077,0.3735,0.9069767594337463
1078,0.4469,0.8919382691383362
1079,0.5272,0.872026264667511
1080,0.5356,0.8762542009353638
1081,0.309,0.9280303120613098
1082,0.4276,0.9078138470649719
1083,0.4225,0.893369197845459
1084,0.4017,0.8983209133148193
1085,0.596,0.8585322499275208
1086,0.4545,0.8978805541992188
1087,0.4301,0.8999999761581421
1088,0.4479,0.8903826475143433
1089,0.5103,0.878000020980835
1090,0.4838,0.886117160320282
1091,0.3701,0.9173272848129272
1092,0.4454,0.8996728658676147
1093,0.4592,0.9040178656578064
1094,0.4005,0.9051339030265808
1095,0.5115,0.8871151804924011
1096,0.4912,0.8877434134483337
1097,0.4028,0.9134146571159363
1098,0.4594,0.9121951460838318
1099,0.4085,0.9155107140541077
1100,0.4506,0.8970792889595032
1101,0.5023,0.8918225169181824
1102,0.2207,0.9548209309577942
1103,0.2429,0.949999988079071
1104,0.3067,0.9298561215400696
1105,0.3614,0.9308671951293945
1106,0.246,0.9416775703430176
1107,0.3595,0.9265003204345703
1108,0.3423,0.9180216789245605
1109,0.2336,0.9550072550773621
1110,0.467,0.8951781988143921
1111,0.2837,0.9339622855186462
1112,0.4012,0.9032490849494934
1113,0.3436,0.9212481379508972
1114,0.4356,0.8991531729698181
1115,0.3779,0.9139551520347595
1116,0.4859,0.8907185792922974
1117,0.3231,0.9374457001686096
1118,0.3041,0.931034505367279
1119,0.4688,0.8866301774978638
1120,0.4325,0.9097744226455688
1121,0.4209,0.9005059003829956
1122,0.3947,0.9153122305870056
1123,0.4908,0.8796747922897339
1124,0.468,0.8913764357566833
1125,0.3468,0.9259927868843079
1126,0.4035,0.8988361954689026
1127,0.4807,0.8842195272445679
1128,0.5796,0.87424635887146
1129,0.4209,0.8986135125160217
1130,0.4571,0.9025686383247375
1131,0.4099,0.9059674739837646
1132,0.4163,0.9035176038742065
1133,0.4622,0.8871892690658569
1134,0.4634,0.9011406898498535
1135,0.4563,0.8813247680664062
1136,0.5278,0.8881388902664185
1137,0.3967,0.9091816544532776
1138,0.4959,0.8755102157592773
1139,0.3434,0.9208333492279053
1140,0.3785,0.9131402969360352
1141,0.4472,0.899789035320282
1142,0.4559,0.8950819969177246
1143,0.3641,0.9166666865348816
1144,0.475,0.8910112380981445
1145,0.471,0.8923253417015076
1146,0.3987,0.9128386378288269
1147,0.4404,0.9049999713897705
1148,0.4595,0.8931676745414734
1149,0.4,0.9237611293792725
1150,0.4181,0.9004207849502563
1151,0.2904,0.934858500957489
1152,0.2214,0.9480705261230469
1153,0.3139,0.9393258690834045
1154,0.2076,0.9554263353347778
1155,0.2923,0.939130425453186
1156,0.2769,0.9440154433250427
1157,0.3297,0.9316644072532654
1158,0.2353,0.9423347115516663
1159,0.3061,0.9319631457328796
1160,0.3606,0.9170153141021729
1161,0.3455,0.9179157614707947
1162,0.2505,0.9442322254180908
1163,0.3425,0.9227272868156433
1164,0.405,0.8993993997573853
1165,0.4457,0.9025641083717346
1166,0.3806,0.9203187227249146
1167,0.5371,0.8772960901260376
1168,0.275,0.9433962106704712
1169,0.5502,0.8767885565757751
1170,0.404,0.9147350788116455
1171,0.4733,0.8916139006614685
1172,0.4209,0.9022801518440247
1173,0.2793,0.9396471977233887
1174,0.3904,0.9130434989929199
1175,0.4045,0.902953565120697
1176,0.5192,0.8731707334518433
1177,0.3903,0.9177718758583069
1178,0.3965,0.9059907793998718
1179,0.5586,0.8693035244941711
1180,0.5242,0.8821966052055359
1181,0.4357,0.898510217666626
1182,0.5137,0.8821362853050232
1183,0.4125,0.9061611294746399
1184,0.3902,0.9142572283744812
1185,0.477,0.8782287836074829
1186,0.3815,0.9158415794372559
1187,0.4501,0.8899253606796265
1188,0.3651,0.9152016639709473
1189,0.6493,0.8522167205810547
1190,0.4498,0.8868501782417297
1191,0.4747,0.896236002445221
1192,0.4167,0.9026257991790771
1193,0.5299,0.8747323155403137
1194,0.4986,0.8866442441940308
1195,0.4796,0.8920780420303345
1196,0.4141,0.9034482836723328
1197,0.4622,0.9046511650085449
1198,0.5334,0.8883720636367798
1199,0.4264,0.9103362560272217
1200,0.4048,0.9146515130996704
1201,0.1835,0.9551414847373962
1202,0.2265,0.9517701268196106
1203,0.2274,0.9523809552192688
1204,0.3235,0.929893434047699
1205,0.3118,0.9361302256584167
1206,0.3385,0.9230769276618958
1207,0.2611,0.9488010406494141
1208,0.2392,0.9452247023582458
1209,0.4381,0.8953045606613159
1210,0.3011,0.9343814253807068
1211,0.2586,0.9453750848770142
1212,0.374,0.9098196625709534
1213,0.273,0.9390977621078491
1214,0.2929,0.9394165873527527
1215,0.3778,0.920920193195343
1216,0.415,0.9047965407371521
1217,0.4352,0.9050112366676331
1218,0.4632,0.9027982354164124
1219,0.3754,0.915504515171051
1220,0.3966,0.9077901244163513
1221,0.4563,0.8946576118469238
1222,0.3216,0.9282137155532837
1223,0.3928,0.9151712656021118
1224,0.3409,0.9170812368392944
1225,0.4207,0.9106098413467407
1226,0.411,0.9024597406387329
1227,0.3471,0.9317561388015747
1228,0.4269,0.8998194932937622
1229,0.4459,0.9001736044883728
1230,0.5075,0.8859649300575256
1231,0.3738,0.9193548560142517
1232,0.5017,0.8790909051895142
1233,0.3318,0.9192913174629211
1234,0.4843,0.8941059112548828
1235,0.4305,0.9002848863601685
1236,0.4547,0.8864077925682068
1237,0.3402,0.914547324180603
1238,0.4941,0.8837890625
1239,0.4297,0.8914572596549988
1240,0.4376,0.9035269618034363
1241,0.3253,0.9221218824386597
1242,0.374,0.9138121604919434
1243,0.4892,0.8917410969734192
1244,0.472,0.8930180072784424
1245,0.4365,0.8924855589866638
1246,0.3721,0.9187192320823669
1247,0.4216,0.9054373502731323
1248,0.3616,0.9313725233078003
1249,0.4468,0.9033079147338867
1250,0.326,0.9255474209785461
1251,0.3195,0.929020345211029
1252,0.2713,0.9446980953216553
1253,0.2918,0.9435438513755798
1254,0.2127,0.9503931999206543
1255,0.2769,0.9356833696365356
1256,0.2863,0.9364272356033325
1257,0.4399,0.9027595520019531
1258,0.2183,0.955682635307312
1259,0.2774,0.925341010093689
1260,0.3245,0.9251559376716614
1261,0.3023,0.9384835362434387
1262,0.4118,0.9094707369804382
1263,0.2896,0.9370370507240295
1264,0.3865,0.9263080358505249
1265,0.459,0.9030261635780334
1266,0.2131,0.9535256624221802
1267,0.5387,0.878830075263977
1268,0.3673,0.9206106662750244
1269,0.2942,0.9430962204933167
1270,0.3827,0.9280070066452026
1271,0.3608,0.916459858417511
1272,0.3917,0.9065269827842712
1273,0.3952,0.901442289352417
1274,0.3776,0.9138839840888977
1275,0.4925,0.8792423009872437
1276,0.4324,0.8946078419685364
1277,0.4208,0.9014567136764526
1278,0.3496,0.9165902733802795
1279,0.51,0.8844797015190125
1280,0.4656,0.8981063961982727
1281,0.4727,0.8884792923927307
1282,0.3961,0.9021113514900208
1283,0.4853,0.8872594237327576
1284,0.347,0.9115913510322571
1285,0.375,0.9084712862968445
1286,0.5494,0.8730450868606567
1287,0.4022,0.9098196625709534
1288,0.461,0.8937621712684631
1289,0.4754,0.8864321708679199
1290,0.4632,0.8990731239318848
1291,0.4395,0.8956989049911499
1292,0.4175,0.9034028649330139
1293,0.4462,0.8903654217720032
1294,0.4457,0.9052397012710571
1295,0.3955,0.9040462374687195
1296,0.3783,0.9081015586853027
1297,0.5463,0.8843861818313599
1298,0.3852,0.9150823950767517
1299,0.4197,0.9192938208580017
1300,0.355,0.9121813178062439
1301,0.2186,0.9533855319023132
1302,0.2458,0.9494485259056091
1303,0.2429,0.950106143951416
1304,0.3371,0.9210093021392822
1305,0.2672,0.9354838728904724
1306,0.2874,0.9367167949676514
1307,0.2847,0.9439124464988708
1308,0.4483,0.9033752679824829
1309,0.3846,0.9096509218215942
1310,0.4611,0.88698410987854
1311,0.392,0.9150943160057068
1312,0.485,0.891444981098175
1313,0.3086,0.9203158617019653
1314,0.4255,0.9089574217796326
1315,0.4705,0.8807212114334106
1316,0.358,0.9175424575805664
1317,0.3944,0.9134396314620972
1318,0.3916,0.9066767692565918
1319,0.4277,0.910588264465332
1320,0.3566,0.9187192320823669
1321,0.3303,0.9163214564323425
1322,0.4112,0.9100236892700195
1323,0.3176,0.9280138611793518
1324,0.4132,0.9195597171783447
1325,0.3817,0.8992000222206116
1326,0.4207,0.9120974540710449
1327,0.5475,0.8673139214515686
1328,0.3802,0.9142857193946838
1329,0.3083,0.927943766117096
1330,0.5373,0.8863232731819153
1331,0.4523,0.893284261226654
1332,0.4225,0.9111514091491699
1333,0.361,0.9171375036239624
1334,0.413,0.9154135584831238
1335,0.359,0.916015625
1336,0.4679,0.8878235816955566
1337,0.4721,0.9055501222610474
1338,0.5529,0.8711240291595459
1339,0.4842,0.8945233225822449
1340,0.4517,0.895277202129364
1341,0.4237,0.9065520763397217
1342,0.4118,0.91629958152771
1343,0.4855,0.8852631449699402
1344,0.4132,0.9060402512550354
1345,0.4137,0.8905192017555237
1346,0.2684,0.9487179517745972
1347,0.3515,0.9155609011650085
1348,0.4266,0.913730263710022
1349,0.4368,0.8977556228637695
1350,0.3678,0.9234104156494141
1351,0.1373,0.9690571427345276
1352,0.1818,0.9610328674316406
1353,0.2511,0.9440083503723145
1354,0.2758,0.9390835762023926
1355,0.3202,0.9202694892883301
1356,0.2619,0.9450549483299255
1357,0.3176,0.9252336621284485
1358,0.3092,0.939936101436615
1359,0.3892,0.9075907468795776
1360,0.2808,0.9491404294967651
1361,0.3484,0.9236640930175781
1362,0.2019,0.9543147087097168
1363,0.3437,0.9309560060501099
1364,0.4147,0.9117013812065125
1365,0.3389,0.9369582533836365
1366,0.3304,0.9378980994224548
1367,0.2713,0.9438110589981079
1368,0.3496,0.9231975078582764
1369,0.4015,0.9025521874427795
1370,0.4181,0.8934550881385803
1371,0.4177,0.9010375142097473
1372,0.3878,0.910008430480957
1373,0.3866,0.9162956476211548
1374,0.5129,0.8885272741317749
1375,0.4622,0.9037162065505981
1376,0.3795,0.9116360545158386
1377,0.3396,0.9173194169998169
1378,0.3373,0.9281663298606873
1379,0.4401,0.8959044218063354
1380,0.5108,0.8819983005523682
1381,0.3435,0.9178605675697327
1382,0.4368,0.8896104097366333
1383,0.4385,0.8990740776062012
1384,0.5163,0.8814949989318848
1385,0.4949,0.8884688019752502
1386,0.4591,0.8878235816955566
1387,0.4542,0.888454020023346
1388,0.4453,0.9046652913093567
1389,0.4139,0.9018142819404602
1390,0.4095,0.9107332825660706
1391,0.4614,0.9051172733306885
1392,0.4586,0.8941299915313721
1393,0.377,0.9136212468147278
1394,0.452,0.8945005536079407
1395,0.3892,0.9156069159507751
1396,0.4322,0.9100591540336609
1397,0.3872,0.9160756468772888
1398,0.3792,0.9045345783233643
1399,0.4797,0.8994975090026855
1400,0.4052,0.916312038898468
1401,0.1526,0.9654297232627869
1402,0.1748,0.9632023572921753
1403,0.3314,0.9281740188598633
1404,0.2569,0.9453303217887878
1405,0.2742,0.9360535740852356
1406,0.3277,0.934725821018219
1407,0.4157,0.9059040546417236
1408,0.3986,0.9080100059509277
1409,0.4104,0.9066073894500732
1410,0.3737,0.9246059060096741
1411,0.2778,0.9361249208450317
1412,0.3128,0.9342688322067261
1413,0.2833,0.946441650390625
1414,0.3335,0.9278273582458496
1415,0.3492,0.9166666865348816
1416,0.2783,0.9431728720664978
1417,0.2244,0.950647234916687
1418,0.5395,0.8893772959709167
1419,0.3956,0.9098746180534363
1420,0.4586,0.8895478248596191
1421,0.4076,0.9125816822052002
1422,0.3857,0.9157631397247314
1423,0.5159,0.8979763984680176
1424,0.3406,0.915986955165863
1425,0.4252,0.9028961062431335
1426,0.5153,0.8760921359062195
1427,0.512,0.8887966871261597
1428,0.378,0.9232192635536194
1429,0.3622,0.917286217212677
1430,0.3162,0.9300566911697388
1431,0.4501,0.8959107995033264
1432,0.4338,0.8972406983375549
1433,0.3271,0.9287148714065552
1434,0.5391,0.8810861706733704
1435,0.3487,0.9151696562767029
1436,0.4152,0.9125127196311951
1437,0.551,0.8878695368766785
1438,0.4564,0.9033570885658264
1439,0.4308,0.9097995758056641
1440,0.4062,0.8999999761581421
1441,0.3568,0.9194414615631104
1442,0.4128,0.907608687877655
1443,0.4357,0.897777795791626
1444,0.3504,0.9177438020706177
1445,0.4355,0.8954171538352966
1446,0.3963,0.9116945266723633
1447,0.5367,0.8742655515670776
1448,0.3297,0.9165629148483276
1449,0.3317,0.9291236996650696
1450,0.3892,0.9055232405662537
1451,0.2133,0.950560986995697
1452,0.162,0.9646539092063904
1453,0.2622,0.9410526156425476
1454,0.2978,0.943499743938446
1455,0.1961,0.9561753273010254
1456,0.3334,0.9269042015075684
1457,0.2364,0.9463350772857666
1458,0.4984,0.8851981163024902
1459,0.3914,0.9122112393379211
1460,0.3852,0.9108108282089233
1461,0.4276,0.9032697677612305
1462,0.4876,0.9031358957290649
1463,0.3292,0.925000011920929
1464,0.3996,0.9137199521064758
1465,0.5271,0.8907801508903503
1466,0.447,0.9083269834518433
1467,0.2796,0.9329608678817749
1468,0.3511,0.9200968742370605
1469,0.4338,0.8956587910652161
1470,0.4371,0.902567982673645
1471,0.4229,0.9113029837608337
1472,0.4433,0.8981555700302124
1473,0.3716,0.9131944179534912
1474,0.5285,0.8685800433158875
1475,0.4542,0.892827033996582
1476,0.3704,0.9148745536804199
1477,0.2832,0.9373865723609924
1478,0.3686,0.9230769276618958
1479,0.3718,0.9262295365333557
1480,0.4263,0.9117133021354675
1481,0.4042,0.901482105255127
1482,0.3825,0.9141221642494202
1483,0.3326,0.9287863373756409
1484,0.3752,0.9065777063369751
1485,0.523,0.8792006969451904
1486,0.4506,0.899193525314331
1487,0.3652,0.9127382040023804
1488,0.4209,0.901283323764801
1489,0.386,0.9129989743232727
1490,0.5249,0.890781581401825
1491,0.3913,0.9153845906257629
1492,0.4309,0.9050772786140442
1493,0.4201,0.9037837982177734
1494,0.3584,0.9124578833580017
1495,0.4106,0.9075342416763306
1496,0.4692,0.8934707641601562
1497,0.4249,0.9051918983459473
1498,0.4461,0.9055944085121155
1499,0.4925,0.885817289352417
1500,0.3759,0.9198369383811951
1501,0.3149,0.9254551529884338
1502,0.263,0.9414101243019104
1503,0.1773,0.9618884921073914
1504,0.3462,0.9252282977104187
1505,0.223,0.9552429914474487
1506,0.2279,0.9529104232788086
1507,0.2451,0.9455511569976807
1508,0.3469,0.9320859313011169
1509,0.2895,0.9438596367835999
1510,0.3666,0.9254046678543091
1511,0.4071,0.8993839621543884
1512,0.3354,0.9205574989318848
1513,0.4576,0.8969866633415222
1514,0.3048,0.9336493015289307
1515,0.427,0.9072091579437256
1516,0.3943,0.920428454875946
1517,0.3331,0.9304987788200378
1518,0.5206,0.8779783248901367
1519,0.4792,0.8840687870979309
1520,0.4123,0.8956127166748047
1521,0.2838,0.9390347003936768
1522,0.28,0.9408181309700012
1523,0.586,0.8649885654449463
1524,0.3417,0.9240068793296814
1525,0.3537,0.914260745048523
1526,0.4554,0.8964076638221741
1527,0.399,0.9071803689002991
1528,0.322,0.9228650331497192
1529,0.3704,0.9162113070487976
1530,0.4634,0.90625
1531,0.4436,0.8921568393707275
1532,0.3768,0.9075630307197571
1533,0.4121,0.9111747741699219
1534,0.3967,0.9069286584854126
1535,0.4002,0.9070000052452087
1536,0.4633,0.8857432007789612
1537,0.3093,0.9280343651771545
1538,0.3684,0.9068255424499512
1539,0.4114,0.9120762944221497
1540,0.438,0.8972457647323608
1541,0.4112,0.898924708366394
1542,0.4551,0.9017142653465271
1543,0.2784,0.9357143044471741
1544,0.3786,0.9141243100166321
1545,0.4088,0.9228070378303528
1546,0.3458,0.9136690497398376
1547,0.4043,0.9043583273887634
1548,0.5041,0.8978829383850098
1549,0.464,0.9012820720672607
1550,0.3874,0.9132353067398071
1551,0.2006,0.9518023729324341
1552,0.3291,0.9337539672851562
1553,0.3089,0.9247196912765503
1554,0.2425,0.9549206495285034
1555,0.337,0.9225690364837646
1556,0.289,0.9342359900474548
1557,0.2141,0.9544786810874939
1558,0.3986,0.9113333225250244
1559,0.3459,0.9130434989929199
1560,0.3459,0.9177989363670349
1561,0.3356,0.9276218414306641
1562,0.4236,0.9056732654571533
1563,0.3853,0.9216417670249939
1564,0.3355,0.9205297827720642
1565,0.3575,0.918458104133606
1566,0.3489,0.9164062738418579
1567,0.2831,0.9330143332481384
1568,0.2705,0.9416531324386597
1569,0.3919,0.9121725559234619
1570,0.4076,0.9108280539512634
1571,0.4097,0.9032787084579468
1572,0.364,0.9173765182495117
1573,0.5067,0.8928276896476746
1574,0.3311,0.9217625856399536
1575,0.4368,0.8975853323936462
1576,0.3345,0.9276486039161682
1577,0.2962,0.9168925285339355
1578,0.4886,0.8887000679969788
1579,0.4636,0.8866432309150696
1580,0.4913,0.8860103487968445
1581,0.457,0.8913624286651611
1582,0.4617,0.8978102207183838
1583,0.3643,0.9076034426689148
1584,0.4635,0.8918406367301941
1585,0.387,0.9018645882606506
1586,0.4613,0.8924731016159058
1587,0.35,0.9300912022590637
1588,0.363,0.9061876535415649
1589,0.4871,0.8926174640655518
1590,0.4201,0.9050567746162415
1591,0.4122,0.9059734344482422
1592,0.4264,0.9013015031814575
1593,0.3361,0.9183223247528076
1594,0.3661,0.9031531810760498
1595,0.3772,0.9049295783042908
1596,0.3784,0.9159663915634155
1597,0.3729,0.9076549410820007
1598,0.4559,0.9029374122619629
1599,0.3943,0.9108108282089233
1600,0.3995,0.9190031290054321
1601,0.3811,0.9094143509864807
1602,0.2394,0.9470616579055786
1603,0.1676,0.9627492427825928
1604,0.1575,0.9647727012634277
1605,0.2687,0.9415310621261597
1606,0.2654,0.9380037188529968
1607,0.1604,0.9621472954750061
1608,0.2713,0.9421265125274658
1609,0.3942,0.9192546606063843
1610,0.3489,0.9256198406219482
1611,0.3897,0.9159836173057556
1612,0.2764,0.9353869557380676
1613,0.46,0.8937805891036987
1614,0.451,0.9013581275939941
1615,0.2739,0.9271623492240906
1616,0.3293,0.9258687496185303
1617,0.3622,0.9176563620567322
1618,0.5102,0.8754499554634094
1619,0.349,0.9252782464027405
1620,0.6112,0.8780120611190796
1621,0.3635,0.9254098534584045
1622,0.3279,0.9314615726470947
1623,0.4803,0.8938775658607483
1624,0.3496,0.9236051440238953
1625,0.4691,0.9061488509178162
1626,0.3797,0.9131602644920349
1627,0.386,0.9177958369255066
1628,0.3825,0.9181985259056091
1629,0.4188,0.9073569774627686
1630,0.3987,0.9055604338645935
1631,0.3911,0.8984375
1632,0.3203,0.9276637434959412
1633,0.391,0.9026036858558655
1634,0.4709,0.8967803120613098
1635,0.4226,0.9080808162689209
1636,0.48,0.8877952694892883
1637,0.5475,0.8682243227958679
1638,0.4725,0.8944618701934814
1639,0.4342,0.9045225977897644
1640,0.3557,0.9246119856834412
1641,0.3646,0.9107332825660706
1642,0.4089,0.9013015031814575
1643,0.4103,0.902023434638977
1644,0.4566,0.8896175026893616
1645,0.4514,0.8997696042060852
1646,0.3936,0.920386016368866
1647,0.4383,0.9085510969161987
1648,0.4328,0.9039409160614014
1649,0.459,0.8993548154830933
1650,0.4397,0.9074627161026001
1651,0.5636,0.8813559412956238
1652,0.189,0.964198112487793
1653,0.2312,0.9494543075561523
1654,0.3104,0.9301310181617737
1655,0.3349,0.9260584115982056
1656,0.3338,0.920187771320343
1657,0.255,0.9368279576301575
1658,0.2958,0.9361979365348816
1659,0.3443,0.9227086305618286
1660,0.1943,0.9627699255943298
1661,0.3963,0.9153952598571777
1662,0.3677,0.9177489280700684
1663,0.2333,0.9483821392059326
1664,0.3342,0.9224923849105835
1665,0.4187,0.9015429615974426
1666,0.3421,0.9200304746627808
1667,0.521,0.8740536570549011
1668,0.5082,0.880317211151123
1669,0.5133,0.8853695392608643
1670,0.5742,0.8727545142173767
1671,0.465,0.8916666507720947
1672,0.3938,0.9015212059020996
1673,0.5095,0.8930041193962097
1674,0.4425,0.8975444436073303
1675,0.3553,0.9113043546676636
1676,0.4048,0.9011824131011963
1677,0.4236,0.9047619104385376
1678,0.3721,0.9177837371826172
1679,0.3899,0.9104477763175964
1680,0.5207,0.8799328207969666
1681,0.3214,0.9263862371444702
1682,0.3899,0.9043321013450623
1683,0.3881,0.9143407344818115
1684,0.4106,0.9119617342948914
1685,0.3893,0.9049429893493652
1686,0.4754,0.8795518279075623
1687,0.3567,0.9108808040618896
1688,0.4228,0.8992172479629517
1689,0.4589,0.8868120312690735
1690,0.4231,0.8983572721481323
1691,0.4397,0.8975712656974792
1692,0.581,0.8681318759918213
1693,0.4595,0.9007633328437805
1694,0.3928,0.900921642780304
1695,0.3827,0.9025229215621948
1696,0.3272,0.9266272187232971
1697,0.4131,0.9120095372200012
1698,0.4393,0.8932853937149048
1699,0.4479,0.9045751690864563
1700,0.4649,0.8969359397888184
1701,0.5614,0.8806636929512024
1702,0.2881,0.9334928393363953
1703,0.3109,0.9255595803260803
1704,0.2563,0.9413347840309143
1705,0.2845,0.9316338300704956
1706,0.2116,0.9519704580307007
1707,0.3239,0.9330855011940002
1708,0.3168,0.9259024858474731
1709,0.3122,0.9365187883377075
1710,0.3258,0.9307075142860413
1711,0.4071,0.9092783331871033
1712,0.2598,0.9380664825439453
1713,0.3075,0.9305970072746277
1714,0.292,0.9314368963241577
1715,0.3747,0.9173679947853088
1716,0.374,0.9162263870239258
1717,0.4919,0.8818249702453613
1718,0.3792,0.9137658476829529
1719,0.478,0.898330807685852
1720,0.4366,0.9073770642280579
1721,0.4447,0.8934681415557861
1722,0.3699,0.9051036834716797
1723,0.3465,0.9064000248908997
1724,0.6624,0.8498896360397339
1725,0.4198,0.9033306241035461
1726,0.3015,0.9350411891937256
1727,0.3352,0.923215925693512
1728,0.359,0.9161406755447388
1729,0.3414,0.9232209920883179
1730,0.4147,0.9176800847053528
1731,0.4334,0.8887850642204285
1732,0.4102,0.8947368264198303
1733,0.4202,0.9037178158760071
1734,0.4491,0.8943014740943909
1735,0.275,0.9320083856582642
1736,0.4635,0.8950437307357788
1737,0.4436,0.8947368264198303
1738,0.4559,0.9003148078918457
1739,0.4496,0.8975409865379333
1740,0.3876,0.9026737809181213
1741,0.5867,0.8787255883216858
1742,0.3153,0.929608941078186
1743,0.4053,0.9029126167297363
1744,0.3124,0.918552041053772
1745,0.3848,0.9076576828956604
1746,0.4417,0.8935185074806213
1747,0.3456,0.9218559265136719
1748,0.4331,0.8941736221313477
1749,0.4709,0.9040207266807556
1750,0.4466,0.8985915780067444
1751,0.1779,0.9556166529655457
1752,0.1623,0.9670050740242004
1753,0.2372,0.9440523982048035
1754,0.189,0.9595141410827637
1755,0.232,0.9492924809455872
1756,0.3538,0.9202598929405212
1757,0.2528,0.9442988038063049
1758,0.3046,0.9348255395889282
1759,0.2316,0.9475197792053223
1760,0.2299,0.9489942789077759
1761,0.2836,0.9392655491828918
1762,0.3022,0.9389705657958984
1763,0.3209,0.9318840503692627
1764,0.3159,0.9287974834442139
1765,0.4789,0.893059492111206
1766,0.4312,0.8979591727256775
1767,0.2577,0.9387755393981934
1768,0.445,0.9035890102386475
1769,0.4015,0.9112602472305298
1770,0.3206,0.9200000166893005
1771,0.391,0.9133175611495972
1772,0.3551,0.9200639724731445
1773,0.3737,0.9131832718849182
1774,0.3928,0.9170231223106384
1775,0.3205,0.9242798089981079
1776,0.368,0.9185558557510376
1777,0.4128,0.9006514549255371
1778,0.5432,0.8817021250724792
1779,0.2538,0.9425612092018127
1780,0.4384,0.8987341523170471
1781,0.422,0.9178321957588196
1782,0.3898,0.9048042893409729
1783,0.4444,0.8992869853973389
1784,0.4185,0.9069767594337463
1785,0.5275,0.8674588799476624
1786,0.4805,0.8744142651557922
1787,0.5184,0.8820662498474121
1788,0.4178,0.9086345434188843
1789,0.439,0.8915289044380188
1790,0.4085,0.9050050973892212
1791,0.5756,0.8700623512268066
1792,0.4771,0.88310307264328
1793,0.3749,0.9152348041534424
1794,0.3379,0.9131944179534912
1795,0.3693,0.9149941205978394
1796,0.285,0.9178571701049805
1797,0.3796,0.9047044515609741
1798,0.3918,0.9191542267799377
1799,0.3561,0.9261146783828735
1800,0.3067,0.9224599003791809
1801,0.3781,0.9147200584411621
1802,0.2074,0.9513002634048462
1803,0.2832,0.9445061087608337
1804,0.2317,0.952326238155365
1805,0.264,0.9447731971740723
1806,0.2867,0.9331532716751099
1807,0.3992,0.9078431129455566
1808,0.4085,0.9213181138038635
1809,0.3679,0.9185817241668701
1810,0.3787,0.9234620928764343
1811,0.3092,0.9296167492866516
1812,0.3339,0.9212481379508972
1813,0.3388,0.9322916865348816
1814,0.2929,0.9357585310935974
1815,0.4513,0.8919911980628967
1816,0.2425,0.9442131519317627
1817,0.3342,0.9222041964530945
1818,0.3901,0.9072243571281433
1819,0.4157,0.9061033129692078
1820,0.4557,0.8835821151733398
1821,0.2783,0.937117874622345
1822,0.4155,0.9006622433662415
1823,0.3203,0.9288811683654785
1824,0.3961,0.9061190485954285
1825,0.3732,0.9101321697235107
1826,0.3768,0.9157894849777222
1827,0.4742,0.8956289291381836
1828,0.4664,0.8955094814300537
1829,0.4,0.9079189896583557
1830,0.4121,0.9171321988105774
1831,0.4681,0.9004784822463989
1832,0.4972,0.8883025646209717
1833,0.3099,0.9250243306159973
1834,0.4346,0.9064609408378601
1835,0.3972,0.9129554629325867
1836,0.424,0.8923221230506897
1837,0.5038,0.8870000243186951
1838,0.5358,0.875
1839,0.3901,0.9066666960716248
1840,0.3332,0.9241757988929749
1841,0.5087,0.8857142925262451
1842,0.4322,0.9024122953414917
1843,0.4856,0.8892617225646973
1844,0.4593,0.894318163394928
1845,0.3394,0.9104829430580139
1846,0.3623,0.9152542352676392
1847,0.4207,0.9083431363105774
1848,0.3132,0.9219143390655518
1849,0.4105,0.9032257795333862
1850,0.4089,0.9193323850631714
1851,0.3406,0.9214640855789185
1852,0.2317,0.9498997926712036
1853,0.192,0.9651293754577637
1854,0.1849,0.9573487043380737
1855,0.2626,0.9440559148788452
1856,0.2908,0.9327160716056824
1857,0.3055,0.9289405941963196
1858,0.2754,0.9407806396484375
1859,0.2397,0.9498956203460693
1860,0.211,0.9509943127632141
1861,0.3137,0.9216494560241699
1862,0.34,0.9220871925354004
1863,0.3596,0.9163609743118286
1864,0.2106,0.9536163806915283
1865,0.3,0.9333333373069763
1866,0.417,0.9020729064941406
1867,0.3425,0.9202841520309448
1868,0.4278,0.9088872075080872
1869,0.3814,0.9115044474601746
1870,0.3826,0.9112709760665894
1871,0.2206,0.9461805820465088
1872,0.3783,0.9160728454589844
1873,0.4357,0.8967999815940857
1874,0.3342,0.9222707152366638
1875,0.3792,0.9085619449615479
1876,0.3702,0.9230088591575623
1877,0.4024,0.910008430480957
1878,0.5019,0.8765008449554443
1879,0.3521,0.9157801270484924
1880,0.3232,0.9270738363265991
1881,0.4209,0.9074733257293701
1882,0.474,0.8878424763679504
1883,0.43,0.8987455368041992
1884,0.3695,0.9165103435516357
1885,0.4031,0.9137104749679565
1886,0.3882,0.8969359397888184
1887,0.3334,0.9136690497398376
1888,0.3973,0.895405650138855
1889,0.3722,0.9052631855010986
1890,0.3619,0.915032684803009
1891,0.4589,0.8999999761581421
1892,0.4221,0.9013158082962036
1893,0.4179,0.9011764526367188
1894,0.4807,0.8983425498008728
1895,0.435,0.8943743109703064
1896,0.3342,0.922062337398529
1897,0.4835,0.8929411768913269
1898,0.4848,0.8871548771858215
1899,0.416,0.913965106010437
1900,0.393,0.9130434989929199
1901,0.261,0.9410393238067627
1902,0.1855,0.9572989344596863
1903,0.2256,0.9504310488700867
1904,0.1869,0.9593123197555542
1905,0.2301,0.9465602040290833
1906,0.2533,0.9511584043502808
1907,0.2465,0.9489334225654602
1908,0.3112,0.9295410513877869
1909,0.2762,0.9382550120353699
1910,0.3029,0.9357344508171082
1911,0.3126,0.9301496744155884
1912,0.2943,0.9281567335128784
1913,0.3596,0.9118667840957642
1914,0.2067,0.9598740935325623
1915,0.3142,0.9264384508132935
1916,0.3053,0.9377915859222412
1917,0.4015,0.9024389982223511
1918,0.4165,0.9110070466995239
1919,0.3453,0.9212023019790649
1920,0.3634,0.9154150485992432
1921,0.3558,0.9163907170295715
1922,0.4134,0.8976923227310181
1923,0.4665,0.8914979696273804
1924,0.3976,0.9074074029922485
1925,0.405,0.9030042886734009
1926,0.4382,0.9068375825881958
1927,0.4327,0.8936877250671387
1928,0.3755,0.9184587597846985
1929,0.3263,0.9243924617767334
1930,0.5106,0.8799313902854919
1931,0.4598,0.8999121785163879
1932,0.4975,0.8939393758773804
1933,0.403,0.9122468829154968
1934,0.4216,0.8906525373458862
1935,0.4543,0.8959318995475769
1936,0.3944,0.9195979833602905
1937,0.4113,0.892890989780426
1938,0.4364,0.8931068778038025
1939,0.453,0.8918128609657288
1940,0.4879,0.8867924809455872
1941,0.3595,0.9277652502059937
1942,0.4203,0.9050160050392151
1943,0.4783,0.9016216397285461
1944,0.3851,0.902519166469574
1945,0.3174,0.9171395897865295
1946,0.4481,0.8955042362213135
1947,0.3635,0.9175891876220703
1948,0.4407,0.9063625335693359
1949,0.3544,0.9316455721855164
1950,0.3529,0.9271708726882935
1951,0.1407,0.9642857313156128
1952,0.196,0.9539170265197754
1953,0.3106,0.9262937903404236
1954,0.2806,0.9437326192855835
1955,0.2965,0.9358823299407959
1956,0.2431,0.9558282494544983
1957,0.2059,0.9517766237258911
1958,0.308,0.9302030205726624
1959,0.2508,0.9427652955055237
1960,0.2498,0.9328358173370361
1961,0.3287,0.9281184077262878
1962,0.1794,0.9656716585159302
1963,0.2267,0.956916093826294
1964,0.2577,0.9362017512321472
1965,0.4885,0.8816689252853394
1966,0.3258,0.9215832948684692
1967,0.3109,0.9272869229316711
1968,0.3593,0.9331075549125671
1969,0.3782,0.9119937419891357
1970,0.4251,0.899139940738678
1971,0.3754,0.918875515460968
1972,0.4262,0.9100236892700195
1973,0.4338,0.9008064270019531
1974,0.3839,0.9134615659713745
1975,0.3736,0.9106992483139038
1976,0.4749,0.8859005570411682
1977,0.4149,0.903418779373169
1978,0.2993,0.935771644115448
1979,0.3218,0.9213381409645081
1980,0.4452,0.897071897983551
1981,0.3755,0.9133099913597107
1982,0.4222,0.8956999182701111
1983,0.3544,0.9098436236381531
1984,0.4297,0.9065077900886536
1985,0.4048,0.9052044749259949
1986,0.4162,0.8896104097366333
1987,0.3451,0.9229248762130737
1988,0.4332,0.9036964774131775
1989,0.4449,0.8911564350128174
1990,0.4204,0.8953251838684082
1991,0.3551,0.9155080318450928
1992,0.436,0.897849440574646
1993,0.3796,0.9159388542175293
1994,0.4367,0.901248574256897
1995,0.3245,0.9278959631919861
1996,0.4099,0.9165714383125305
1997,0.3933,0.9034565091133118
1998,0.3561,0.9186483025550842
1999,0.3757,0.9211886525154114
2000,0.3234,0.926630437374115
2001,0.1331,0.970795214176178
2002,0.2955,0.9375907182693481
2003,0.4316,0.9058341979980469
2004,0.1914,0.9599341154098511
2005,0.2709,0.9272009134292603
2006,0.3047,0.9402515888214111
2007,0.318,0.9365482330322266
2008,0.2142,0.9530332684516907
2009,0.1955,0.9633802771568298
2010,0.2605,0.9404517412185669
2011,0.3745,0.9127869009971619
2012,0.2838,0.9363434314727783
2013,0.3325,0.9215965867042542
2014,0.3732,0.9108416438102722
2015,0.4445,0.8960948586463928
2016,0.4885,0.8807339668273926
2017,0.4821,0.8897280693054199
2018,0.4091,0.9115806221961975
2019,0.2937,0.9298380613327026
2020,0.3426,0.9300168752670288
2021,0.3861,0.9079903364181519
2022,0.3946,0.9013632535934448
2023,0.366,0.9152684807777405
2024,0.3887,0.9083837270736694
2025,0.4286,0.9017632007598877
2026,0.3525,0.9178662300109863
2027,0.4319,0.8903993368148804
2028,0.4908,0.8864197731018066
2029,0.3712,0.9135472178459167
2030,0.4239,0.88908451795578
2031,0.5299,0.8706969022750854
2032,0.4613,0.8939929604530334
2033,0.3221,0.9245107173919678
2034,0.4509,0.8923933506011963
2035,0.4208,0.89552241563797
2036,0.4351,0.9012584686279297
2037,0.3671,0.9096325635910034
2038,0.2903,0.9230769276618958
2039,0.3925,0.902629017829895
2040,0.4006,0.9130901098251343
2041,0.3824,0.9008438587188721
2042,0.3348,0.9251925349235535
2043,0.4648,0.8886337280273438
2044,0.2884,0.9242603778839111
2045,0.4927,0.892816424369812
2046,0.3364,0.9227052927017212
2047,0.3818,0.9167671799659729
2048,0.3556,0.9242236018180847
2049,0.3659,0.9154929518699646
2050,0.3583,0.9131054282188416
2051,0.2937,0.9341056942939758
2052,0.2364,0.9427679777145386
2053,0.32,0.9281437397003174
2054,0.1836,0.9581280946731567
2055,0.2342,0.9488669633865356
2056,0.3309,0.924271821975708
2057,0.3128,0.9380888342857361
2058,0.3745,0.9204108119010925
2059,0.3585,0.9213880896568298
2060,0.3152,0.9240246415138245
2061,0.3603,0.9144421815872192
2062,0.3067,0.9326164722442627
2063,0.4017,0.9071637392044067
2064,0.4516,0.8997005820274353
2065,0.4032,0.915217399597168
2066,0.3606,0.9182621240615845
2067,0.4203,0.9056748747825623
2068,0.3638,0.910459578037262
2069,0.3094,0.9253731369972229
2070,0.2331,0.9504209756851196
2071,0.4074,0.899345338344574
2072,0.3608,0.9209622144699097
2073,0.3731,0.917169988155365
2074,0.3433,0.9171648025512695
2075,0.4157,0.8959731459617615
2076,0.3683,0.9219858050346375
2077,0.3638,0.9132339954376221
2078,0.3886,0.9080944061279297
2079,0.3384,0.9237667918205261
2080,0.4136,0.9023957252502441
2081,0.3429,0.9170550107955933
2082,0.4563,0.8926961421966553
2083,0.417,0.9002848863601685
2084,0.3598,0.9242579340934753
2085,0.4603,0.8867403268814087
2086,0.3636,0.918367326259613
2087,0.2964,0.9407894611358643
2088,0.3923,0.916580855846405
2089,0.3942,0.9032901525497437
2090,0.3006,0.9276315569877625
2091,0.398,0.9110867381095886
2092,0.3212,0.9187082648277283
2093,0.4364,0.9103825092315674
2094,0.4171,0.8999999761581421
2095,0.3173,0.9279811382293701
2096,0.3466,0.9232614040374756
2097,0.369,0.9207921028137207
2098,0.3786,0.921933114528656
2099,0.4052,0.9133247137069702
2100,0.2454,0.9373088479042053
2101,0.397,0.917087972164154
2102,0.2206,0.9523077011108398
2103,0.2679,0.943581759929657
2104,0.2113,0.9446494579315186
2105,0.3271,0.9279778599739075
2106,0.2023,0.9563780426979065
2107,0.4545,0.8997509479522705
2108,0.2886,0.9353169202804565
2109,0.4017,0.8999999761581421
2110,0.2781,0.9420289993286133
2111,0.3667,0.91694575548172
2112,0.3213,0.9329445958137512
2113,0.3324,0.9332833290100098
2114,0.2623,0.9331831932067871
2115,0.5136,0.8842917084693909
2116,0.3733,0.9112781882286072
2117,0.3719,0.9241706132888794
2118,0.3287,0.9314954280853271
2119,0.4484,0.9083402156829834
2120,0.414,0.9049489498138428
2121,0.3847,0.9191489219665527
2122,0.3863,0.9197207689285278
2123,0.3888,0.9173486232757568
2124,0.4271,0.9160239696502686
2125,0.2997,0.9265975952148438
2126,0.4563,0.8943894505500793
2127,0.4263,0.9013158082962036
2128,0.4033,0.9057412147521973
2129,0.3011,0.9243772029876709
2130,0.4126,0.9014337062835693
2131,0.3881,0.9230028986930847
2132,0.4264,0.9005576372146606
2133,0.4391,0.8946360349655151
2134,0.4015,0.9169884324073792
2135,0.4004,0.9056224822998047
2136,0.3578,0.9125364422798157
2137,0.4362,0.8873917460441589
2138,0.4019,0.9114954471588135
2139,0.447,0.8958742618560791
2140,0.3571,0.9181721806526184
2141,0.4665,0.8934338092803955
2142,0.4502,0.9160134196281433
2143,0.5461,0.8735005259513855
2144,0.4579,0.894911527633667
2145,0.3335,0.9206534624099731
2146,0.4639,0.8916761875152588
2147,0.4109,0.9015421271324158
2148,0.3852,0.9126691222190857
2149,0.4504,0.8967254161834717
2150,0.4605,0.9071729779243469
2151,0.4133,0.9001950621604919
2152,0.2606,0.9425926208496094
2153,0.2169,0.9505581855773926
2154,0.4992,0.8946791291236877
2155,0.2518,0.9509866237640381
2156,0.1872,0.9655629396438599
2157,0.3099,0.9257642030715942
2158,0.2478,0.9483997225761414
2159,0.4252,0.9064005613327026
2160,0.3763,0.9182432293891907
2161,0.3151,0.9319677948951721
2162,0.303,0.9336978793144226
2163,0.2618,0.9437869787216187
2164,0.3569,0.9081196784973145
2165,0.3011,0.9276466369628906
2166,0.401,0.900790810585022
2167,0.4259,0.8996363878250122
2168,0.3783,0.9164133667945862
2169,0.2414,0.9421221613883972
2170,0.4726,0.8851351141929626
2171,0.277,0.938655436038971
2172,0.3563,0.924957811832428
2173,0.4886,0.8904321193695068
2174,0.4062,0.8977002501487732
2175,0.3424,0.9167389273643494
2176,0.3408,0.9179487228393555
2177,0.3437,0.9337401986122131
2178,0.3637,0.9257294535636902
2179,0.5012,0.8884986639022827
2180,0.4409,0.8968803882598877
2181,0.4159,0.9034608602523804
2182,0.4034,0.9134001731872559
2183,0.4474,0.8988465070724487
2184,0.4248,0.8977900743484497
2185,0.4291,0.8959484100341797
2186,0.359,0.9190968871116638
2187,0.3086,0.9211045503616333
2188,0.4387,0.8963414430618286
2189,0.327,0.9175257682800293
2190,0.4026,0.9026737809181213
2191,0.3948,0.9180327653884888
2192,0.4346,0.895348846912384
2193,0.3937,0.9112628102302551
2194,0.4063,0.9020737409591675
2195,0.3371,0.9141531586647034
2196,0.3775,0.9112426042556763
2197,0.3662,0.9106280207633972
2198,0.3621,0.9238578677177429
2199,0.3772,0.9141414165496826
2200,0.3938,0.9069767594337463
2201,0.2172,0.9547353982925415
2202,0.2079,0.9588623642921448
2203,0.2186,0.9520000219345093
2204,0.4364,0.9203951358795166
2205,0.2153,0.9546301960945129
2206,0.3137,0.9371108412742615
2207,0.3035,0.9374201893806458
2208,0.3581,0.9153845906257629
2209,0.236,0.9496151208877563
2210,0.3758,0.9200819730758667
2211,0.2667,0.9385359287261963
2212,0.3055,0.9330453276634216
2213,0.4576,0.8897010087966919
2214,0.2926,0.9388679265975952
2215,0.3651,0.91453617811203
2216,0.3883,0.9112727046012878
2217,0.413,0.9180076718330383
2218,0.3531,0.9145880341529846
2219,0.3007,0.9358460307121277
2220,0.2578,0.9333902597427368
2221,0.5193,0.8809891939163208
2222,0.3122,0.925599992275238
2223,0.4163,0.90292888879776
2224,0.3977,0.9153713583946228
2225,0.4196,0.9023178815841675
2226,0.3339,0.9224738478660583
2227,0.5025,0.892481803894043
2228,0.4697,0.8927392959594727
2229,0.4208,0.9096437692642212
2230,0.3085,0.9301886558532715
2231,0.3428,0.9202626347541809
2232,0.4859,0.8785912990570068
2233,0.3872,0.9265536665916443
2234,0.3713,0.8992395401000977
2235,0.4984,0.8930277228355408
2236,0.3544,0.9207003116607666
2237,0.393,0.9146221876144409
2238,0.4645,0.9022931456565857
2239,0.4445,0.8903420567512512
2240,0.3886,0.9005128145217896
2241,0.3605,0.9093886613845825
2242,0.3881,0.908690869808197
2243,0.4317,0.8976293206214905
2244,0.4341,0.902330756187439
2245,0.42,0.9007803797721863
2246,0.4071,0.9023255705833435
2247,0.3863,0.9096313714981079
2248,0.4563,0.9016393423080444
2249,0.3415,0.9236640930175781
2250,0.3652,0.9237805008888245
2251,0.3898,0.919243335723877
2252,0.3019,0.9367215037345886
2253,0.2232,0.9547038078308105
2254,0.2592,0.9419206380844116
2255,0.1863,0.9628154039382935
2256,0.208,0.9576547145843506
2257,0.2266,0.9579660892486572
2258,0.3425,0.9200248122215271
2259,0.3065,0.9326856136322021
2260,0.2497,0.9488677978515625
2261,0.3814,0.9139931797981262
2262,0.3868,0.908769428730011
2263,0.4715,0.8970588445663452
2264,0.4075,0.9088074564933777
2265,0.3198,0.9248895645141602
2266,0.3501,0.9203540086746216
2267,0.4023,0.9087393879890442
2268,0.3978,0.9093701839447021
2269,0.4224,0.9071999788284302
2270,0.3338,0.9291964769363403
2271,0.3049,0.9252251982688904
2272,0.3443,0.9166666865348816
2273,0.3549,0.912220299243927
2274,0.347,0.9261460304260254
2275,0.3932,0.8979947566986084
2276,0.3685,0.908687949180603
2277,0.3842,0.913188636302948
2278,0.3275,0.9240862131118774
2279,0.4112,0.9012345671653748
2280,0.3714,0.9122315645217896
2281,0.3697,0.9118738174438477
2282,0.3035,0.9230055809020996
2283,0.4245,0.8963922262191772
2284,0.4786,0.8869954943656921
2285,0.3225,0.934374988079071
2286,0.3593,0.9187816977500916
2287,0.3427,0.9212185144424438
2288,0.3862,0.917382001876831
2289,0.4763,0.8961175084114075
2290,0.4639,0.8959596157073975
2291,0.43,0.9069037437438965
2292,0.3945,0.9056603908538818
2293,0.3723,0.9114218950271606
2294,0.3994,0.9100345969200134
2295,0.4838,0.9045345783233643
2296,0.4014,0.9158653616905212
2297,0.3922,0.9223417043685913
2298,0.3587,0.9264339208602905
2299,0.3398,0.916886568069458
2300,0.3454,0.9282577037811279
2301,0.1388,0.9697962403297424
2302,0.1412,0.9682779312133789
2303,0.2413,0.9457111954689026
2304,0.1673,0.9641555547714233
2305,0.2389,0.9433021545410156
2306,0.1894,0.959805965423584
2307,0.2579,0.9443734288215637
2308,0.4107,0.9002389311790466
2309,0.4064,0.9108322262763977
2310,0.3286,0.9314976334571838
2311,0.2615,0.9425531625747681
2312,0.4155,0.9111864566802979
2313,0.2129,0.9597747325897217
2314,0.3351,0.9171974658966064
2315,0.4678,0.9023066759109497
2316,0.2245,0.9467408657073975
2317,0.3228,0.929961085319519
2318,0.2777,0.9365609288215637
2319,0.3812,0.9036870002746582
2320,0.3869,0.9165366888046265
2321,0.3101,0.9353448152542114
2322,0.3474,0.9157894849777222
2323,0.3109,0.9278804063796997
2324,0.3093,0.9228835105895996
2325,0.4166,0.9173553586006165
2326,0.4783,0.9027895331382751
2327,0.3309,0.9179039597511292
2328,0.3644,0.9084687829017639
2329,0.3923,0.9191304445266724
2330,0.4814,0.8898601531982422
2331,0.4632,0.9002770185470581
2332,0.3785,0.9119025468826294
2333,0.3895,0.9094942212104797
2334,0.5008,0.8854748606681824
2335,0.4596,0.8888888955116272
2336,0.443,0.8981571197509766
2337,0.3473,0.9219858050346375
2338,0.3159,0.9176587462425232
2339,0.4488,0.8993839621543884
2340,0.3836,0.9168378114700317
2341,0.4013,0.9043570756912231
2342,0.3589,0.9106957316398621
2343,0.4261,0.8911637663841248
2344,0.3873,0.9078498482704163
2345,0.3562,0.9034883975982666
2346,0.5057,0.8829545378684998
2347,0.3928,0.9070321917533875
2348,0.4137,0.9097651243209839
2349,0.4267,0.9097651243209839
2350,0.4099,0.9130434989929199
2351,0.1651,0.9657606482505798
2352,0.1995,0.9511533379554749
2353,0.2287,0.9476954936981201
2354,0.3287,0.9323621392250061
2355,0.2029,0.958834707736969
2356,0.2258,0.94291090965271
2357,0.2779,0.9376909136772156
2358,0.2756,0.9441195726394653
2359,0.2847,0.9348404407501221
2360,0.3244,0.9330682754516602
2361,0.2778,0.9318018555641174
2362,0.4011,0.9115159511566162
2363,0.4058,0.9080857038497925
2364,0.2915,0.9404579997062683
2365,0.3222,0.9299848079681396
2366,0.4263,0.8999314308166504
2367,0.3812,0.9116497039794922
2368,0.4591,0.8999241590499878
2369,0.4521,0.9036518931388855
2370,0.2999,0.9274448156356812
2371,0.3774,0.9019607901573181
2372,0.2561,0.947729229927063
2373,0.4076,0.8985736966133118
2374,0.3911,0.9140233993530273
2375,0.3305,0.9232111573219299
2376,0.3394,0.9234609007835388
2377,0.3753,0.9183318614959717
2378,0.4899,0.8805969953536987
2379,0.3511,0.9168787002563477
2380,0.438,0.8932291865348816
2381,0.3587,0.9213269948959351
2382,0.4722,0.8889883756637573
2383,0.3331,0.9187145829200745
2384,0.4825,0.8854824304580688
2385,0.4302,0.9041745662689209
2386,0.3222,0.92164546251297
2387,0.4078,0.9007633328437805
2388,0.4083,0.904296875
2389,0.4286,0.9007164835929871
2390,0.3819,0.9130889773368835
2391,0.4392,0.892783522605896
2392,0.4778,0.8950104117393494
2393,0.3904,0.9080841541290283
2394,0.469,0.891046404838562
2395,0.3571,0.907216489315033
2396,0.2977,0.926453173160553
2397,0.3256,0.9263284802436829
2398,0.3736,0.9103362560272217
2399,0.3156,0.927178144454956
2400,0.2966,0.9344043135643005
2401,0.3254,0.9198793172836304
2402,0.2554,0.9481175541877747
2403,0.2662,0.9396551847457886
2404,0.2481,0.9467258453369141
2405,0.364,0.9218491911888123
2406,0.2711,0.9367781281471252
2407,0.3352,0.9262394309043884
2408,0.1963,0.9634641408920288
2409,0.3482,0.9221038818359375
2410,0.3145,0.9389534592628479
2411,0.3273,0.9288793206214905
2412,0.2778,0.9405204653739929
2413,0.3562,0.9290989637374878
2414,0.4509,0.9045857787132263
2415,0.3927,0.8999300003051758
2416,0.3693,0.9159159064292908
2417,0.451,0.892443835735321
2418,0.4254,0.9036334753036499
2419,0.3336,0.9297385811805725
2420,0.3798,0.9085937738418579
2421,0.2739,0.9387576580047607
2422,0.3638,0.9249374270439148
2423,0.2337,0.9426087141036987
2424,0.4335,0.9125964045524597
2425,0.379,0.9070351719856262
2426,0.4242,0.8945111632347107
2427,0.3718,0.9130434989929199
2428,0.3799,0.9222028255462646
2429,0.399,0.8911222815513611
2430,0.4332,0.8947368264198303
2431,0.3565,0.9173478484153748
2432,0.2626,0.9423660039901733
2433,0.444,0.8915441036224365
2434,0.3391,0.9232302904129028
2435,0.4362,0.9014084339141846
2436,0.4925,0.8820754885673523
2437,0.4106,0.91425621509552
2438,0.3844,0.899891197681427
2439,0.5069,0.8821096420288086
2440,0.3894,0.9131333827972412
2441,0.3173,0.9183006286621094
2442,0.4656,0.912759006023407
2443,0.3651,0.910614550113678
2444,0.4371,0.9016018509864807
2445,0.4494,0.8876529335975647
2446,0.3938,0.9060568809509277
2447,0.3464,0.9193954467773438
2448,0.3388,0.9262086749076843
2449,0.2719,0.9243028163909912
2450,0.3123,0.9261363744735718
2451,0.1881,0.961698055267334
2452,0.214,0.9536359310150146
2453,0.1924,0.9551451206207275
2454,0.3275,0.926630437374115
2455,0.454,0.9102639555931091
2456,0.353,0.9272286295890808
2457,0.2693,0.939258337020874
2458,0.2417,0.9436997175216675
2459,0.2464,0.9445571303367615
2460,0.2591,0.9522136449813843
2461,0.2369,0.945868968963623
2462,0.2414,0.9452449679374695
2463,0.2199,0.9469913840293884
2464,0.3425,0.9276410937309265
2465,0.3461,0.9249812364578247
2466,0.3594,0.914699137210846
2467,0.287,0.9303030371665955
2468,0.3482,0.9216772317886353
2469,0.3616,0.9176557660102844
2470,0.2557,0.9440842866897583
2471,0.3664,0.9227202534675598
2472,0.3159,0.9269759654998779
2473,0.4257,0.9092395901679993
2474,0.3584,0.9278261065483093
2475,0.3471,0.9200000166893005
2476,0.448,0.905505359172821
2477,0.3349,0.9328558444976807
2478,0.4095,0.9084033370018005
2479,0.4157,0.9042372703552246
2480,0.3233,0.9222323894500732
2481,0.4402,0.8925763964653015
2482,0.4931,0.889845073223114
2483,0.3449,0.9156976938247681
2484,0.3334,0.9235074520111084
2485,0.4715,0.888273298740387
2486,0.443,0.9005576372146606
2487,0.3381,0.9233098030090332
2488,0.3611,0.9081836342811584
2489,0.4242,0.8975155353546143
2490,0.4002,0.9098445773124695
2491,0.4389,0.8929293155670166
2492,0.3453,0.9267241358757019
2493,0.3875,0.907216489315033
2494,0.4753,0.8915929198265076
2495,0.3177,0.9135380983352661
2496,0.3302,0.9217877388000488
2497,0.3054,0.9281288981437683
2498,0.3944,0.9191797375679016
2499,0.4357,0.903105616569519
2500,0.4315,0.9230769276618958
2501,0.242,0.9442970752716064
2502,0.2997,0.9352996945381165
2503,0.164,0.9660633206367493
2504,0.2718,0.94979327917099
2505,0.2689,0.9412442445755005
2506,0.2466,0.9516331553459167
2507,0.2396,0.9487704634666443
2508,0.2139,0.9467576742172241
2509,0.4274,0.8955128192901611
2510,0.3095,0.9276450276374817
2511,0.3604,0.9262351989746094
2512,0.3108,0.9344852566719055
2513,0.3307,0.9265578389167786
2514,0.3976,0.9084140062332153
2515,0.3028,0.9266561269760132
2516,0.3124,0.9246629476547241
2517,0.3231,0.9331103563308716
2518,0.401,0.9003745317459106
2519,0.5555,0.8725419044494629
2520,0.5442,0.8718518614768982
2521,0.4168,0.898785412311554
2522,0.4027,0.9210977554321289
2523,0.4629,0.9032520055770874
2524,0.3475,0.9146644473075867
2525,0.2983,0.9300087690353394
2526,0.3667,0.9138240814208984
2527,0.4662,0.8858131766319275
2528,0.4249,0.8994755148887634
2529,0.4023,0.8980321884155273
2530,0.3312,0.9190475940704346
2531,0.3324,0.9216980934143066
2532,0.3585,0.9149338603019714
2533,0.367,0.9140989780426025
2534,0.2428,0.9300699234008789
2535,0.4025,0.9083502888679504
2536,0.3694,0.9120000004768372
2537,0.3469,0.9178217649459839
2538,0.391,0.903769850730896
2539,0.3716,0.9222577214241028
2540,0.4339,0.9029126167297363
2541,0.3994,0.9071823358535767
2542,0.3125,0.9238636493682861
2543,0.3629,0.9074693322181702
2544,0.361,0.9175823926925659
2545,0.3662,0.9146067500114441
2546,0.4799,0.9017341136932373
2547,0.3905,0.9199029207229614
2548,0.4449,0.9050554633140564
2549,0.4122,0.9121019244194031
2550,0.4223,0.9063491821289062
2551,0.1304,0.971618115901947
2552,0.2284,0.9475848078727722
2553,0.1953,0.9552322030067444
2554,0.2311,0.9489337801933289
2555,0.2742,0.9461114406585693
2556,0.2128,0.9579439163208008
2557,0.4051,0.9208250045776367
2558,0.3772,0.9185282588005066
2559,0.373,0.9110824465751648
2560,0.2701,0.9462048411369324
2561,0.2982,0.9339080452919006
2562,0.2638,0.9414777159690857
2563,0.4545,0.8964285850524902
2564,0.4639,0.8959891200065613
2565,0.3075,0.9320091605186462
2566,0.3043,0.9291277527809143
2567,0.3283,0.9297710061073303
2568,0.4221,0.9028400778770447
2569,0.3398,0.9086102843284607
2570,0.4333,0.8974739909172058
2571,0.2603,0.9392361044883728
2572,0.3209,0.9294871687889099
2573,0.3633,0.901562511920929
2574,0.3581,0.914893627166748
2575,0.3446,0.9199318289756775
2576,0.3865,0.9134948253631592
2577,0.3574,0.9224137663841248
2578,0.2417,0.9485223889350891
2579,0.3985,0.9142599105834961
2580,0.2531,0.9383499622344971
2581,0.4184,0.915026843547821
2582,0.5089,0.8895599842071533
2583,0.3836,0.9074410200119019
2584,0.3798,0.9085972905158997
2585,0.467,0.893048107624054
2586,0.3828,0.9022770524024963
2587,0.3418,0.9089128375053406
2588,0.4438,0.8926108479499817
2589,0.358,0.9256110787391663
2590,0.41,0.9029029011726379
2591,0.355,0.9247881174087524
2592,0.3896,0.9224973320960999
2593,0.3589,0.9141949415206909
2594,0.382,0.9179601073265076
2595,0.3546,0.9233409762382507
2596,0.3374,0.9135653972625732
2597,0.4024,0.915576696395874
2598,0.3826,0.908200740814209
2599,0.3556,0.9193341732025146
2600,0.457,0.908823549747467
2601,0.1338,0.9706442952156067
2602,0.2543,0.9457477927207947
2603,0.2703,0.9385796785354614
2604,0.2686,0.9391061663627625
2605,0.2198,0.9573431015014648
2606,0.2702,0.9415204524993896
2607,0.2852,0.9392302632331848
2608,0.4492,0.891290545463562
2609,0.6193,0.8743386268615723
2610,0.423,0.9068364500999451
2611,0.1796,0.9596110582351685
2612,0.3447,0.9167872667312622
2613,0.2555,0.9332816004753113
2614,0.3521,0.9169701337814331
2615,0.2386,0.942307710647583
2616,0.2506,0.9417624473571777
2617,0.3813,0.9119822382926941
2618,0.2531,0.9442675113677979
2619,0.4908,0.8854014873504639
2620,0.271,0.9369513392448425
2621,0.4606,0.9021651744842529
2622,0.2991,0.9202350974082947
2623,0.2936,0.921521008014679
2624,0.3681,0.9146730303764343
2625,0.2887,0.9341421127319336
2626,0.3519,0.917917013168335
2627,0.452,0.8960195183753967
2628,0.3948,0.9019607901573181
2629,0.322,0.9188224673271179
2630,0.3634,0.9213269948959351
2631,0.5713,0.8787878751754761
2632,0.4413,0.8933209776878357
2633,0.5459,0.8732269406318665
2634,0.4683,0.890788197517395
2635,0.5033,0.8753315806388855
2636,0.469,0.9013158082962036
2637,0.3908,0.9078295230865479
2638,0.4558,0.8999037742614746
2639,0.3943,0.913223147392273
2640,0.392,0.910041868686676
2641,0.3379,0.9252136945724487
2642,0.3916,0.9141949415206909
2643,0.2772,0.9271300435066223
2644,0.3323,0.9076576828956604
2645,0.2582,0.9270833134651184
2646,0.4112,0.9140534400939941
2647,0.3917,0.9138349294662476
2648,0.4222,0.9026217460632324
2649,0.4835,0.8986058235168457
2650,0.2745,0.9374090433120728
2651,0.1446,0.9679945707321167
2652,0.1838,0.9567567706108093
2653,0.3606,0.9278947114944458
2654,0.2392,0.949367105960846
2655,0.1873,0.9571428298950195
2656,0.2618,0.942148745059967
2657,0.2412,0.9484203457832336
2658,0.3018,0.9386138319969177
2659,0.2726,0.9422819018363953
2660,0.5607,0.8888186812400818
2661,0.3382,0.9184373021125793
2662,0.2334,0.9502598643302917
2663,0.3733,0.9051724076271057
2664,0.3447,0.9175550937652588
2665,0.3003,0.9327073693275452
2666,0.3531,0.9253294467926025
2667,0.3272,0.9209914803504944
2668,0.367,0.918006420135498
2669,0.3429,0.9234411716461182
2670,0.3659,0.9096525311470032
2671,0.4451,0.8939507007598877
2672,0.2259,0.9472318291664124
2673,0.3946,0.9070690870285034
2674,0.5376,0.879324197769165
2675,0.2819,0.9298393726348877
2676,0.3951,0.90625
2677,0.3021,0.9334501028060913
2678,0.3365,0.9249329566955566
2679,0.3727,0.9089361429214478
2680,0.2977,0.9283088445663452
2681,0.4485,0.8940455317497253
2682,0.3303,0.9155597686767578
2683,0.4093,0.8977695107460022
2684,0.419,0.9093484282493591
2685,0.4227,0.89402174949646
2686,0.4123,0.9020172953605652
2687,0.4575,0.8806818127632141
2688,0.4303,0.9067307710647583
2689,0.363,0.9227005839347839
2690,0.4122,0.9010880589485168
2691,0.4339,0.9078013896942139
2692,0.3437,0.9112359285354614
2693,0.3121,0.9267480373382568
2694,0.4015,0.9009901285171509
2695,0.4253,0.9017142653465271
2696,0.2896,0.9305724501609802
2697,0.3793,0.917067289352417
2698,0.311,0.925301194190979
2699,0.3573,0.9212499856948853
2700,0.4517,0.9009370803833008
2701,0.404,0.9074138402938843
2702,0.246,0.9520547986030579
2703,0.3755,0.9205492734909058
2704,0.1977,0.9542028903961182
2705,0.1997,0.9593878984451294
2706,0.342,0.9146482348442078
2707,0.183,0.9620253443717957
2708,0.286,0.9296149015426636
2709,0.227,0.9547812938690186
2710,0.3354,0.9354152083396912
2711,0.3172,0.9228020310401917
2712,0.3865,0.9087814688682556
2713,0.2266,0.9494720697402954
2714,0.4121,0.9206231236457825
2715,0.2676,0.9380877614021301
2716,0.3582,0.9153558015823364
2717,0.346,0.9141989350318909
2718,0.4455,0.8912103772163391
2719,0.3687,0.9133383631706238
2720,0.5107,0.891830563545227
2721,0.3463,0.9117646813392639
2722,0.2972,0.9384871125221252
2723,0.43,0.8826771378517151
2724,0.3566,0.9234828352928162
2725,0.3591,0.9149290919303894
2726,0.3669,0.9181034564971924
2727,0.3476,0.9171029925346375
2728,0.3171,0.9304511547088623
2729,0.4716,0.8864241242408752
2730,0.3521,0.9166666865348816
2731,0.3879,0.9108225107192993
2732,0.3549,0.9091726541519165
2733,0.4603,0.8771929740905762
2734,0.4603,0.8970189690589905
2735,0.3747,0.9196786880493164
2736,0.3922,0.914893627166748
2737,0.41,0.901077389717102
2738,0.4245,0.9117043018341064
2739,0.3865,0.9077869057655334
2740,0.458,0.8863868713378906
2741,0.3857,0.9014373421669006
2742,0.3659,0.9150110483169556
2743,0.3317,0.9247546195983887
2744,0.338,0.9169590473175049
2745,0.3981,0.901524007320404
2746,0.3436,0.908665120601654
2747,0.433,0.9086595773696899
2748,0.3838,0.9118012189865112
2749,0.4058,0.9096774458885193
2750,0.2933,0.9393512010574341
2751,0.1367,0.970653772354126
2752,0.1455,0.9669210910797119
2753,0.2252,0.9518518447875977
2754,0.2302,0.9525188207626343
2755,0.1942,0.9539626836776733
2756,0.3191,0.9240661263465881
2757,0.3482,0.9231266379356384
2758,0.3165,0.9275068044662476
2759,0.3031,0.9312925338745117
2760,0.3087,0.9272477626800537
2761,0.3713,0.9143239855766296
2762,0.3644,0.9299719929695129
2763,0.2597,0.9425801634788513
2764,0.2176,0.9554656147956848
2765,0.3742,0.9173313975334167
2766,0.3151,0.9306091070175171
2767,0.4262,0.8994901776313782
2768,0.3548,0.9184314012527466
2769,0.2897,0.935765266418457
2770,0.318,0.9252557158470154
2771,0.4151,0.8988234996795654
2772,0.314,0.9255852699279785
2773,0.3787,0.9110535383224487
2774,0.3308,0.9268722534179688
2775,0.3798,0.9081544876098633
2776,0.529,0.8795680999755859
2777,0.4074,0.9056776762008667
2778,0.4013,0.9082813858985901
2779,0.4256,0.9055459499359131
2780,0.3437,0.9165120720863342
2781,0.4034,0.8968036770820618
2782,0.4301,0.8874887228012085
2783,0.3436,0.9117646813392639
2784,0.4595,0.8889943361282349
2785,0.3863,0.9093539118766785
2786,0.3431,0.9159919023513794
2787,0.495,0.8919961452484131
2788,0.4803,0.882056474685669
2789,0.4252,0.8976697325706482
2790,0.3723,0.9280177354812622
2791,0.4382,0.9026737809181213
2792,0.4161,0.8946236371994019
2793,0.3417,0.9240654110908508
2794,0.304,0.9275861978530884
2795,0.4299,0.8984017968177795
2796,0.3707,0.9040462374687195
2797,0.4039,0.9120750427246094
2798,0.4591,0.9022276997566223
2799,0.2714,0.9332477450370789
2800,0.3455,0.9058823585510254
2801,0.1273,0.9730200171470642
2802,0.1914,0.9546858668327332
2803,0.2408,0.9507002830505371
2804,0.3138,0.9351166486740112
2805,0.3219,0.9297395348548889
2806,0.2864,0.9410304427146912
2807,0.2154,0.9578651785850525
2808,0.2991,0.9304291009902954
2809,0.2816,0.931459903717041
2810,0.2471,0.9493392109870911
2811,0.3602,0.9155799746513367
2812,0.2291,0.9528517127037048
2813,0.4309,0.9048610925674438
2814,0.4259,0.9013389945030212
2815,0.2946,0.9307392835617065
2816,0.4844,0.8874126076698303
2817,0.3308,0.9256198406219482
2818,0.4197,0.9013453125953674
2819,0.3586,0.9088146090507507
2820,0.3651,0.9208234548568726
2821,0.5523,0.8838808536529541
2822,0.4846,0.8886274695396423
2823,0.4568,0.9021381735801697
2824,0.3956,0.9068425297737122
2825,0.3202,0.9228723645210266
2826,0.4004,0.9049621820449829
2827,0.4462,0.8938879370689392
2828,0.3768,0.9146450757980347
2829,0.4301,0.8961504101753235
2830,0.4163,0.9135371446609497
2831,0.4315,0.89552241563797
2832,0.3974,0.9150141477584839
2833,0.3873,0.9106967449188232
2834,0.2995,0.9212062358856201
2835,0.3823,0.9180487990379333
2836,0.3745,0.8991436958312988
2837,0.4406,0.9017050862312317
2838,0.3194,0.9220374226570129
2839,0.3691,0.9050444960594177
2840,0.3915,0.9144049882888794
2841,0.3343,0.924160361289978
2842,0.3969,0.9049676060676575
2843,0.4616,0.8961039185523987
2844,0.4015,0.9133260846138
2845,0.4244,0.9097222089767456
2846,0.4488,0.9031141996383667
2847,0.4367,0.8963051438331604
2848,0.3998,0.920616090297699
2849,0.3752,0.9114077687263489
2850,0.3208,0.9301075339317322
2851,0.2717,0.9330621361732483
2852,0.2643,0.9424164295196533
2853,0.3124,0.9299293756484985
2854,0.3103,0.9304655194282532
2855,0.2972,0.9320619702339172
2856,0.2247,0.9544236063957214
2857,0.3001,0.9385474920272827
2858,0.2138,0.9487179517745972
2859,0.2427,0.952810525894165
2860,0.3692,0.9177173376083374
2861,0.2842,0.9371840953826904
2862,0.173,0.957446813583374
2863,0.4136,0.8991769552230835
2864,0.3682,0.9182795882225037
2865,0.3163,0.928402841091156
2866,0.3504,0.9229024648666382
2867,0.4038,0.8990489840507507
2868,0.3567,0.9085545539855957
2869,0.2568,0.9360324144363403
2870,0.3658,0.910582423210144
2871,0.3491,0.9262712001800537
2872,0.2987,0.9225239753723145
2873,0.3904,0.8941634297370911
2874,0.4019,0.9002394080162048
2875,0.4023,0.9106239676475525
2876,0.3854,0.9121739268302917
2877,0.3639,0.9163071513175964
2878,0.4289,0.8975444436073303
2879,0.3432,0.9182608723640442
2880,0.322,0.9215167760848999
2881,0.3609,0.9021739363670349
2882,0.2901,0.9316650629043579
2883,0.3634,0.9173789024353027
2884,0.4385,0.8993653655052185
2885,0.3673,0.910404622554779
2886,0.3909,0.9224054217338562
2887,0.413,0.9142857193946838
2888,0.3783,0.912915825843811
2889,0.388,0.9078812599182129
2890,0.3858,0.9166666865348816
2891,0.3493,0.9266737699508667
2892,0.3506,0.9077412486076355
2893,0.4111,0.9037837982177734
2894,0.4442,0.8942202925682068
2895,0.3395,0.9007009267807007
2896,0.3669,0.9210836291313171
2897,0.3125,0.930261492729187
2898,0.3555,0.9120198488235474
2899,0.3967,0.9164490699768066
2900,0.4118,0.8994169235229492
2901,0.2202,0.9453181028366089
2902,0.123,0.9733914136886597
2903,0.2016,0.9557788968086243
2904,0.2573,0.9422658085823059
2905,0.19,0.9650521278381348
2906,0.152,0.9645618796348572
2907,0.306,0.9301470518112183
2908,0.4236,0.8993939161300659
2909,0.2834,0.9322560429573059
2910,0.2952,0.9367897510528564
2911,0.3657,0.9081364870071411
2912,0.2962,0.9355072379112244
2913,0.2917,0.9419117569923401
2914,0.3346,0.9170153141021729
2915,0.2539,0.9449275135993958
2916,0.2388,0.9581993818283081
2917,0.2504,0.9522691965103149
2918,0.4932,0.884437620639801
2919,0.3418,0.924980640411377
2920,0.368,0.907137393951416
2921,0.2738,0.9382113814353943
2922,0.5133,0.8780131340026855
2923,0.2082,0.9511545300483704
2924,0.408,0.9043824672698975
2925,0.3579,0.9197324514389038
2926,0.3047,0.9277210831642151
2927,0.3157,0.9137930870056152
2928,0.4224,0.9005576372146606
2929,0.3494,0.9130816459655762
2930,0.3035,0.9180765748023987
2931,0.3829,0.921475887298584
2932,0.3753,0.9137930870056152
2933,0.3928,0.8986742496490479
2934,0.3914,0.9130010008811951
2935,0.3966,0.8964880108833313
2936,0.4059,0.9005025029182434
2937,0.4899,0.8896353244781494
2938,0.3314,0.9148073196411133
2939,0.4239,0.8982346653938293
2940,0.3661,0.9157894849777222
2941,0.4104,0.9081196784973145
2942,0.3116,0.9310734272003174
2943,0.3114,0.9228110313415527
2944,0.3337,0.9210233688354492
2945,0.3809,0.9194312691688538
2946,0.3324,0.9227110743522644
2947,0.4177,0.9041420221328735
2948,0.3518,0.9120482206344604
2949,0.4189,0.9118387699127197
2950,0.3208,0.928067684173584
2951,0.2347,0.9402849078178406
2952,0.2821,0.9331562519073486
2953,0.2229,0.9495166540145874
2954,0.1602,0.9614928960800171
2955,0.2144,0.9564968347549438
2956,0.3478,0.9171428680419922
2957,0.3752,0.9238845109939575
2958,0.2165,0.9533867239952087
2959,0.3062,0.9244897961616516
2960,0.2557,0.9431179761886597
2961,0.3313,0.9219809770584106
2962,0.3453,0.9251412153244019
2963,0.4048,0.9028651118278503
2964,0.3794,0.9095337390899658
2965,0.3445,0.9217081665992737
2966,0.3327,0.9216117262840271
2967,0.4051,0.8937729001045227
2968,0.3979,0.9025521874427795
2969,0.2972,0.9282868504524231
2970,0.4293,0.9029363989830017
2971,0.4392,0.8965250849723816
2972,0.2744,0.9347826242446899
2973,0.3485,0.9241908192634583
2974,0.3405,0.916806697845459
2975,0.3187,0.9355961680412292
2976,0.4179,0.9042904376983643
2977,0.3219,0.9266837239265442
2978,0.4425,0.9015979766845703
2979,0.2954,0.938505232334137
2980,0.3981,0.905299723148346
2981,0.358,0.9225092530250549
2982,0.3506,0.912603497505188
2983,0.4223,0.899908185005188
2984,0.312,0.9290508031845093
2985,0.383,0.9180487990379333
2986,0.4068,0.8978978991508484
2987,0.2855,0.9257773160934448
2988,0.4646,0.8924623131752014
2989,0.4354,0.9047619104385376
2990,0.3709,0.9183006286621094
2991,0.3805,0.9067245125770569
2992,0.3495,0.927489161491394
2993,0.3367,0.9172335863113403
2994,0.3484,0.9082353115081787
2995,0.3709,0.9134615659713745
2996,0.4085,0.9045976996421814
2997,0.4286,0.9024970531463623
2998,0.3693,0.9126092195510864
2999,0.3386,0.9167750477790833
3000,0.4024,0.8995434045791626
3001,0.1151,0.9728759527206421
3002,0.2217,0.9504014849662781
3003,0.2985,0.932939887046814
3004,0.217,0.9517167210578918
3005,0.237,0.9477958083152771
3006,0.2134,0.9543817639350891
3007,0.2528,0.9411019682884216
3008,0.2849,0.9405300617218018
3009,0.2875,0.9408934712409973
3010,0.3269,0.9240986704826355
3011,0.2495,0.9364005327224731
3012,0.3775,0.9107505083084106
3013,0.2139,0.9475197792053223
3014,0.2806,0.9402767419815063
3015,0.3645,0.9193548560142517
3016,0.2753,0.9391840100288391
3017,0.3346,0.9280415177345276
3018,0.2443,0.9445822834968567
3019,0.2438,0.9482895731925964
3020,0.3125,0.9281250238418579
3021,0.2319,0.9520137310028076
3022,0.3776,0.9126290678977966
3023,0.407,0.9087974429130554
3024,0.3062,0.9228895902633667
3025,0.3883,0.9067656993865967
3026,0.3416,0.9265734553337097
3027,0.3815,0.9073293805122375
3028,0.3076,0.9239230155944824
3029,0.2814,0.9289617538452148
3030,0.4018,0.9087591171264648
3031,0.4016,0.9069325923919678
3032,0.3462,0.9255725145339966
3033,0.361,0.9068100452423096
3034,0.412,0.8862602114677429
3035,0.3437,0.915950357913971
3036,0.389,0.908726155757904
3037,0.4693,0.8915318846702576
3038,0.399,0.8954635262489319
3039,0.482,0.8937093019485474
3040,0.4027,0.9039666056632996
3041,0.3368,0.9259259104728699
3042,0.3691,0.9106754064559937
3043,0.367,0.9191918969154358
3044,0.3454,0.9098360538482666
3045,0.3742,0.9118993282318115
3046,0.3867,0.9043683409690857
3047,0.4008,0.9173652529716492
3048,0.3741,0.9104859232902527
3049,0.3169,0.9236739873886108
3050,0.3609,0.9299450516700745
3051,0.297,0.9303601980209351
3052,0.1831,0.9611558318138123
3053,0.2654,0.9427821636199951
3054,0.2523,0.9421579241752625
3055,0.2264,0.9519408345222473
3056,0.2453,0.9476848840713501
3057,0.2769,0.9298572540283203
3058,0.2297,0.9490274786949158
3059,0.3017,0.9445571303367615
3060,0.2847,0.9414316415786743
3061,0.2202,0.9469357132911682
3062,0.3732,0.9237288236618042
3063,0.2668,0.9364248514175415
3064,0.3318,0.9205642342567444
3065,0.3055,0.9274495244026184
3066,0.3426,0.9137681126594543
3067,0.3303,0.9253174066543579
3068,0.3534,0.9126063585281372
3069,0.3317,0.9167315363883972
3070,0.3005,0.9319114089012146
3071,0.3045,0.9218106865882874
3072,0.4874,0.8961569666862488
3073,0.3043,0.9296685457229614
3074,0.2926,0.9293810129165649
3075,0.3517,0.9121951460838318
3076,0.3108,0.9264448285102844
3077,0.4663,0.9030448794364929
3078,0.5198,0.8841059803962708
3079,0.3771,0.9072961211204529
3080,0.2678,0.9391635060310364
3081,0.31,0.9238938093185425
3082,0.3395,0.9203935861587524
3083,0.4948,0.8855895400047302
3084,0.4266,0.8937329649925232
3085,0.4916,0.8826205730438232
3086,0.3846,0.8994197249412537
3087,0.3603,0.9082840085029602
3088,0.3994,0.9101239442825317
3089,0.374,0.912169337272644
3090,0.3362,0.9202898740768433
3091,0.3009,0.9360780119895935
3092,0.3906,0.9013303518295288
3093,0.4275,0.9039106369018555
3094,0.3094,0.9279069900512695
3095,0.3471,0.9196740388870239
3096,0.437,0.8962703943252563
3097,0.3863,0.9210836291313171
3098,0.3529,0.9143920540809631
3099,0.3163,0.9231753945350647
3100,0.3032,0.931993842124939
3101,0.084,0.9763894081115723
3102,0.1313,0.9745283126831055
3103,0.1561,0.9718468189239502
3104,0.1901,0.9551597237586975
3105,0.1807,0.9602137804031372
3106,0.2893,0.9403174519538879
3107,0.245,0.9443749785423279
3108,0.2758,0.9309462904930115
3109,0.3264,0.9268292784690857
3110,0.3479,0.9228723645210266
3111,0.3429,0.9178743958473206
3112,0.4496,0.890038788318634
3113,0.3631,0.9220314621925354
3114,0.286,0.9452662467956543
3115,0.3659,0.9272727370262146
3116,0.3152,0.9396284818649292
3117,0.2778,0.9369158744812012
3118,0.2997,0.927318274974823
3119,0.4359,0.8934911489486694
3120,0.4486,0.892568051815033
3121,0.3409,0.9203389883041382
3122,0.2691,0.9318181872367859
3123,0.3609,0.9149959683418274
3124,0.3185,0.9268292784690857
3125,0.4151,0.9145299196243286
3126,0.3914,0.901793360710144
3127,0.3746,0.9093177914619446
3128,0.4402,0.8986486196517944
3129,0.3768,0.9041703343391418
3130,0.3865,0.9114260673522949
3131,0.4369,0.8978165984153748
3132,0.3864,0.9176030158996582
3133,0.3418,0.9221674799919128
3134,0.3738,0.8968692421913147
3135,0.371,0.9060465097427368
3136,0.3502,0.9191616773605347
3137,0.2665,0.9338929653167725
3138,0.4121,0.9027921557426453
3139,0.3578,0.9200841188430786
3140,0.3497,0.9250275492668152
3141,0.4116,0.9093717932701111
3142,0.4172,0.8942917585372925
3143,0.2999,0.929425835609436
3144,0.3756,0.9073634147644043
3145,0.3249,0.9226260185241699
3146,0.3423,0.9198564887046814
3147,0.4052,0.9048780202865601
3148,0.3326,0.920918345451355
3149,0.332,0.9194373488426208
3150,0.4211,0.9182098507881165
3151,0.4021,0.9068281054496765
3152,0.1732,0.9629817605018616
3153,0.1654,0.9603476524353027
3154,0.1782,0.9662721753120422
3155,0.2346,0.9465301632881165
3156,0.2271,0.9535316228866577
3157,0.1932,0.9543973803520203
3158,0.2382,0.9495158791542053
3159,0.3485,0.9264990091323853
3160,0.2382,0.9496855139732361
3161,0.2477,0.940434455871582
3162,0.343,0.9187158346176147
3163,0.2461,0.9494720697402954
3164,0.3631,0.9078308939933777
3165,0.3269,0.9269539713859558
3166,0.2147,0.9597474336624146
3167,0.247,0.9460113048553467
3168,0.3437,0.9146625399589539
3169,0.2926,0.9397590160369873
3170,0.2782,0.9339389204978943
3171,0.4301,0.898952066898346
3172,0.2785,0.9418306350708008
3173,0.3091,0.9339464902877808
3174,0.4407,0.9075697064399719
3175,0.3472,0.9252173900604248
3176,0.346,0.9245613813400269
3177,0.3728,0.9202350974082947
3178,0.2987,0.9363228678703308
3179,0.4668,0.8916382193565369
3180,0.3069,0.9270544648170471
3181,0.3664,0.9174800515174866
3182,0.3721,0.9119318127632141
3183,0.5118,0.874331533908844
3184,0.3873,0.9043639898300171
3185,0.4024,0.8895927667617798
3186,0.3367,0.9289239645004272
3187,0.3758,0.9183467626571655
3188,0.3996,0.9195876121520996
3189,0.3506,0.919469952583313
3190,0.3606,0.9154488444328308
3191,0.3687,0.9194630980491638
3192,0.3436,0.917481005191803
3193,0.3799,0.9071274399757385
3194,0.4112,0.9023861289024353
3195,0.3222,0.9229897856712341
3196,0.4533,0.8957617282867432
3197,0.343,0.9216646552085876
3198,0.3914,0.9177057147026062
3199,0.3771,0.9164524674415588
3200,0.3195,0.9258202314376831
3201,0.1861,0.9591971039772034
3202,0.1511,0.9659532904624939
3203,0.2207,0.9536290168762207
3204,0.2176,0.9540295004844666
3205,0.2567,0.9442184567451477
3206,0.1637,0.9715983867645264
3207,0.2228,0.9533022046089172
3208,0.3014,0.9237288236618042
3209,0.2972,0.9312826991081238
3210,0.2602,0.9383561611175537
3211,0.3322,0.9357344508171082
3212,0.3421,0.9306037425994873
3213,0.2901,0.9310099482536316
3214,0.3187,0.9316303730010986
3215,0.4657,0.8952029347419739
3216,0.3901,0.9090909361839294
3217,0.4174,0.9118279814720154
3218,0.3185,0.9334955215454102
3219,0.3715,0.9180722832679749
3220,0.2799,0.9318910241127014
3221,0.3546,0.9204737544059753
3222,0.3695,0.9119341373443604
3223,0.2772,0.9344552755355835
3224,0.3214,0.92662113904953
3225,0.332,0.9244813323020935
3226,0.3715,0.9123539328575134
3227,0.3448,0.9143102169036865
3228,0.3447,0.9177837371826172
3229,0.4568,0.880471408367157
3230,0.3074,0.9180918335914612
3231,0.3906,0.8988149762153625
3232,0.3828,0.9007030129432678
3233,0.4179,0.8999106287956238
3234,0.422,0.8938966989517212
3235,0.3993,0.9150390625
3236,0.3389,0.9223880767822266
3237,0.3807,0.9178082346916199
3238,0.4541,0.8997020721435547
3239,0.3518,0.9240374565124512
3240,0.3317,0.9258451461791992
3241,0.3551,0.9288097620010376
3242,0.4175,0.9069263935089111
3243,0.2745,0.9378595948219299
3244,0.3978,0.9131402969360352
3245,0.3421,0.9169590473175049
3246,0.3574,0.9178571701049805
3247,0.3836,0.9155920147895813
3248,0.3547,0.9156327247619629
3249,0.3794,0.9127686619758606
3250,0.3367,0.9317212104797363
3251,0.2533,0.9432913064956665
3252,0.1956,0.9641577005386353
3253,0.261,0.93434077501297
3254,0.2151,0.9618461728096008
3255,0.2202,0.9577377438545227
3256,0.2737,0.9420111179351807
3257,0.3261,0.9318925738334656
3258,0.3053,0.9255725145339966
3259,0.3188,0.9266358017921448
3260,0.3668,0.9239280819892883
3261,0.34,0.9240687489509583
3262,0.2358,0.9425133466720581
3263,0.2955,0.9388201236724854
3264,0.2752,0.9362340569496155
3265,0.3407,0.9190166592597961
3266,0.4389,0.9094151258468628
3267,0.3141,0.924886167049408
3268,0.383,0.9067919254302979
3269,0.349,0.9134036302566528
3270,0.3463,0.9146919250488281
3271,0.2826,0.9447698593139648
3272,0.3928,0.9143314361572266
3273,0.4739,0.8896604776382446
3274,0.3757,0.9240837693214417
3275,0.3498,0.9203084707260132
3276,0.3886,0.921076238155365
3277,0.2297,0.9394213557243347
3278,0.2993,0.9327511191368103
3279,0.3579,0.9126912951469421
3280,0.2991,0.928896963596344
3281,0.4354,0.9036574363708496
3282,0.3378,0.9206963181495667
3283,0.3851,0.919927179813385
3284,0.4706,0.8861940503120422
3285,0.3864,0.9188679456710815
3286,0.3778,0.9027777910232544
3287,0.3537,0.9197292327880859
3288,0.3577,0.9129554629325867
3289,0.4129,0.9058704376220703
3290,0.4155,0.9049145579338074
3291,0.3838,0.9068782925605774
3292,0.3732,0.9164835214614868
3293,0.3251,0.9280821681022644
3294,0.4144,0.8927374482154846
3295,0.4902,0.8956916332244873
3296,0.3935,0.9029585719108582
3297,0.3409,0.9155609011650085
3298,0.3696,0.924784243106842
3299,0.4314,0.907216489315033
3300,0.3308,0.9203540086746216
3301,0.194,0.9574663639068604
3302,0.2098,0.9497532248497009
3303,0.1822,0.96370530128479
3304,0.1761,0.9631124138832092
3305,0.1574,0.9680426120758057
3306,0.2853,0.9423919916152954
3307,0.2554,0.9475728273391724
3308,0.2789,0.9363816976547241
3309,0.3338,0.9257786870002747
3310,0.2786,0.9330935478210449
3311,0.3011,0.9267945885658264
3312,0.2857,0.9314574599266052
3313,0.435,0.8923705816268921
3314,0.2806,0.9362549781799316
3315,0.3337,0.9278922080993652
3316,0.2896,0.9333868622779846
3317,0.3463,0.918749988079071
3318,0.324,0.9328969120979309
3319,0.2336,0.9527207612991333
3320,0.3585,0.9206212162971497
3321,0.309,0.9240297079086304
3322,0.3555,0.9103392362594604
3323,0.3051,0.9403793811798096
3324,0.3763,0.9179916381835938
3325,0.4072,0.9114971160888672
3326,0.3587,0.916806697845459
3327,0.3515,0.9235447645187378
3328,0.4404,0.8960138559341431
3329,0.3077,0.9239032864570618
3330,0.3808,0.9005424976348877
3331,0.3369,0.9209809303283691
3332,0.4169,0.8969258666038513
3333,0.3183,0.9160768389701843
3334,0.4526,0.8996383547782898
3335,0.4189,0.9128751158714294
3336,0.406,0.9053373336791992
3337,0.4259,0.9145873188972473
3338,0.3075,0.9254201650619507
3339,0.3553,0.9187763929367065
3340,0.4179,0.9072375297546387
3341,0.3873,0.899692952632904
3342,0.4018,0.9121387004852295
3343,0.4012,0.9101995825767517
3344,0.3501,0.9188544154167175
3345,0.3474,0.9268584847450256
3346,0.3258,0.9229843616485596
3347,0.3246,0.9238210320472717
3348,0.357,0.9235511422157288
3349,0.3325,0.9239842891693115
3350,0.3871,0.9158200025558472
3351,0.2893,0.9319241642951965
3352,0.1425,0.9688867330551147
3353,0.2242,0.9557766914367676
3354,0.2295,0.94566410779953
3355,0.2322,0.9434506893157959
3356,0.3783,0.9154603481292725
3357,0.2573,0.9515190720558167
3358,0.3213,0.929973840713501
3359,0.3379,0.9268608689308167
3360,0.2379,0.9556616544723511
3361,0.2153,0.9516943097114563
3362,0.2404,0.9489953517913818
3363,0.3328,0.9370932579040527
3364,0.2791,0.9364575147628784
3365,0.3734,0.9097525477409363
3366,0.2768,0.934684693813324
3367,0.2177,0.9579365253448486
3368,0.3104,0.9255564212799072
3369,0.2992,0.9365443587303162
3370,0.4456,0.9032257795333862
3371,0.2987,0.934952974319458
3372,0.3546,0.9095163941383362
3373,0.3145,0.9285714030265808
3374,0.2998,0.9336134195327759
3375,0.3239,0.920568585395813
3376,0.4552,0.9002624750137329
3377,0.3742,0.9092526435852051
3378,0.2712,0.9411764740943909
3379,0.3895,0.9026845693588257
3380,0.2611,0.9411177635192871
3381,0.4118,0.9061115980148315
3382,0.4983,0.8803191781044006
3383,0.4011,0.8951612710952759
3384,0.4077,0.9051306843757629
3385,0.3729,0.9085659384727478
3386,0.3925,0.9064885377883911
3387,0.4332,0.9079334139823914
3388,0.398,0.8974359035491943
3389,0.3801,0.9068322777748108
3390,0.3715,0.9101123809814453
3391,0.4035,0.9047619104385376
3392,0.3265,0.9163916110992432
3393,0.3919,0.9221748113632202
3394,0.3727,0.9181416034698486
3395,0.3588,0.9250559210777283
3396,0.3837,0.9167630076408386
3397,0.3372,0.9158768057823181
3398,0.3811,0.9208899736404419
3399,0.356,0.9145408272743225
3400,0.372,0.9132290482521057
3401,0.1344,0.9687848091125488
3402,0.1878,0.9607007503509521
3403,0.13,0.9727117419242859
3404,0.2256,0.955747127532959
3405,0.2126,0.9572126865386963
3406,0.3547,0.9297164082527161
3407,0.2384,0.9467877745628357
3408,0.2211,0.9511400461196899
3409,0.1284,0.9667389988899231
3410,0.345,0.926648736000061
3411,0.2674,0.9412587285041809
3412,0.3277,0.9333791136741638
3413,0.2983,0.928470253944397
3414,0.2577,0.9454265832901001
3415,0.2334,0.9433198571205139
3416,0.4709,0.8784152865409851
3417,0.2951,0.9183031916618347
3418,0.252,0.9502852559089661
3419,0.2684,0.9322429895401001
3420,0.2373,0.949999988079071
3421,0.2653,0.93692946434021
3422,0.3641,0.906707763671875
3423,0.3442,0.9229437112808228
3424,0.2308,0.9480401277542114
3425,0.4563,0.8820179104804993
3426,0.3102,0.9396325349807739
3427,0.3719,0.9122073650360107
3428,0.3498,0.926325261592865
3429,0.4996,0.8893616795539856
3430,0.441,0.8958509564399719
3431,0.343,0.9141104221343994
3432,0.3492,0.9097674489021301
3433,0.3893,0.9012681245803833
3434,0.3811,0.9080568552017212
3435,0.4217,0.8876404762268066
3436,0.2658,0.9278350472450256
3437,0.3533,0.9132111668586731
3438,0.3467,0.9207708835601807
3439,0.2513,0.9372340440750122
3440,0.501,0.8892185688018799
3441,0.3002,0.9240374565124512
3442,0.3322,0.9240924119949341
3443,0.4018,0.9096916317939758
3444,0.4394,0.8991888761520386
3445,0.3981,0.9136690497398376
3446,0.3531,0.9133573770523071
3447,0.3161,0.9231707453727722
3448,0.3391,0.9217391014099121
3449,0.3522,0.9283919334411621
3450,0.2833,0.9279999732971191
3451,0.4031,0.9049561023712158
3452,0.2129,0.9499129056930542
3453,0.1835,0.9597554802894592
3454,0.2029,0.9550502300262451
3455,0.236,0.9454023241996765
3456,0.2237,0.9480212926864624
3457,0.2765,0.9375379085540771
3458,0.2391,0.951053261756897
3459,0.2106,0.960296094417572
3460,0.2913,0.9352226853370667
3461,0.2529,0.9453178644180298
3462,0.2579,0.9486792683601379
3463,0.255,0.9398114681243896
3464,0.4601,0.8860342502593994
3465,0.2212,0.9568690061569214
3466,0.5246,0.876518189907074
3467,0.383,0.9083518385887146
3468,0.2339,0.9445337653160095
3469,0.1559,0.9693094491958618
3470,0.2443,0.9443561434745789
3471,0.2523,0.9491525292396545
3472,0.3102,0.9322034120559692
3473,0.4808,0.9004594087600708
3474,0.3677,0.9103885889053345
3475,0.4503,0.9004115462303162
3476,0.3107,0.9323503971099854
3477,0.4328,0.8963317275047302
3478,0.3969,0.91060471534729
3479,0.3832,0.9029982089996338
3480,0.462,0.8839137554168701
3481,0.3267,0.9312617778778076
3482,0.4367,0.8941280841827393
3483,0.3015,0.9330232739448547
3484,0.385,0.9143672585487366
3485,0.3334,0.923923909664154
3486,0.4425,0.891566276550293
3487,0.4087,0.9139999747276306
3488,0.3731,0.910659909248352
3489,0.4123,0.8980827331542969
3490,0.3176,0.923901379108429
3491,0.4158,0.9009384512901306
3492,0.3231,0.9318423867225647
3493,0.3287,0.9178852438926697
3494,0.3482,0.9282352924346924
3495,0.4349,0.9101123809814453
3496,0.2923,0.9345454573631287
3497,0.3697,0.9165687561035156
3498,0.3803,0.9090909361839294
3499,0.4009,0.9261146783828735
3500,0.335,0.9044944047927856
3501,0.3246,0.9252939224243164
3502,0.3653,0.9208889007568359
3503,0.154,0.9671689867973328
3504,0.2291,0.9538187980651855
3505,0.2193,0.9544615149497986
3506,0.209,0.948733389377594
3507,0.3731,0.9232752919197083
3508,0.19,0.960770845413208
3509,0.2569,0.9459269642829895
3510,0.2701,0.9447476267814636
3511,0.2849,0.9395604133605957
3512,0.2978,0.9329445958137512
3513,0.3214,0.9237637519836426
3514,0.1832,0.9617404341697693
3515,0.3717,0.9062957763671875
3516,0.3817,0.9176737070083618
3517,0.5262,0.8716875910758972
3518,0.35,0.9166023135185242
3519,0.3286,0.9233226776123047
3520,0.2852,0.9306772947311401
3521,0.394,0.9091609120368958
3522,0.4787,0.885625958442688
3523,0.2623,0.9393680691719055
3524,0.3053,0.9372727274894714
3525,0.3815,0.9114971160888672
3526,0.4628,0.8822075724601746
3527,0.3047,0.9379432797431946
3528,0.3732,0.9117147922515869
3529,0.2709,0.9345182180404663
3530,0.4056,0.9094046354293823
3531,0.3261,0.9294354915618896
3532,0.3263,0.9384309649467468
3533,0.4228,0.8965835571289062
3534,0.266,0.9379921555519104
3535,0.4475,0.8862164616584778
3536,0.3862,0.9149357080459595
3537,0.4454,0.894046425819397
3538,0.3333,0.9131312966346741
3539,0.3945,0.9056016802787781
3540,0.3356,0.9079089760780334
3541,0.3735,0.9130434989929199
3542,0.3223,0.927107036113739
3543,0.3322,0.931949257850647
3544,0.3902,0.904653787612915
3545,0.3372,0.9151162505149841
3546,0.344,0.9231678247451782
3547,0.4254,0.9017543792724609
3548,0.4485,0.898034393787384
3549,0.2857,0.9435173273086548
3550,0.3241,0.9217274188995361
3551,0.2658,0.937678873538971
3552,0.1625,0.9652907848358154
3553,0.1998,0.9568965435028076
3554,0.1616,0.9598480463027954
3555,0.2546,0.939931333065033
3556,0.2194,0.946063220500946
3557,0.3398,0.9295681118965149
3558,0.2455,0.9455511569976807
3559,0.2445,0.948630154132843
3560,0.3038,0.932226836681366
3561,0.288,0.9380717873573303
3562,0.1975,0.9584547877311707
3563,0.3225,0.9253520965576172
3564,0.3684,0.9206008315086365
3565,0.3063,0.9279757142066956
3566,0.2549,0.9499596357345581
3567,0.2469,0.9422011375427246
3568,0.3455,0.9194467067718506
3569,0.3809,0.9103663563728333
3570,0.2867,0.9358867406845093
3571,0.2526,0.9407345652580261
3572,0.2975,0.9306020140647888
3573,0.2678,0.939947783946991
3574,0.4278,0.9001623392105103
3575,0.3326,0.9220665693283081
3576,0.4313,0.8999173045158386
3577,0.2517,0.9386835098266602
3578,0.364,0.9009556770324707
3579,0.4034,0.9130824208259583
3580,0.438,0.896872341632843
3581,0.3737,0.9054545164108276
3582,0.3892,0.91060471534729
3583,0.4235,0.902614951133728
3584,0.387,0.9098277688026428
3585,0.3588,0.9150197505950928
3586,0.3929,0.909528374671936
3587,0.3389,0.922457218170166
3588,0.3562,0.9241517186164856
3589,0.379,0.9037266969680786
3590,0.3069,0.9234800934791565
3591,0.3535,0.9177142977714539
3592,0.3657,0.9166666865348816
3593,0.3048,0.9230769276618958
3594,0.3275,0.9190687537193298
3595,0.4202,0.9119350910186768
3596,0.4756,0.8954023122787476
3597,0.4115,0.9144578576087952
3598,0.3602,0.9093167781829834
3599,0.4355,0.9136598110198975
3600,0.3055,0.9302670359611511
3601,0.1147,0.9706828594207764
3602,0.113,0.9746192693710327
3603,0.2657,0.9400631189346313
3604,0.1716,0.9581422209739685
3605,0.2482,0.9422034621238708
3606,0.1896,0.9598470330238342
3607,0.2346,0.9533980488777161
3608,0.3084,0.93282151222229
3609,0.2111,0.9585964679718018
3610,0.5365,0.8867161273956299
3611,0.3806,0.9113667011260986
3612,0.3424,0.9213091731071472
3613,0.2677,0.9385185241699219
3614,0.264,0.9405940771102905
3615,0.3595,0.9197622537612915
3616,0.306,0.9282511472702026
3617,0.3662,0.9205992221832275
3618,0.3596,0.9190887808799744
3619,0.3265,0.929017186164856
3620,0.3169,0.9238410592079163
3621,0.3291,0.9205955266952515
3622,0.2697,0.9307359457015991
3623,0.3291,0.9398954510688782
3624,0.3364,0.9192000031471252
3625,0.3067,0.9234828352928162
3626,0.3197,0.9145815372467041
3627,0.3644,0.9138959646224976
3628,0.4553,0.8980291485786438
3629,0.4283,0.8980623483657837
3630,0.3812,0.9131578803062439
3631,0.3789,0.9212746024131775
3632,0.3284,0.9188922047615051
3633,0.3728,0.9118198752403259
3634,0.41,0.9038817286491394
3635,0.4655,0.8935361504554749
3636,0.4737,0.879692018032074
3637,0.4014,0.8951048851013184
3638,0.3466,0.9146721959114075
3639,0.4417,0.9087093472480774
3640,0.3383,0.9248677492141724
3641,0.3302,0.9200438261032104
3642,0.3429,0.9108911156654358
3643,0.3037,0.9313835501670837
3644,0.3353,0.913773775100708
3645,0.3115,0.9141176342964172
3646,0.3646,0.9125295281410217
3647,0.3423,0.9113608002662659
3648,0.3091,0.9290241003036499
3649,0.3778,0.9097937941551208
3650,0.3192,0.925117015838623
3651,0.1846,0.9589589834213257
3652,0.1378,0.9698539972305298
3653,0.1147,0.9766177535057068
3654,0.2061,0.9523809552192688
3655,0.1915,0.9587993025779724
3656,0.3406,0.9301760792732239
3657,0.2643,0.9421855211257935
3658,0.2435,0.9476127028465271
3659,0.2599,0.9402984976768494
3660,0.2105,0.952654242515564
3661,0.3745,0.9144421815872192
3662,0.3847,0.9138047099113464
3663,0.2833,0.9446839094161987
3664,0.2847,0.9303843379020691
3665,0.3178,0.9182795882225037
3666,0.2175,0.9491267800331116
3667,0.2838,0.9380325078964233
3668,0.3013,0.9317628145217896
3669,0.3167,0.9186992049217224
3670,0.3016,0.9332234263420105
3671,0.3169,0.9211822748184204
3672,0.3716,0.9121951460838318
3673,0.3113,0.9170124530792236
3674,0.3445,0.9173354506492615
3675,0.3792,0.9116666913032532
3676,0.3461,0.9206625819206238
3677,0.2775,0.9444941878318787
3678,0.4574,0.8943948149681091
3679,0.4209,0.8951241970062256
3680,0.4422,0.8908098340034485
3681,0.4294,0.9039497375488281
3682,0.3565,0.9152073860168457
3683,0.3556,0.9123616218566895
3684,0.3163,0.9244186282157898
3685,0.4024,0.9074975848197937
3686,0.3662,0.9050949215888977
3687,0.3277,0.9287925958633423
3688,0.3525,0.9201213121414185
3689,0.2431,0.9432772994041443
3690,0.3794,0.9129533767700195
3691,0.2847,0.9293361902236938
3692,0.3133,0.9313725233078003
3693,0.4126,0.9071274399757385
3694,0.3315,0.9247190952301025
3695,0.3029,0.9288256168365479
3696,0.4,0.9144508838653564
3697,0.3654,0.9204819202423096
3698,0.3808,0.9171817302703857
3699,0.3559,0.9142496585845947
3700,0.3397,0.9305949211120605
3701,0.1758,0.9628114700317383
3702,0.2022,0.9550332427024841
3703,0.2647,0.9507494568824768
3704,0.265,0.942905604839325
3705,0.2285,0.9527069330215454
3706,0.2566,0.9506641626358032
3707,0.1405,0.9692005515098572
3708,0.3955,0.9104666113853455
3709,0.2973,0.9359999895095825
3710,0.2325,0.9524485468864441
3711,0.2935,0.9348127841949463
3712,0.3486,0.90964674949646
3713,0.2635,0.9452257752418518
3714,0.3044,0.9335740208625793
3715,0.3149,0.9360243678092957
3716,0.3961,0.9144542813301086
3717,0.3872,0.9150943160057068
3718,0.3485,0.9271730780601501
3719,0.394,0.9222309589385986
3720,0.4035,0.9043611288070679
3721,0.391,0.9233306050300598
3722,0.3955,0.9096934795379639
3723,0.4108,0.9086459875106812
3724,0.3676,0.923202633857727
3725,0.3707,0.9101941585540771
3726,0.4395,0.8995137810707092
3727,0.27,0.9312557578086853
3728,0.2876,0.931654691696167
3729,0.3758,0.9108561277389526
3730,0.2443,0.9511961936950684
3731,0.3348,0.9273229241371155
3732,0.3024,0.9185317754745483
3733,0.3653,0.9140480756759644
3734,0.3991,0.9011194109916687
3735,0.3558,0.9163534045219421
3736,0.3512,0.9203109741210938
3737,0.3241,0.9223790168762207
3738,0.353,0.9176587462425232
3739,0.4379,0.9111807942390442
3740,0.4017,0.9017050862312317
3741,0.2968,0.9279279112815857
3742,0.3497,0.9184321761131287
3743,0.3017,0.9254587292671204
3744,0.4,0.9063205122947693
3745,0.3447,0.924096405506134
3746,0.3622,0.9091995358467102
3747,0.3796,0.9151732325553894
3748,0.3352,0.9204406142234802
3749,0.346,0.9201520681381226
3750,0.4755,0.9039039015769958
3751,0.1575,0.96346515417099
3752,0.2439,0.9392111301422119
3753,0.2116,0.9559585452079773
3754,0.2511,0.9366196990013123
3755,0.2085,0.9569190740585327
3756,0.313,0.9367007613182068
3757,0.2583,0.9417670965194702
3758,0.2425,0.9431437849998474
3759,0.2219,0.9486823678016663
3760,0.2799,0.9406548142433167
3761,0.2675,0.9440950155258179
3762,0.2314,0.9524904489517212
3763,0.4527,0.903292179107666
3764,0.3052,0.9334341883659363
3765,0.2542,0.939577043056488
3766,0.3648,0.9169701337814331
3767,0.3013,0.9351562261581421
3768,0.3332,0.9162861704826355
3769,0.3283,0.9312977194786072
3770,0.3957,0.9143087863922119
3771,0.1574,0.9645776748657227
3772,0.3602,0.9215359091758728
3773,0.3473,0.9195402264595032
3774,0.3058,0.9317032098770142
3775,0.2809,0.9321148991584778
3776,0.3905,0.9047224521636963
3777,0.3169,0.9275362491607666
3778,0.3744,0.9085469841957092
3779,0.3828,0.9079173803329468
3780,0.3791,0.8998161554336548
3781,0.274,0.9483747482299805
3782,0.3414,0.9209783673286438
3783,0.3323,0.9232283234596252
3784,0.3789,0.9116541147232056
3785,0.3755,0.9082217812538147
3786,0.3415,0.9153992533683777
3787,0.3689,0.9138100147247314
3788,0.3718,0.913470983505249
3789,0.3604,0.9056047201156616
3790,0.2835,0.9319654703140259
3791,0.3357,0.9176470637321472
3792,0.3415,0.9316909313201904
3793,0.4241,0.9062844514846802
3794,0.2849,0.9342105388641357
3795,0.4244,0.8903301954269409
3796,0.4481,0.8946772217750549
3797,0.3259,0.9163591861724854
3798,0.378,0.91486656665802
3799,0.3194,0.9229764938354492
3800,0.3404,0.9275362491607666
3801,0.1393,0.9678776264190674
3802,0.1775,0.9635795950889587
3803,0.1402,0.9736989140510559
3804,0.237,0.9511764645576477
3805,0.247,0.9398012757301331
3806,0.2485,0.9461827278137207
3807,0.3906,0.9107468128204346
3808,0.2718,0.9375813007354736
3809,0.1911,0.9528688788414001
3810,0.2089,0.9538572430610657
3811,0.3932,0.9007138013839722
3812,0.4205,0.898245632648468
3813,0.3377,0.9159911274909973
3814,0.3027,0.931538462638855
3815,0.3832,0.9100719690322876
3816,0.3158,0.9322709441184998
3817,0.3106,0.9344524145126343
3818,0.2772,0.9396411180496216
3819,0.4287,0.8985849022865295
3820,0.3953,0.9048361778259277
3821,0.3048,0.9270133972167969
3822,0.396,0.909604549407959
3823,0.3372,0.9241549968719482
3824,0.3919,0.9104234576225281
3825,0.4293,0.9057591557502747
3826,0.313,0.9312775135040283
3827,0.3395,0.9206625819206238
3828,0.2654,0.9375
3829,0.2263,0.9488416910171509
3830,0.4155,0.8980496525764465
3831,0.4308,0.9042844176292419
3832,0.4037,0.9036036133766174
3833,0.2873,0.9348469972610474
3834,0.4592,0.8900184631347656
3835,0.3613,0.9116504788398743
3836,0.366,0.9172216653823853
3837,0.3405,0.9125799536705017
3838,0.3938,0.9156118035316467
3839,0.3506,0.9179487228393555
3840,0.3906,0.9143763184547424
3841,0.3535,0.9117646813392639
3842,0.285,0.9206008315086365
3843,0.2901,0.9386792182922363
3844,0.416,0.9049217104911804
3845,0.2353,0.9358226656913757
3846,0.2902,0.9268292784690857
3847,0.3249,0.9191176295280457
3848,0.379,0.9214723706245422
3849,0.3961,0.9167767763137817
3850,0.328,0.9282442927360535
3851,0.2,0.9539117217063904
3852,0.1938,0.9567515850067139
3853,0.2443,0.9448860883712769
3854,0.2541,0.9424379467964172
3855,0.334,0.9298143982887268
3856,0.2718,0.9394518733024597
3857,0.2175,0.9629375338554382
3858,0.3227,0.918936014175415
3859,0.2878,0.9349967241287231
3860,0.3141,0.9298496842384338
3861,0.2706,0.9437412023544312
3862,0.2969,0.932330846786499
3863,0.2878,0.9272058606147766
3864,0.3378,0.9199700951576233
3865,0.4182,0.8909853100776672
3866,0.2457,0.9531123638153076
3867,0.3908,0.9192085862159729
3868,0.3536,0.9250814318656921
3869,0.305,0.9252557158470154
3870,0.3563,0.9147947430610657
3871,0.3306,0.9367521405220032
3872,0.2827,0.9299674034118652
3873,0.2747,0.9388275146484375
3874,0.3878,0.8989899158477783
3875,0.3814,0.9123966693878174
3876,0.4108,0.9130781292915344
3877,0.3865,0.9029462933540344
3878,0.3495,0.9204646944999695
3879,0.3469,0.9236234426498413
3880,0.3111,0.9321561455726624
3881,0.3027,0.9241114258766174
3882,0.3142,0.9300492405891418
3883,0.3979,0.9054441452026367
3884,0.3782,0.8990740776062012
3885,0.3385,0.9217821955680847
3886,0.4244,0.905102014541626
3887,0.341,0.9208025336265564
3888,0.41,0.9053254723548889
3889,0.3275,0.9210526347160339
3890,0.3715,0.9109588861465454
3891,0.3035,0.9272116422653198
3892,0.4738,0.9042189121246338
3893,0.5366,0.874049961566925
3894,0.4432,0.9055489897727966
3895,0.4047,0.8902007341384888
3896,0.2492,0.9494163393974304
3897,0.4529,0.9094203114509583
3898,0.3142,0.9269521236419678
3899,0.2797,0.9306122660636902
3900,0.3166,0.9283667802810669
3901,0.1577,0.9612147808074951
3902,0.1426,0.9707841873168945
3903,0.1945,0.9588075876235962
3904,0.2267,0.9470868110656738
3905,0.1877,0.9618820548057556
3906,0.2673,0.9472704529762268
3907,0.2163,0.9559105634689331
3908,0.2535,0.9371499419212341
3909,0.3067,0.9275362491607666
3910,0.2106,0.9474039077758789
3911,0.2448,0.9559147953987122
3912,0.225,0.9444844722747803
3913,0.3119,0.9208333492279053
3914,0.2497,0.938960075378418
3915,0.225,0.9549114108085632
3916,0.2675,0.9378742575645447
3917,0.2808,0.9231939315795898
3918,0.2545,0.944968581199646
3919,0.266,0.9370339512825012
3920,0.27,0.9360995888710022
3921,0.2716,0.9312344789505005
3922,0.2927,0.927642285823822
3923,0.4129,0.9016522169113159
3924,0.2861,0.9450450539588928
3925,0.3255,0.9235197305679321
3926,0.455,0.8937351107597351
3927,0.3134,0.9318801164627075
3928,0.2715,0.9344115257263184
3929,0.3398,0.914260745048523
3930,0.3806,0.9120287299156189
3931,0.3768,0.9054415822029114
3932,0.3051,0.9270073175430298
3933,0.3784,0.9084112048149109
3934,0.361,0.9009345769882202
3935,0.3441,0.9170731902122498
3936,0.3829,0.9042253494262695
3937,0.4627,0.8915441036224365
3938,0.4008,0.9036259651184082
3939,0.3879,0.9088114500045776
3940,0.4518,0.9066107273101807
3941,0.4009,0.9066107273101807
3942,0.4206,0.9005128145217896
3943,0.374,0.9189189076423645
3944,0.3173,0.9255813956260681
3945,0.3371,0.9212962985038757
3946,0.292,0.9326112866401672
3947,0.2553,0.9342265725135803
3948,0.3718,0.9169859290122986
3949,0.391,0.9025641083717346
3950,0.2581,0.9385964870452881
3951,0.2532,0.9380654096603394
3952,0.2118,0.9541646242141724
3953,0.185,0.96390300989151
3954,0.2841,0.9347004890441895
3955,0.3216,0.9305816292762756
3956,0.3059,0.9325421452522278
3957,0.2059,0.9566377401351929
3958,0.1467,0.9616175293922424
3959,0.2218,0.9558514356613159
3960,0.2958,0.9294915199279785
3961,0.3488,0.920945942401886
3962,0.2998,0.9224860072135925
3963,0.3806,0.9138525128364563
3964,0.3341,0.9251453280448914
3965,0.2821,0.9324116706848145
3966,0.3222,0.9374505281448364
3967,0.2761,0.9322834610939026
3968,0.3814,0.9011799693107605
3969,0.257,0.9474562406539917
3970,0.3043,0.9286328554153442
3971,0.3457,0.9189412593841553
3972,0.3427,0.9128595590591431
3973,0.365,0.90625
3974,0.3232,0.9140233993530273
3975,0.3913,0.9201452136039734
3976,0.3725,0.9142381548881531
3977,0.3909,0.9150382280349731
3978,0.2968,0.929411768913269
3979,0.3426,0.9224452376365662
3980,0.3547,0.9109347462654114
3981,0.3869,0.9031389951705933
3982,0.4248,0.8961845636367798
3983,0.306,0.9236111044883728
3984,0.3729,0.9086584448814392
3985,0.3933,0.9111968874931335
3986,0.3543,0.9236790537834167
3987,0.2875,0.9260780215263367
3988,0.3639,0.9149590134620667
3989,0.3562,0.9122621417045593
3990,0.4441,0.893203854560852
3991,0.2709,0.930475115776062
3992,0.3856,0.9086021780967712
3993,0.372,0.9041849970817566
3994,0.4161,0.9085778594017029
3995,0.4036,0.9086757898330688
3996,0.3153,0.9250891804695129
3997,0.4612,0.9052757620811462
3998,0.3636,0.9085290431976318
3999,0.332,0.9228758215904236
4000,0.2984,0.9307228922843933
4001,0.1445,0.9622578620910645
4002,0.1542,0.9669421315193176
4003,0.2296,0.953871488571167
4004,0.2237,0.9529276490211487
4005,0.2404,0.9524999856948853
4006,0.1624,0.9685695767402649
4007,0.3443,0.9248447418212891
4008,0.1597,0.9666898250579834
4009,0.2503,0.9433833360671997
4010,0.23,0.9471830725669861
4011,0.3174,0.9210526347160339
4012,0.3102,0.9324780702590942
4013,0.3215,0.9215965867042542
4014,0.2708,0.9388679265975952
4015,0.2239,0.9424572587013245
4016,0.4213,0.8923705816268921
4017,0.2912,0.9278663396835327
4018,0.3466,0.9232558012008667
4019,0.2398,0.9375
4020,0.2896,0.9329172968864441
4021,0.2879,0.9289795756340027
4022,0.2701,0.9327659606933594
4023,0.3285,0.9198691844940186
4024,0.4042,0.8966061472892761
4025,0.2871,0.9280639290809631
4026,0.3438,0.9209591746330261
4027,0.2793,0.9312499761581421
4028,0.3978,0.9030402898788452
4029,0.3753,0.9053308963775635
4030,0.3101,0.9192007184028625
4031,0.2997,0.9292452931404114
4032,0.3046,0.9234404563903809
4033,0.4158,0.8964285850524902
4034,0.4179,0.9054680466651917
4035,0.2949,0.9277606010437012
4036,0.2727,0.9276859760284424
4037,0.3885,0.9069539904594421
4038,0.3838,0.9077720046043396
4039,0.3499,0.9027355909347534
4040,0.34,0.9156883955001831
4041,0.3605,0.9104016423225403
4042,0.3297,0.9238410592079163
4043,0.2885,0.9271900057792664
4044,0.3103,0.9274553656578064
4045,0.3802,0.9092944860458374
4046,0.3515,0.9157769680023193
4047,0.2735,0.9331651926040649
4048,0.3746,0.9147658944129944
4049,0.3996,0.9107373952865601
4050,0.3509,0.9174560308456421
4051,0.2831,0.9240905046463013
4052,0.1414,0.9688775539398193
4053,0.2244,0.9504950642585754
4054,0.1269,0.9768115878105164
4055,0.217,0.949941098690033
4056,0.1782,0.9605650305747986
4057,0.2675,0.9402984976768494
4058,0.2227,0.9522272348403931
4059,0.386,0.9152227640151978
4060,0.2797,0.9354838728904724
4061,0.2896,0.9303160905838013
4062,0.4111,0.9059373140335083
4063,0.2742,0.944486141204834
4064,0.3363,0.9121107459068298
4065,0.3122,0.929315447807312
4066,0.2879,0.9295988082885742
4067,0.3314,0.9169755578041077
4068,0.2116,0.9462875127792358
4069,0.3668,0.9048951268196106
4070,0.3166,0.922535240650177
4071,0.2779,0.9310624599456787
4072,0.3363,0.9183333516120911
4073,0.3794,0.9090909361839294
4074,0.2501,0.9350758790969849
4075,0.3731,0.9042820930480957
4076,0.4882,0.8906379342079163
4077,0.3486,0.9142114520072937
4078,0.3907,0.9050419926643372
4079,0.2448,0.9346866607666016
4080,0.4499,0.899915874004364
4081,0.3809,0.9162303805351257
4082,0.379,0.9109947681427002
4083,0.3618,0.9135338068008423
4084,0.4756,0.8936810493469238
4085,0.2758,0.9340550899505615
4086,0.4493,0.8935970067977905
4087,0.4124,0.9054054021835327
4088,0.3381,0.9136179089546204
4089,0.3574,0.9164927005767822
4090,0.4358,0.886294424533844
4091,0.3112,0.9327641129493713
4092,0.3228,0.9164835214614868
4093,0.3559,0.9105779528617859
4094,0.3206,0.9292929172515869
4095,0.3082,0.9220023155212402
4096,0.3231,0.9204819202423096
4097,0.2457,0.9447115659713745
4098,0.4277,0.8967193365097046
4099,0.3351,0.9184713363647461
4100,0.3118,0.933425784111023
4101,0.1333,0.9692307710647583
4102,0.1187,0.9726829528808594
4103,0.2062,0.9555180072784424
4104,0.2486,0.9422572255134583
4105,0.2408,0.9496855139732361
4106,0.2118,0.956204354763031
4107,0.2071,0.9560367465019226
4108,0.3057,0.9343065619468689
4109,0.3345,0.9099868535995483
4110,0.2049,0.9602600932121277
4111,0.2391,0.9494584798812866
4112,0.3316,0.930115282535553
4113,0.3658,0.9138290286064148
4114,0.3132,0.933191180229187
4115,0.2634,0.9439688920974731
4116,0.2808,0.9413604140281677
4117,0.3002,0.9373493790626526
4118,0.2706,0.9312252998352051
4119,0.3171,0.9362054467201233
4120,0.3547,0.9086722731590271
4121,0.3453,0.9166004657745361
4122,0.2917,0.9210314154624939
4123,0.4018,0.9061561822891235
4124,0.3806,0.9140562415122986
4125,0.3104,0.9209591746330261
4126,0.327,0.9247675538063049
4127,0.364,0.9063574075698853
4128,0.4029,0.9125441908836365
4129,0.3858,0.9051281809806824
4130,0.3004,0.9369786977767944
4131,0.3154,0.9194756746292114
4132,0.3318,0.9278846383094788
4133,0.4233,0.9023090600967407
4134,0.3281,0.9134438037872314
4135,0.4425,0.8905380368232727
4136,0.2786,0.9322034120559692
4137,0.3827,0.900390625
4138,0.3828,0.9070450067520142
4139,0.271,0.9367369413375854
4140,0.4163,0.9015228152275085
4141,0.3775,0.9196525812149048
4142,0.3429,0.9220636487007141
4143,0.3846,0.9205297827720642
4144,0.3322,0.9099201560020447
4145,0.3324,0.926182210445404
4146,0.3391,0.9140893220901489
4147,0.3345,0.9349397420883179
4148,0.3422,0.9225092530250549
4149,0.3118,0.9311224222183228
4150,0.2275,0.9518248438835144
4151,0.1802,0.9608122706413269
4152,0.2636,0.9460808634757996
4153,0.1979,0.9507631659507751
4154,0.1666,0.9673423171043396
4155,0.4883,0.8887799978256226
4156,0.2401,0.9442402124404907
4157,0.1704,0.9618169665336609
4158,0.2665,0.9316294193267822
4159,0.1845,0.9637155532836914
4160,0.2751,0.9377139210700989
4161,0.3409,0.9187418222427368
4162,0.3919,0.9058663249015808
4163,0.3518,0.9136841893196106
4164,0.2691,0.9326087236404419
4165,0.2472,0.937831699848175
4166,0.3582,0.9143884778022766
4167,0.2596,0.9434406757354736
4168,0.3089,0.9269961714744568
4169,0.3853,0.9040697813034058
4170,0.4064,0.9026217460632324
4171,0.2633,0.9441201090812683
4172,0.3901,0.9068322777748108
4173,0.2457,0.9426644444465637
4174,0.3,0.9262981414794922
4175,0.3882,0.9077306985855103
4176,0.2424,0.9468178153038025
4177,0.3182,0.9265232682228088
4178,0.3213,0.9195597171783447
4179,0.2815,0.9265092015266418
4180,0.3567,0.9080851078033447
4181,0.3667,0.9088423252105713
4182,0.3037,0.935546875
4183,0.4301,0.9013961553573608
4184,0.3027,0.9256038665771484
4185,0.3016,0.9283667802810669
4186,0.2806,0.9225490093231201
4187,0.3786,0.9054580926895142
4188,0.3972,0.8963474631309509
4189,0.4018,0.9048582911491394
4190,0.3355,0.925726592540741
4191,0.3308,0.9145945906639099
4192,0.4332,0.8959660530090332
4193,0.3571,0.9168514609336853
4194,0.3263,0.9213973879814148
4195,0.3317,0.9237089157104492
4196,0.3081,0.9224242568016052
4197,0.3828,0.9131483435630798
4198,0.3662,0.9103030562400818
4199,0.2902,0.9287531971931458
4200,0.3171,0.9300291538238525
4201,0.2102,0.9500865340232849
4202,0.2781,0.9359177350997925
4203,0.2083,0.9521807432174683
4204,0.1453,0.9671469926834106
4205,0.1223,0.9716354608535767
4206,0.2589,0.9408468008041382
4207,0.2187,0.9512040615081787
4208,0.2351,0.9396985173225403
4209,0.2508,0.9424118995666504
4210,0.1879,0.9548978209495544
4211,0.2045,0.9582089781761169
4212,0.2129,0.9537444710731506
4213,0.3787,0.9127094745635986
4214,0.2926,0.9382529854774475
4215,0.2898,0.9340329766273499
4216,0.2361,0.9447557926177979
4217,0.3515,0.926734209060669
4218,0.3494,0.9272587895393372
4219,0.4005,0.9056469202041626
4220,0.3609,0.9172466993331909
4221,0.3466,0.9226519465446472
4222,0.2913,0.9279869198799133
4223,0.2866,0.9353233575820923
4224,0.3361,0.9127301573753357
4225,0.3363,0.9220339059829712
4226,0.3625,0.9147287011146545
4227,0.3005,0.9405756592750549
4228,0.2984,0.9409486651420593
4229,0.4139,0.9021645188331604
4230,0.3236,0.921076238155365
4231,0.3789,0.9086115956306458
4232,0.362,0.9166666865348816
4233,0.2942,0.9353281855583191
4234,0.3659,0.9109311699867249
4235,0.322,0.9243295192718506
4236,0.3357,0.9125736951828003
4237,0.3435,0.9240121841430664
4238,0.4114,0.9050444960594177
4239,0.3985,0.904296875
4240,0.3053,0.9290187954902649
4241,0.3028,0.9311828017234802
4242,0.4267,0.9021276831626892
4243,0.3091,0.9307359457015991
4244,0.2934,0.9288991093635559
4245,0.3364,0.9193729162216187
4246,0.303,0.926682710647583
4247,0.3881,0.9128386378288269
4248,0.2604,0.9282115697860718
4249,0.3501,0.9259259104728699
4250,0.4322,0.9030470848083496
4251,0.2374,0.9411177635192871
4252,0.1347,0.9727272987365723
4253,0.2341,0.9571129679679871
4254,0.2011,0.9535518884658813
4255,0.1885,0.9664556980133057
4256,0.1755,0.9695079922676086
4257,0.1754,0.9570032358169556
4258,0.2327,0.9463294148445129
4259,0.2829,0.9273927211761475
4260,0.3183,0.9264150857925415
4261,0.2677,0.9345357418060303
4262,0.4015,0.906207799911499
4263,0.3111,0.9310839772224426
4264,0.3204,0.9272996783256531
4265,0.3829,0.9127094745635986
4266,0.2455,0.9443137049674988
4267,0.2127,0.9490994811058044
4268,0.3086,0.926562488079071
4269,0.2897,0.9295120239257812
4270,0.3035,0.92734694480896
4271,0.2407,0.9486099481582642
4272,0.3526,0.9147157073020935
4273,0.3078,0.9253968000411987
4274,0.3782,0.9075770378112793
4275,0.3131,0.9276807904243469
4276,0.4047,0.9058629274368286
4277,0.3516,0.9242928624153137
4278,0.3315,0.9231433272361755
4279,0.4093,0.9014900922775269
4280,0.3584,0.9106992483139038
4281,0.2958,0.9407114386558533
4282,0.3545,0.9232264161109924
4283,0.3552,0.909584105014801
4284,0.3292,0.9103182554244995
4285,0.4259,0.9032846689224243
4286,0.3351,0.9198841452598572
4287,0.393,0.8922783732414246
4288,0.3623,0.9115646481513977
4289,0.3879,0.9120553135871887
4290,0.3786,0.9081836342811584
4291,0.322,0.9425531625747681
4292,0.3247,0.9197002053260803
4293,0.4639,0.8923720121383667
4294,0.3559,0.9192264080047607
4295,0.3361,0.918735921382904
4296,0.3854,0.9158536791801453
4297,0.3196,0.9358024597167969
4298,0.2719,0.9331619739532471
4299,0.3409,0.9271523356437683
4300,0.2442,0.9451851844787598
4301,0.1091,0.9742472171783447
4302,0.1799,0.9578163623809814
4303,0.2996,0.9325902462005615
4304,0.2565,0.9431567192077637
4305,0.2544,0.9446662664413452
4306,0.2555,0.9417657852172852
4307,0.1533,0.9602347016334534
4308,0.2511,0.9452332854270935
4309,0.3062,0.9242923259735107
4310,0.3722,0.9109498858451843
4311,0.2692,0.9474442005157471
4312,0.3445,0.9121027588844299
4313,0.3133,0.9248723387718201
4314,0.3353,0.9279757142066956
4315,0.2943,0.9305019378662109
4316,0.3095,0.9305873513221741
4317,0.3463,0.9287374019622803
4318,0.3942,0.9026898741722107
4319,0.2998,0.9355102181434631
4320,0.2724,0.9300583004951477
4321,0.3101,0.9219858050346375
4322,0.3188,0.9245929718017578
4323,0.2933,0.9278804063796997
4324,0.3249,0.9222028255462646
4325,0.1909,0.9505135416984558
4326,0.3596,0.9218891859054565
4327,0.3106,0.9296526908874512
4328,0.3776,0.9114260673522949
4329,0.4345,0.9021834135055542
4330,0.4286,0.8948276042938232
4331,0.4327,0.9028375148773193
4332,0.2751,0.9353575110435486
4333,0.3948,0.9105461239814758
4334,0.3099,0.9219924807548523
4335,0.3419,0.9196786880493164
4336,0.2882,0.9319066405296326
4337,0.3986,0.9135802388191223
4338,0.3457,0.9213602542877197
4339,0.284,0.929100513458252
4340,0.3499,0.9166666865348816
4341,0.3556,0.920265793800354
4342,0.3,0.9247311949729919
4343,0.3649,0.9051819443702698
4344,0.4498,0.8826754093170166
4345,0.3053,0.9250288605690002
4346,0.3204,0.9233490824699402
4347,0.287,0.9253365993499756
4348,0.4545,0.8949939012527466
4349,0.3217,0.9245773553848267
4350,0.4234,0.9149253964424133
4351,0.1652,0.9605262875556946
4352,0.1468,0.9677419066429138
4353,0.1658,0.9550684690475464
4354,0.1751,0.9651917219161987
4355,0.2498,0.9469240307807922
4356,0.2663,0.9390547275543213
4357,0.1859,0.9554973840713501
4358,0.2065,0.953346848487854
4359,0.1793,0.9666666388511658
4360,0.2876,0.9334638118743896
4361,0.1871,0.9518492817878723
4362,0.3786,0.9254658222198486
4363,0.2968,0.9307143092155457
4364,0.2881,0.9396802186965942
4365,0.3346,0.9207630157470703
4366,0.3116,0.9287925958633423
4367,0.3159,0.924369752407074
4368,0.3214,0.9241960048675537
4369,0.3227,0.9257842302322388
4370,0.297,0.9295018911361694
4371,0.3043,0.9279661178588867
4372,0.3995,0.9125506281852722
4373,0.287,0.9292683005332947
4374,0.2652,0.9342442154884338
4375,0.2584,0.9355961680412292
4376,0.3694,0.9128978252410889
4377,0.3797,0.9133047461509705
4378,0.2949,0.940403163433075
4379,0.3643,0.915517270565033
4380,0.3306,0.9218891859054565
4381,0.3301,0.914893627166748
4382,0.3428,0.9192982316017151
4383,0.4438,0.8913233876228333
4384,0.4133,0.9094412326812744
4385,0.4066,0.906191349029541
4386,0.3589,0.920634925365448
4387,0.2843,0.9358717203140259
4388,0.3646,0.9107662439346313
4389,0.3933,0.9145728349685669
4390,0.3904,0.9049080014228821
4391,0.3815,0.9024640917778015
4392,0.3172,0.9229910969734192
4393,0.3559,0.9160839319229126
4394,0.3363,0.9241540431976318
4395,0.3714,0.9205983877182007
4396,0.373,0.9127358198165894
4397,0.3118,0.9177438020706177
4398,0.2956,0.9330085515975952
4399,0.4012,0.9018405079841614
4400,0.3554,0.9169014096260071
4401,0.1301,0.9741572737693787
4402,0.2384,0.9513052105903625
4403,0.2462,0.9498381614685059
4404,0.2024,0.9570378661155701
4405,0.1719,0.9659735560417175
4406,0.178,0.9647696614265442
4407,0.2004,0.9572261571884155
4408,0.2787,0.9300254583358765
4409,0.2918,0.9355888366699219
4410,0.1949,0.9587412476539612
4411,0.3733,0.9209237098693848
4412,0.2711,0.9346590638160706
4413,0.2119,0.9536275267601013
4414,0.2905,0.9332833290100098
4415,0.3539,0.9257389903068542
4416,0.2925,0.9324009418487549
4417,0.3099,0.9289534091949463
4418,0.2311,0.950710117816925
4419,0.3769,0.9042397737503052
4420,0.3522,0.9196911454200745
4421,0.2383,0.9382113814353943
4422,0.2521,0.9456140398979187
4423,0.3727,0.9122944474220276
4424,0.2783,0.9436501264572144
4425,0.3362,0.9132266044616699
4426,0.4038,0.8970471024513245
4427,0.3907,0.9038785696029663
4428,0.315,0.9232780933380127
4429,0.3913,0.9048427939414978
4430,0.2767,0.9356568455696106
4431,0.3653,0.9215866923332214
4432,0.3029,0.9244768023490906
4433,0.4635,0.8958147764205933
4434,0.3435,0.9132462739944458
4435,0.3756,0.9159741401672363
4436,0.3364,0.9272727370262146
4437,0.384,0.9161041378974915
4438,0.4418,0.9008662104606628
4439,0.3644,0.912778913974762
4440,0.3543,0.9114053249359131
4441,0.4373,0.9002078771591187
4442,0.3843,0.9065126180648804
4443,0.3537,0.9168490171432495
4444,0.3325,0.9183006286621094
4445,0.3363,0.9227166175842285
4446,0.3811,0.9060710072517395
4447,0.3715,0.9164677858352661
4448,0.2776,0.9286592602729797
4449,0.2614,0.9362549781799316
4450,0.3517,0.911301851272583
4451,0.1914,0.9567723274230957
4452,0.1852,0.9571502208709717
4453,0.1993,0.9567801356315613
4454,0.1872,0.9608802199363708
4455,0.1999,0.961939811706543
4456,0.2539,0.9358670115470886
4457,0.3988,0.91188645362854
4458,0.2307,0.9496355056762695
4459,0.2722,0.9399585723876953
4460,0.2156,0.948503851890564
4461,0.3298,0.9156626462936401
4462,0.2994,0.9323843121528625
4463,0.356,0.9139344096183777
4464,0.2744,0.940119743347168
4465,0.2449,0.9436846375465393
4466,0.3834,0.908618152141571
4467,0.2197,0.9527999758720398
4468,0.2685,0.9327794313430786
4469,0.3175,0.9271685481071472
4470,0.4601,0.8870853781700134
4471,0.2258,0.9514893889427185
4472,0.2983,0.9352396726608276
4473,0.281,0.9268907308578491
4474,0.2887,0.9337568283081055
4475,0.3727,0.918656051158905
4476,0.2914,0.9235395193099976
4477,0.3619,0.910743772983551
4478,0.4,0.9042178988456726
4479,0.388,0.9066666960716248
4480,0.4718,0.9086115956306458
4481,0.3565,0.9195075631141663
4482,0.3563,0.9073593020439148
4483,0.3094,0.9260326623916626
4484,0.3595,0.9164319038391113
4485,0.3455,0.9186046719551086
4486,0.3721,0.913567841053009
4487,0.3611,0.916500985622406
4488,0.373,0.9151138663291931
4489,0.3627,0.9165797829627991
4490,0.3561,0.9125127196311951
4491,0.3597,0.9175365567207336
4492,0.3941,0.9140021800994873
4493,0.3938,0.9005405306816101
4494,0.4038,0.9055117964744568
4495,0.3338,0.9167643785476685
4496,0.3388,0.9206534624099731
4497,0.3299,0.9141474962234497
4498,0.3211,0.9285714030265808
4499,0.3726,0.9194373488426208
4500,0.2745,0.9315642714500427
4501,0.2757,0.937002420425415
4502,0.2871,0.9393346309661865
4503,0.1596,0.9581294059753418
4504,0.3022,0.926802396774292
4505,0.2508,0.9469879269599915
4506,0.2377,0.9520766735076904
4507,0.2417,0.9490886330604553
4508,0.3158,0.9230769276618958
4509,0.3389,0.9306864142417908
4510,0.2209,0.9546109437942505
4511,0.2165,0.9502074718475342
4512,0.3,0.9287709593772888
4513,0.249,0.9412219524383545
4514,0.2323,0.9444444179534912
4515,0.2948,0.9317484498023987
4516,0.266,0.936420738697052
4517,0.2042,0.9561181664466858
4518,0.411,0.9015151262283325
4519,0.3101,0.9193422198295593
4520,0.3,0.9267100691795349
4521,0.4159,0.888565182685852
4522,0.3592,0.9133738875389099
4523,0.3208,0.917637288570404
4524,0.3056,0.9367720484733582
4525,0.312,0.9269949197769165
4526,0.4312,0.886541485786438
4527,0.3747,0.9180765748023987
4528,0.3162,0.9167389273643494
4529,0.3033,0.9249049425125122
4530,0.3862,0.9088472127914429
4531,0.2574,0.9385474920272827
4532,0.3767,0.9041353464126587
4533,0.3284,0.9234317541122437
4534,0.3743,0.9132462739944458
4535,0.373,0.9056956171989441
4536,0.3399,0.9276190400123596
4537,0.3233,0.9186508059501648
4538,0.3033,0.9297520518302917
4539,0.3511,0.9202127456665039
4540,0.3867,0.9068255424499512
4541,0.3123,0.9229910969734192
4542,0.3649,0.9148229956626892
4543,0.3274,0.9254727363586426
4544,0.3502,0.9259259104728699
4545,0.4146,0.9063205122947693
4546,0.3084,0.9270334839820862
4547,0.2656,0.9365671873092651
4548,0.3501,0.914893627166748
4549,0.3743,0.9194805026054382
4550,0.2934,0.9356643557548523
4551,0.2998,0.9306895136833191
4552,0.1844,0.960852324962616
4553,0.2901,0.9330968260765076
4554,0.235,0.9537407159805298
4555,0.1545,0.9674940705299377
4556,0.2056,0.9621657133102417
4557,0.1653,0.971061110496521
4558,0.2867,0.9248447418212891
4559,0.2723,0.9366515874862671
4560,0.3057,0.9338335394859314
4561,0.2795,0.9326988458633423
4562,0.3588,0.9114513993263245
4563,0.3629,0.9190140962600708
4564,0.3357,0.9215116500854492
4565,0.303,0.9349289536476135
4566,0.2222,0.9477726817131042
4567,0.4492,0.8975644707679749
4568,0.3728,0.9161807298660278
4569,0.236,0.9528455138206482
4570,0.217,0.9421965479850769
4571,0.2448,0.9438861012458801
4572,0.237,0.941821277141571
4573,0.2773,0.9334442615509033
4574,0.311,0.9217252135276794
4575,0.2998,0.9257981181144714
4576,0.2218,0.9543420076370239
4577,0.3789,0.9180743098258972
4578,0.3628,0.9108996391296387
4579,0.306,0.9273542761802673
4580,0.3833,0.9039450883865356
4581,0.4311,0.9014084339141846
4582,0.3392,0.9126559495925903
4583,0.2851,0.9404170513153076
4584,0.408,0.9085659384727478
4585,0.3992,0.8990908861160278
4586,0.3623,0.9200779795646667
4587,0.3402,0.9246435761451721
4588,0.4548,0.8911439180374146
4589,0.3152,0.9284232258796692
4590,0.3748,0.9065040946006775
4591,0.4256,0.8947368264198303
4592,0.3477,0.906315803527832
4593,0.2913,0.929844081401825
4594,0.3394,0.9182530641555786
4595,0.4092,0.9089874625205994
4596,0.3402,0.9191438555717468
4597,0.3837,0.9101517200469971
4598,0.3549,0.9124087691307068
4599,0.3863,0.9170984625816345
4600,0.2685,0.9386084675788879
4601,0.1542,0.9677966237068176
4602,0.1502,0.9642857313156128
4603,0.1498,0.9663512110710144
4604,0.1769,0.9638949632644653
4605,0.298,0.9251663088798523
4606,0.289,0.9349641799926758
4607,0.193,0.9568063020706177
4608,0.194,0.9588040113449097
4609,0.1792,0.9617486596107483
4610,0.2328,0.941054105758667
4611,0.1893,0.9556171894073486
4612,0.2557,0.9368998408317566
4613,0.3626,0.9143812656402588
4614,0.1955,0.9667195081710815
4615,0.3938,0.9071428775787354
4616,0.3171,0.920029878616333
4617,0.2437,0.9463850259780884
4618,0.163,0.9619520306587219
4619,0.1941,0.9593698382377625
4620,0.3721,0.9116064310073853
4621,0.2712,0.9446337223052979
4622,0.3105,0.9282137155532837
4623,0.3745,0.9139610528945923
4624,0.4381,0.8929421305656433
4625,0.2491,0.9506726264953613
4626,0.227,0.9446529150009155
4627,0.4811,0.886455774307251
4628,0.3057,0.9236842393875122
4629,0.3357,0.9193262457847595
4630,0.3948,0.8992180824279785
4631,0.3435,0.9255136847496033
4632,0.4364,0.8941798806190491
4633,0.3433,0.9224137663841248
4634,0.3317,0.9155339598655701
4635,0.2899,0.9262536764144897
4636,0.4146,0.9013410210609436
4637,0.3565,0.9120000004768372
4638,0.3712,0.9132189750671387
4639,0.3227,0.9256198406219482
4640,0.4053,0.9046652913093567
4641,0.2748,0.9440389275550842
4642,0.3033,0.9308855533599854
4643,0.3867,0.9133771657943726
4644,0.2644,0.9265734553337097
4645,0.3386,0.9158768057823181
4646,0.3476,0.9149184226989746
4647,0.2657,0.9303178191184998
4648,0.3205,0.9218950271606445
4649,0.3919,0.9105058312416077
4650,0.401,0.9217638969421387
4651,0.1585,0.9686729907989502
4652,0.1424,0.9658337831497192
4653,0.2712,0.9464864730834961
4654,0.1672,0.9639381766319275
4655,0.2732,0.946527361869812
4656,0.2417,0.9494491219520569
4657,0.2626,0.9507227540016174
4658,0.2237,0.957025945186615
4659,0.1922,0.9600825905799866
4660,0.2639,0.9361110925674438
4661,0.2607,0.9394356608390808
4662,0.3067,0.9333333373069763
4663,0.3254,0.9262472987174988
4664,0.17,0.9619205594062805
4665,0.2493,0.9428353905677795
4666,0.3625,0.9088277816772461
4667,0.254,0.9379532337188721
4668,0.3353,0.9233871102333069
4669,0.333,0.9188103079795837
4670,0.3644,0.9122944474220276
4671,0.4874,0.889769434928894
4672,0.2821,0.9331662654876709
4673,0.3258,0.9223549365997314
4674,0.3568,0.9147157073020935
4675,0.3113,0.9283909201622009
4676,0.297,0.9298245906829834
4677,0.3524,0.9242990612983704
4678,0.3681,0.9138673543930054
4679,0.339,0.9181985259056091
4680,0.3841,0.9112318754196167
4681,0.3752,0.9127337336540222
4682,0.3435,0.9308711886405945
4683,0.3464,0.9219047427177429
4684,0.356,0.9302554130554199
4685,0.3289,0.9203373789787292
4686,0.4277,0.8938700556755066
4687,0.3187,0.9299424290657043
4688,0.2588,0.932790219783783
4689,0.3998,0.9000979661941528
4690,0.3138,0.9234800934791565
4691,0.3443,0.9196141362190247
4692,0.43,0.8997933864593506
4693,0.3263,0.9152915477752686
4694,0.2794,0.9349045753479004
4695,0.3549,0.9255079030990601
4696,0.406,0.8952941298484802
4697,0.3623,0.8994082808494568
4698,0.2469,0.936948299407959
4699,0.4022,0.9084158539772034
4700,0.2827,0.9292307496070862
4701,0.12,0.9749388694763184
4702,0.1708,0.9639718532562256
4703,0.2008,0.9601010084152222
4704,0.2223,0.9535140991210938
4705,0.2865,0.9355190992355347
4706,0.2118,0.9540722370147705
4707,0.221,0.9528619647026062
4708,0.2268,0.9475015997886658
4709,0.1717,0.9627773761749268
4710,0.3218,0.924271821975708
4711,0.2328,0.9430294632911682
4712,0.2563,0.9389312863349915
4713,0.3355,0.917987585067749
4714,0.1867,0.9528517127037048
4715,0.2863,0.9363434314727783
4716,0.2582,0.9466463327407837
4717,0.3566,0.9272058606147766
4718,0.3779,0.9190938472747803
4719,0.3195,0.9150871634483337
4720,0.4031,0.9151889085769653
4721,0.2466,0.9394693374633789
4722,0.4171,0.9047999978065491
4723,0.3158,0.930232584476471
4724,0.2878,0.9294320344924927
4725,0.3218,0.9230132699012756
4726,0.3421,0.9141886234283447
4727,0.2491,0.9415411949157715
4728,0.269,0.9355416297912598
4729,0.3545,0.9119657874107361
4730,0.298,0.9348017573356628
4731,0.3498,0.920524001121521
4732,0.3792,0.9051643013954163
4733,0.3299,0.9174484014511108
4734,0.2679,0.9330143332481384
4735,0.3477,0.9214285612106323
4736,0.3177,0.920619547367096
4737,0.3215,0.9175365567207336
4738,0.2946,0.9196242094039917
4739,0.328,0.9245283007621765
4740,0.2901,0.9308807253837585
4741,0.3761,0.9188345670700073
4742,0.3408,0.9145106673240662
4743,0.3042,0.9138702750205994
4744,0.2944,0.9307958483695984
4745,0.2642,0.9376558661460876
4746,0.3016,0.924369752407074
4747,0.2996,0.9209246039390564
4748,0.343,0.9184914827346802
4749,0.3668,0.9243175983428955
4750,0.3845,0.9200000166893005
4751,0.3133,0.9245696663856506
4752,0.1839,0.9619852304458618
4753,0.1685,0.9599774479866028
4754,0.1704,0.964200496673584
4755,0.3235,0.9278230667114258
4756,0.1634,0.9669045805931091
4757,0.1615,0.9677002429962158
4758,0.2985,0.9419142007827759
4759,0.3047,0.9314359426498413
4760,0.1917,0.957004189491272
4761,0.329,0.9259776473045349
4762,0.215,0.9512937664985657
4763,0.2573,0.937545895576477
4764,0.3595,0.9089574217796326
4765,0.4026,0.9037508964538574
4766,0.334,0.9251753687858582
4767,0.2816,0.9361198544502258
4768,0.3498,0.9234411716461182
4769,0.3982,0.9029197096824646
4770,0.3815,0.93034827709198
4771,0.3982,0.9035449028015137
4772,0.3474,0.919935941696167
4773,0.4217,0.9009584784507751
4774,0.4535,0.8887218236923218
4775,0.2462,0.9410163164138794
4776,0.3571,0.9127181768417358
4777,0.2996,0.9244768023490906
4778,0.4216,0.9004255533218384
4779,0.3403,0.9133390188217163
4780,0.3332,0.9125728607177734
4781,0.3314,0.9220657348632812
4782,0.3938,0.9063063263893127
4783,0.4023,0.9073543548583984
4784,0.3381,0.9173955321311951
4785,0.3163,0.9296635985374451
4786,0.3489,0.9185042977333069
4787,0.3657,0.913415789604187
4788,0.4058,0.9082474112510681
4789,0.3607,0.9211872816085815
4790,0.3602,0.9075630307197571
4791,0.3397,0.9205508232116699
4792,0.3889,0.9130434989929199
4793,0.4664,0.8879310488700867
4794,0.3055,0.921387255191803
4795,0.3143,0.9191343784332275
4796,0.3654,0.9019836783409119
4797,0.347,0.9107358455657959
4798,0.2774,0.9348093271255493
4799,0.2732,0.9321148991584778
4800,0.3388,0.9247311949729919
4801,0.3674,0.9175035953521729
4802,0.2014,0.9599383473396301
4803,0.2161,0.9545208215713501
4804,0.2374,0.946060299873352
4805,0.2115,0.954383909702301
4806,0.2101,0.95286625623703
4807,0.2056,0.9561891555786133
4808,0.3036,0.9284332394599915
4809,0.3781,0.9150823950767517
4810,0.3556,0.9175823926925659
4811,0.309,0.9232839941978455
4812,0.2552,0.9430240988731384
4813,0.2889,0.9313725233078003
4814,0.311,0.9314079284667969
4815,0.3685,0.9167264699935913
4816,0.3107,0.921726405620575
4817,0.2965,0.9282334446907043
4818,0.2771,0.9331235289573669
4819,0.3207,0.9173616170883179
4820,0.2358,0.9478186368942261
4821,0.3306,0.9235150814056396
4822,0.3144,0.9289137125015259
4823,0.2327,0.9535087943077087
4824,0.3106,0.9343724250793457
4825,0.3944,0.9029203057289124
4826,0.3211,0.9199640154838562
4827,0.3671,0.910914957523346
4828,0.3092,0.9176672101020813
4829,0.379,0.916077733039856
4830,0.4618,0.8913043737411499
4831,0.4564,0.8945993185043335
4832,0.3906,0.9031111001968384
4833,0.4163,0.9161735773086548
4834,0.3745,0.9157894849777222
4835,0.2582,0.9390715956687927
4836,0.3469,0.9201154708862305
4837,0.2757,0.9322210550308228
4838,0.2846,0.9237995743751526
4839,0.3367,0.9165818691253662
4840,0.3703,0.9133260846138
4841,0.3948,0.9132706522941589
4842,0.3239,0.9218061566352844
4843,0.3558,0.9205508232116699
4844,0.3628,0.9164705872535706
4845,0.3594,0.9158016443252563
4846,0.3593,0.9218202829360962
4847,0.3006,0.9319562315940857
4848,0.3766,0.9132029414176941
4849,0.3495,0.9296296238899231
4850,0.3129,0.9270976781845093
4851,0.2672,0.9389703273773193
4852,0.1759,0.9632474184036255
4853,0.2727,0.943288266658783
4854,0.2139,0.9554513692855835
4855,0.1797,0.9644669890403748
4856,0.2308,0.9444089531898499
4857,0.2449,0.9440603256225586
4858,0.1871,0.9500320553779602
4859,0.1772,0.9599999785423279
4860,0.283,0.9375876784324646
4861,0.2418,0.9430555701255798
4862,0.2131,0.9420494437217712
4863,0.2636,0.9363376498222351
4864,0.2478,0.9428152441978455
4865,0.2914,0.9318529963493347
4866,0.227,0.9424083828926086
4867,0.324,0.929315447807312
4868,0.2768,0.940334141254425
4869,0.3142,0.9185591340065002
4870,0.4268,0.8920327425003052
4871,0.3395,0.9245585799217224
4872,0.2842,0.9264822006225586
4873,0.3028,0.9249374270439148
4874,0.356,0.9154228568077087
4875,0.404,0.9123539328575134
4876,0.2632,0.9366438388824463
4877,0.3252,0.9221927523612976
4878,0.4224,0.9055973291397095
4879,0.355,0.927288293838501
4880,0.357,0.9058296084403992
4881,0.3578,0.9198198318481445
4882,0.4198,0.9075249433517456
4883,0.3069,0.9240149855613708
4884,0.3787,0.9104477763175964
4885,0.3213,0.9134615659713745
4886,0.2861,0.9348269104957581
4887,0.3596,0.9067713618278503
4888,0.3579,0.9229187965393066
4889,0.406,0.9039039015769958
4890,0.3522,0.9173469543457031
4891,0.3037,0.9348054528236389
4892,0.3308,0.9209100604057312
4893,0.3312,0.9112299680709839
4894,0.4395,0.907216489315033
4895,0.2478,0.9330143332481384
4896,0.2972,0.9223417043685913
4897,0.2801,0.9222357273101807
4898,0.3338,0.9112499952316284
4899,0.3191,0.9344262480735779
4900,0.3738,0.9173333048820496
4901,0.2579,0.9326079487800598
4902,0.1823,0.9580381512641907
4903,0.1745,0.960220992565155
4904,0.2059,0.9539895057678223
4905,0.2336,0.953778862953186
4906,0.1162,0.9754266142845154
4907,0.1825,0.9579090476036072
4908,0.2512,0.9446367025375366
4909,0.1996,0.9530249238014221
4910,0.2291,0.9375429153442383
4911,0.2977,0.9307637214660645
4912,0.2509,0.9421720504760742
4913,0.2646,0.9375
4914,0.2178,0.9543306827545166
4915,0.4181,0.8975864052772522
4916,0.4066,0.9053343534469604
4917,0.2095,0.9537274837493896
4918,0.2614,0.938167929649353
4919,0.2846,0.934166669845581
4920,0.3522,0.9116203188896179
4921,0.3003,0.9290894269943237
4922,0.4359,0.8940711617469788
4923,0.3067,0.9348958134651184
4924,0.3643,0.910459578037262
4925,0.2998,0.9258311986923218
4926,0.3679,0.9244813323020935
4927,0.2137,0.94922935962677
4928,0.1923,0.9458174705505371
4929,0.2938,0.9314336776733398
4930,0.3614,0.9058713912963867
4931,0.3066,0.9325513243675232
4932,0.3746,0.9136150479316711
4933,0.3917,0.9067164063453674
4934,0.3964,0.8999046683311462
4935,0.3704,0.9126213788986206
4936,0.3125,0.9218437075614929
4937,0.3462,0.9090909361839294
4938,0.4904,0.8832335472106934
4939,0.477,0.8871287107467651
4940,0.3823,0.9165829420089722
4941,0.272,0.932659924030304
4942,0.4004,0.9052397012710571
4943,0.3473,0.9040632247924805
4944,0.3267,0.9199084639549255
4945,0.3497,0.9187934994697571
4946,0.3611,0.9258373379707336
4947,0.3733,0.9122596383094788
4948,0.3849,0.9148418307304382
4949,0.3541,0.9264892339706421
4950,0.2359,0.9312865734100342
4951,0.3202,0.9225251078605652
4952,0.1331,0.9690496921539307
4953,0.2067,0.9514824748039246
4954,0.1852,0.957485020160675
4955,0.2029,0.9558563828468323
4956,0.2386,0.9550706148147583
4957,0.1834,0.9654471278190613
4958,0.2171,0.9438709616661072
4959,0.2074,0.9486081600189209
4960,0.3256,0.9221763014793396
4961,0.3584,0.9187542200088501
4962,0.3092,0.9292649030685425
4963,0.4698,0.8991077542304993
4964,0.2241,0.9441964030265808
4965,0.2581,0.9432348608970642
4966,0.2995,0.9266817569732666
4967,0.3908,0.9008321762084961
4968,0.2341,0.9395604133605957
4969,0.2707,0.9340659379959106
4970,0.2796,0.9362204670906067
4971,0.3759,0.9035792350769043
4972,0.3396,0.9180201292037964
4973,0.3039,0.9197635054588318
4974,0.3047,0.9317789077758789
4975,0.3908,0.9052287340164185
4976,0.3755,0.9057211875915527
4977,0.3028,0.9208510518074036
4978,0.4145,0.9136212468147278
4979,0.3683,0.9127753376960754
4980,0.3417,0.9121376872062683
4981,0.3388,0.9183856248855591
4982,0.3345,0.9189444184303284
4983,0.3599,0.9175162315368652
4984,0.3299,0.9255631566047668
4985,0.3221,0.9194630980491638
4986,0.3508,0.9180498123168945
4987,0.3131,0.9194499254226685
4988,0.3824,0.9002904295921326
4989,0.3278,0.9225130677223206
4990,0.403,0.8899999856948853
4991,0.3412,0.9213362336158752
4992,0.2948,0.9260115623474121
4993,0.3487,0.9191583395004272
4994,0.3398,0.9104803204536438
4995,0.2807,0.935943067073822
4996,0.3581,0.9052631855010986
4997,0.3477,0.9132029414176941
4998,0.3968,0.9103362560272217
4999,0.3049,0.916558027267456
5000,0.3868,0.919718325138092
5001,0.2026,0.9509084820747375
5002,0.1429,0.965786874294281
5003,0.172,0.9584442973136902
5004,0.1657,0.9602339267730713
5005,0.1848,0.9605756998062134
5006,0.2977,0.9306049942970276
5007,0.2172,0.9486011862754822
5008,0.1805,0.9556010961532593
5009,0.2397,0.9447811245918274
5010,0.2098,0.9484260082244873
5011,0.2415,0.9412597417831421
5012,0.2231,0.9473684430122375
5013,0.2067,0.9470293521881104
5014,0.2906,0.9306358098983765
5015,0.3272,0.9164866805076599
5016,0.3003,0.9299920201301575
5017,0.3188,0.9316678643226624
5018,0.477,0.8860294222831726
5019,0.2306,0.94807368516922
5020,0.4415,0.8999999761581421
5021,0.2781,0.9348561763763428
5022,0.3227,0.927768886089325
5023,0.2575,0.9398108124732971
5024,0.3136,0.9273927211761475
5025,0.3353,0.9303313493728638
5026,0.2887,0.9273204803466797
5027,0.2521,0.9384756684303284
5028,0.3516,0.9182776808738708
5029,0.3681,0.9186471700668335
5030,0.3182,0.9283018708229065
5031,0.3203,0.9274563789367676
5032,0.3855,0.9104882478713989
5033,0.2559,0.9363183975219727
5034,0.3204,0.9304347634315491
5035,0.3973,0.9106796383857727
5036,0.3099,0.9185929894447327
5037,0.3654,0.9173151850700378
5038,0.3032,0.9234592318534851
5039,0.4244,0.9095580577850342
5040,0.3992,0.9066523313522339
5041,0.3792,0.904347836971283
5042,0.407,0.9051253795623779
5043,0.3587,0.9223946928977966
5044,0.3683,0.9164648652076721
5045,0.4007,0.9158986210823059
5046,0.2815,0.9256505370140076
5047,0.2524,0.94037264585495
5048,0.3724,0.9146039485931396
5049,0.3639,0.9143968820571899
5050,0.2622,0.9372325539588928
5051,0.1786,0.9575825929641724
5052,0.2278,0.9503929018974304
5053,0.1444,0.9682631492614746
5054,0.3513,0.9229575991630554
5055,0.1824,0.960302472114563
5056,0.2006,0.9488673210144043
5057,0.1893,0.957198441028595
5058,0.2007,0.9592373371124268
5059,0.1773,0.9619799256324768
5060,0.2927,0.9431437849998474
5061,0.2284,0.9535367488861084
5062,0.226,0.9464931488037109
5063,0.243,0.9517896175384521
5064,0.3252,0.9296167492866516
5065,0.3898,0.908088207244873
5066,0.3357,0.9267585277557373
5067,0.2692,0.9292701482772827
5068,0.3523,0.9195140600204468
5069,0.2714,0.9330645203590393
5070,0.2696,0.9398258328437805
5071,0.3413,0.9272875785827637
5072,0.2059,0.9474999904632568
5073,0.3373,0.9239130616188049
5074,0.4149,0.9028112292289734
5075,0.318,0.9213576316833496
5076,0.4231,0.904721736907959
5077,0.3918,0.9104477763175964
5078,0.3398,0.9212389588356018
5079,0.346,0.916967511177063
5080,0.2778,0.9359095096588135
5081,0.328,0.9297724962234497
5082,0.2773,0.9325513243675232
5083,0.3354,0.9294935464859009
5084,0.3574,0.9245283007621765
5085,0.3427,0.922103226184845
5086,0.3043,0.9252336621284485
5087,0.3479,0.912630558013916
5088,0.3891,0.918891191482544
5089,0.3007,0.9194560647010803
5090,0.3886,0.900419294834137
5091,0.3583,0.9264705777168274
5092,0.2502,0.9409680962562561
5093,0.3263,0.9268018007278442
5094,0.4158,0.9129438996315002
5095,0.2718,0.9357907176017761
5096,0.3017,0.925000011920929
5097,0.3382,0.9247176647186279
5098,0.3676,0.9153175354003906
5099,0.3881,0.9179894328117371
5100,0.3298,0.9223300814628601
5101,0.2026,0.952235758304596
5102,0.2172,0.9499780535697937
5103,0.2682,0.9388861656188965
5104,0.1941,0.9596628546714783
5105,0.218,0.9550561904907227
5106,0.2155,0.9551122188568115
5107,0.3404,0.913385808467865
5108,0.4185,0.9067688584327698
5109,0.2573,0.9369127750396729
5110,0.3977,0.9155759215354919
5111,0.3756,0.9048826694488525
5112,0.2305,0.9407351613044739
5113,0.4118,0.8970381021499634
5114,0.2283,0.9462528228759766
5115,0.3014,0.9315476417541504
5116,0.3587,0.9169755578041077
5117,0.3848,0.9131759405136108
5118,0.28,0.9390148520469666
5119,0.2693,0.9454072713851929
5120,0.2945,0.9242671132087708
5121,0.2973,0.926047682762146
5122,0.4179,0.8928850889205933
5123,0.3444,0.9211382269859314
5124,0.3727,0.91474848985672
5125,0.4499,0.8974569439888
5126,0.3119,0.9204946756362915
5127,0.3231,0.9264069199562073
5128,0.3793,0.9093309640884399
5129,0.3056,0.9206773638725281
5130,0.2146,0.9441816210746765
5131,0.3068,0.9183494448661804
5132,0.3291,0.9268518686294556
5133,0.4614,0.8841732740402222
5134,0.3449,0.9228598475456238
5135,0.2607,0.9348469972610474
5136,0.3405,0.9256465435028076
5137,0.3268,0.9263803958892822
5138,0.2844,0.9364407062530518
5139,0.3935,0.9096446633338928
5140,0.3953,0.9065420627593994
5141,0.3334,0.9161290526390076
5142,0.3706,0.9110169410705566
5143,0.3595,0.913241982460022
5144,0.4254,0.9024943113327026
5145,0.3068,0.9230769276618958
5146,0.4256,0.8989424109458923
5147,0.3255,0.9208282828330994
5148,0.4024,0.9078624248504639
5149,0.3355,0.9273670315742493
5150,0.409,0.9054054021835327
5151,0.0982,0.9749830961227417
5152,0.1591,0.960091769695282
5153,0.243,0.9467362761497498
5154,0.2554,0.9373394846916199
5155,0.1991,0.9537091851234436
5156,0.2589,0.9298345446586609
5157,0.2672,0.944891631603241
5158,0.1934,0.9593220353126526
5159,0.2049,0.959805965423584
5160,0.2509,0.9452145099639893
5161,0.2518,0.9424809217453003
5162,0.295,0.9334308505058289
5163,0.2201,0.9487179517745972
5164,0.2397,0.9464150667190552
5165,0.433,0.8966016173362732
5166,0.4162,0.9002153873443604
5167,0.2891,0.9277204275131226
5168,0.3133,0.9316239356994629
5169,0.2759,0.9364340901374817
5170,0.2994,0.9256535768508911
5171,0.4217,0.9031273722648621
5172,0.2033,0.9598603844642639
5173,0.3035,0.9280185699462891
5174,0.3695,0.9134775400161743
5175,0.2329,0.9450450539588928
5176,0.3196,0.9122657775878906
5177,0.3464,0.9219731092453003
5178,0.3636,0.9170159101486206
5179,0.3917,0.9114331603050232
5180,0.3783,0.9013574719429016
5181,0.4259,0.8944153785705566
5182,0.3392,0.9244239926338196
5183,0.4397,0.8939802050590515
5184,0.362,0.9089147448539734
5185,0.3607,0.9130849838256836
5186,0.3505,0.9166666865348816
5187,0.3256,0.9271255135536194
5188,0.3839,0.9132274985313416
5189,0.3098,0.9196428656578064
5190,0.3135,0.9225941300392151
5191,0.2634,0.9301355481147766
5192,0.2867,0.9234088659286499
5193,0.3502,0.9101731777191162
5194,0.2816,0.9237089157104492
5195,0.2991,0.9244186282157898
5196,0.2942,0.9292566180229187
5197,0.3786,0.9195678234100342
5198,0.3293,0.9179292917251587
5199,0.3268,0.9272030591964722
5200,0.347,0.9243570566177368
5201,0.1706,0.9651623368263245
5202,0.1904,0.9593908786773682
5203,0.178,0.9667221307754517
5204,0.1905,0.9579383730888367
5205,0.2411,0.9484223127365112
5206,0.2779,0.9341317415237427
5207,0.2176,0.9518072009086609
5208,0.2264,0.9488372206687927
5209,0.2202,0.949305534362793
5210,0.2912,0.9283784031867981
5211,0.2724,0.9390519261360168
5212,0.2379,0.9447806477546692
5213,0.3362,0.9223372936248779
5214,0.249,0.9438377618789673
5215,0.373,0.909217894077301
5216,0.3032,0.9357306957244873
5217,0.2516,0.94017094373703
5218,0.3142,0.923794686794281
5219,0.2989,0.9306020140647888
5220,0.2692,0.9312853813171387
5221,0.3737,0.9165366888046265
5222,0.291,0.92242830991745
5223,0.2894,0.9318554997444153
5224,0.3261,0.9168012738227844
5225,0.236,0.9391534328460693
5226,0.304,0.9290657639503479
5227,0.3204,0.9201009273529053
5228,0.2662,0.938700795173645
5229,0.3902,0.9065420627593994
5230,0.2998,0.9292929172515869
5231,0.2044,0.9483253359794617
5232,0.2848,0.9301868081092834
5233,0.291,0.9266409277915955
5234,0.4093,0.9177277088165283
5235,0.3078,0.9236868023872375
5236,0.3521,0.9195519089698792
5237,0.3284,0.9252437949180603
5238,0.3185,0.9164990186691284
5239,0.2884,0.9263157844543457
5240,0.3553,0.9204188585281372
5241,0.4738,0.8814589381217957
5242,0.4163,0.9154488444328308
5243,0.3018,0.9275028705596924
5244,0.3046,0.9364705681800842
5245,0.4252,0.8942093253135681
5246,0.3799,0.8996579051017761
5247,0.3914,0.9196642637252808
5248,0.3244,0.9342432022094727
5249,0.3758,0.9134860038757324
5250,0.3066,0.9321789145469666
5251,0.0906,0.9781628847122192
5252,0.1295,0.9716237783432007
5253,0.3369,0.9166666865348816
5254,0.2168,0.9560315608978271
5255,0.2039,0.956250011920929
5256,0.2766,0.9366933107376099
5257,0.1604,0.9638009071350098
5258,0.1601,0.9631944298744202
5259,0.3702,0.9236842393875122
5260,0.2409,0.9468231797218323
5261,0.1312,0.9713855385780334
5262,0.1935,0.9579336047172546
5263,0.184,0.9547228813171387
5264,0.2389,0.9453237652778625
5265,0.3054,0.9247757196426392
5266,0.2708,0.9373584985733032
5267,0.2324,0.9436619877815247
5268,0.4146,0.9028281569480896
5269,0.2923,0.9326546788215637
5270,0.347,0.9074221849441528
5271,0.3277,0.9159256219863892
5272,0.3074,0.925506055355072
5273,0.4306,0.8960244655609131
5274,0.4204,0.9015846252441406
5275,0.3322,0.9184873700141907
5276,0.3969,0.9010717272758484
5277,0.3618,0.9169381260871887
5278,0.3975,0.9157540202140808
5279,0.28,0.9283121824264526
5280,0.2949,0.9262452125549316
5281,0.44,0.8981562852859497
5282,0.3975,0.903677761554718
5283,0.2725,0.9425403475761414
5284,0.3069,0.9319105744361877
5285,0.2887,0.9273285865783691
5286,0.3644,0.9130434989929199
5287,0.2975,0.931352436542511
5288,0.2711,0.930443525314331
5289,0.3226,0.912350594997406
5290,0.3691,0.9147843718528748
5291,0.383,0.9149797558784485
5292,0.3622,0.9152016639709473
5293,0.3102,0.9262114763259888
5294,0.3724,0.9162946343421936
5295,0.2902,0.9358533620834351
5296,0.3509,0.9275534152984619
5297,0.3607,0.91399085521698
5298,0.3402,0.9160584211349487
5299,0.3306,0.9213917255401611
5300,0.3027,0.9323943853378296
5301,0.1746,0.9618509411811829
5302,0.2101,0.9561315774917603
5303,0.2182,0.9537407159805298
5304,0.1883,0.9621526002883911
5305,0.1578,0.9689054489135742
5306,0.1941,0.9571865200996399
5307,0.1561,0.9641714692115784
5308,0.2877,0.9391480684280396
5309,0.1973,0.9613220691680908
5310,0.2141,0.942332923412323
5311,0.2562,0.9421088695526123
5312,0.2073,0.9514706134796143
5313,0.2108,0.9462950229644775
5314,0.4282,0.9052558541297913
5315,0.3611,0.9170946478843689
5316,0.3571,0.9155033230781555
5317,0.2687,0.9356321692466736
5318,0.2329,0.9479084610939026
5319,0.2133,0.9537777900695801
5320,0.3849,0.9023845195770264
5321,0.2857,0.9271159768104553
5322,0.3098,0.926047682762146
5323,0.3209,0.9273984432220459
5324,0.3761,0.9093157649040222
5325,0.2801,0.926174521446228
5326,0.3121,0.9200000166893005
5327,0.3505,0.9083904027938843
5328,0.3821,0.910649836063385
5329,0.3673,0.911512017250061
5330,0.3437,0.9075249433517456
5331,0.2682,0.9412322044372559
5332,0.2817,0.9309366345405579
5333,0.3091,0.9204339981079102
5334,0.325,0.9187145829200745
5335,0.3836,0.9090909361839294
5336,0.2975,0.9310699701309204
5337,0.3907,0.91015625
5338,0.2815,0.9291666746139526
5339,0.3528,0.927234947681427
5340,0.3505,0.9137930870056152
5341,0.3271,0.9256544709205627
5342,0.3303,0.9213602542877197
5343,0.3395,0.9163841605186462
5344,0.3134,0.9267193078994751
5345,0.3142,0.9199535846710205
5346,0.3428,0.9275534152984619
5347,0.2929,0.9290161728858948
5348,0.3179,0.9224137663841248
5349,0.345,0.9171974658966064
5350,0.3626,0.918639063835144
5351,0.2212,0.9481099843978882
5352,0.1779,0.9560019373893738
5353,0.2609,0.938569962978363
5354,0.1687,0.9653937816619873
5355,0.1826,0.960073709487915
5356,0.2889,0.9360645413398743
5357,0.3091,0.9322560429573059
5358,0.3658,0.9257614016532898
5359,0.2246,0.9468852281570435
5360,0.2616,0.9410131573677063
5361,0.2891,0.9318497776985168
5362,0.3796,0.908532440662384
5363,0.2297,0.9478638768196106
5364,0.2472,0.9422222375869751
5365,0.2105,0.9528593420982361
5366,0.2428,0.9412238597869873
5367,0.1939,0.9564860463142395
5368,0.3838,0.9174942970275879
5369,0.3948,0.9135053157806396
5370,0.2828,0.9318937063217163
5371,0.328,0.9182098507881165
5372,0.4276,0.9009508490562439
5373,0.3643,0.9055319428443909
5374,0.3228,0.9191117882728577
5375,0.314,0.9269102811813354
5376,0.3969,0.9064516425132751
5377,0.3329,0.9115586876869202
5378,0.3575,0.9201053380966187
5379,0.3883,0.9085570573806763
5380,0.3314,0.923215925693512
5381,0.2786,0.9313264489173889
5382,0.3483,0.9154929518699646
5383,0.3146,0.9209558963775635
5384,0.3916,0.9031955003738403
5385,0.3671,0.9195612668991089
5386,0.3808,0.92081218957901
5387,0.3503,0.922848641872406
5388,0.3008,0.9229166507720947
5389,0.3622,0.9173469543457031
5390,0.3618,0.9138655662536621
5391,0.364,0.9169363379478455
5392,0.29,0.9263038635253906
5393,0.3361,0.921436607837677
5394,0.3401,0.9152941107749939
5395,0.2854,0.9218934774398804
5396,0.3389,0.9212691187858582
5397,0.3123,0.9253731369972229
5398,0.3527,0.9143920540809631
5399,0.2985,0.9282970428466797
5400,0.4289,0.9178470373153687
5401,0.1088,0.9781299233436584
5402,0.1317,0.9721941351890564
5403,0.1451,0.96430504322052
5404,0.2075,0.959526777267456
5405,0.2812,0.9302052855491638
5406,0.2683,0.9376909136772156
5407,0.312,0.9293544292449951
5408,0.1798,0.955658495426178
5409,0.1994,0.9501639604568481
5410,0.2597,0.9443255066871643
5411,0.3379,0.9354166388511658
5412,0.308,0.9256089329719543
5413,0.2171,0.9535061120986938
5414,0.3998,0.914511501789093
5415,0.2652,0.9417108297348022
5416,0.2146,0.9542989730834961
5417,0.3329,0.9155653715133667
5418,0.317,0.922957181930542
5419,0.2806,0.9278350472450256
5420,0.3505,0.922897219657898
5421,0.2566,0.9370748400688171
5422,0.3323,0.9328914880752563
5423,0.3888,0.9117187261581421
5424,0.2185,0.9564007520675659
5425,0.3469,0.9200000166893005
5426,0.3074,0.9271582961082458
5427,0.3064,0.9275861978530884
5428,0.407,0.9057093262672424
5429,0.2744,0.9369114637374878
5430,0.2957,0.9262966513633728
5431,0.324,0.920421838760376
5432,0.3332,0.9218031167984009
5433,0.4797,0.8866432309150696
5434,0.3003,0.9254717230796814
5435,0.3906,0.903500497341156
5436,0.3355,0.9125736951828003
5437,0.3288,0.9224806427955627
5438,0.328,0.9128751158714294
5439,0.3568,0.9120082855224609
5440,0.3492,0.9227557182312012
5441,0.3359,0.9123343229293823
5442,0.2802,0.9219251275062561
5443,0.3198,0.9218572974205017
5444,0.3358,0.9227373003959656
5445,0.3701,0.9082568883895874
5446,0.335,0.9241126179695129
5447,0.3202,0.9160493612289429
5448,0.2851,0.9449423551559448
5449,0.2615,0.9421813488006592
5450,0.3109,0.9341500997543335
5451,0.2874,0.9337671995162964
5452,0.1988,0.9504299163818359
5453,0.216,0.9546459913253784
5454,0.2358,0.9488476514816284
5455,0.2075,0.9541511535644531
5456,0.2233,0.9443402290344238
5457,0.237,0.9466192126274109
5458,0.229,0.9465988278388977
5459,0.2606,0.933163583278656
5460,0.333,0.9184492230415344
5461,0.4056,0.9057325124740601
5462,0.2188,0.9587554335594177
5463,0.213,0.9509658217430115
5464,0.2454,0.9429190754890442
5465,0.3232,0.9236471652984619
5466,0.3154,0.9292701482772827
5467,0.2892,0.9326465725898743
5468,0.3265,0.9228464365005493
5469,0.4057,0.9005763530731201
5470,0.2695,0.9330543875694275
5471,0.2419,0.9422594308853149
5472,0.347,0.9177489280700684
5473,0.2967,0.9249800443649292
5474,0.2363,0.9399999976158142
5475,0.3272,0.9295900464057922
5476,0.3803,0.9123575687408447
5477,0.369,0.922671377658844
5478,0.3024,0.9309417009353638
5479,0.3206,0.9212389588356018
5480,0.3162,0.9141552448272705
5481,0.3895,0.9046793580055237
5482,0.3001,0.9278937578201294
5483,0.3279,0.9210779666900635
5484,0.3319,0.9155597686767578
5485,0.3573,0.9150763154029846
5486,0.3046,0.9186747074127197
5487,0.3109,0.9224730134010315
5488,0.2022,0.9552238583564758
5489,0.3529,0.9182839393615723
5490,0.3371,0.9215481281280518
5491,0.3517,0.910041868686676
5492,0.2835,0.932092010974884
5493,0.3164,0.9180509448051453
5494,0.2775,0.9257592558860779
5495,0.4162,0.9035187363624573
5496,0.3194,0.9136094450950623
5497,0.3155,0.9228915572166443
5498,0.322,0.9235436916351318
5499,0.2946,0.9180327653884888
5500,0.269,0.9313187003135681
5501,0.1397,0.9635558724403381
5502,0.1964,0.9567617177963257
5503,0.23,0.9442100524902344
5504,0.1709,0.9632483720779419
5505,0.1434,0.9655172228813171
5506,0.2196,0.9433428049087524
5507,0.2747,0.9330143332481384
5508,0.1847,0.9616963267326355
5509,0.2031,0.9578313231468201
5510,0.2537,0.9435965418815613
5511,0.3055,0.9295185208320618
5512,0.392,0.900671124458313
5513,0.1528,0.9606359004974365
5514,0.234,0.9498208165168762
5515,0.2843,0.9300956726074219
5516,0.2993,0.9332273602485657
5517,0.4421,0.895977795124054
5518,0.3384,0.9114778637886047
5519,0.2439,0.9451371431350708
5520,0.35,0.9202898740768433
5521,0.308,0.9306600093841553
5522,0.3669,0.9184167981147766
5523,0.3015,0.9198036193847656
5524,0.3397,0.918006420135498
5525,0.3156,0.9188311696052551
5526,0.1796,0.9587156176567078
5527,0.3407,0.926457405090332
5528,0.3351,0.9159291982650757
5529,0.2529,0.9359086751937866
5530,0.3897,0.8996509313583374
5531,0.3984,0.9023972749710083
5532,0.338,0.9141552448272705
5533,0.2829,0.9323164820671082
5534,0.3212,0.934959352016449
5535,0.2838,0.9352226853370667
5536,0.3763,0.9137440919876099
5537,0.3027,0.9194560647010803
5538,0.2709,0.9402654767036438
5539,0.3602,0.9137001037597656
5540,0.4006,0.9060336351394653
5541,0.252,0.9353400468826294
5542,0.3701,0.9168490171432495
5543,0.3143,0.9229897856712341
5544,0.3618,0.9140625
5545,0.3651,0.9164785742759705
5546,0.3044,0.9204152226448059
5547,0.3292,0.9228999018669128
5548,0.3573,0.9307411909103394
5549,0.2974,0.9270440340042114
5550,0.3257,0.9208633303642273
5551,0.218,0.9482697248458862
5552,0.1733,0.961440920829773
5553,0.2134,0.954425036907196
5554,0.1422,0.973019540309906
5555,0.188,0.961448609828949
5556,0.1744,0.964684009552002
5557,0.336,0.9255842566490173
5558,0.3883,0.9236640930175781
5559,0.2637,0.938697338104248
5560,0.2921,0.9321382641792297
5561,0.2308,0.9376675486564636
5562,0.3439,0.9275362491607666
5563,0.2756,0.9372197389602661
5564,0.4814,0.8902677893638611
5565,0.2989,0.9285714030265808
5566,0.4149,0.898560643196106
5567,0.242,0.9526397585868835
5568,0.3449,0.9115044474601746
5569,0.2768,0.9333875179290771
5570,0.2955,0.9202211499214172
5571,0.2856,0.9329563975334167
5572,0.3523,0.907137393951416
5573,0.4174,0.9030534625053406
5574,0.3541,0.9235936403274536
5575,0.298,0.9375527501106262
5576,0.326,0.9240725040435791
5577,0.2138,0.9494485259056091
5578,0.3511,0.9175871014595032
5579,0.3381,0.9252669215202332
5580,0.5127,0.8903878331184387
5581,0.331,0.912488579750061
5582,0.3208,0.9236499071121216
5583,0.3948,0.9137614965438843
5584,0.453,0.8938596248626709
5585,0.3185,0.9260326623916626
5586,0.3325,0.9186164736747742
5587,0.3171,0.9182194471359253
5588,0.3416,0.9214711785316467
5589,0.3563,0.9254859685897827
5590,0.3155,0.9136316180229187
5591,0.3535,0.9231567978858948
5592,0.377,0.9111570119857788
5593,0.3869,0.9269729256629944
5594,0.3587,0.9247685074806213
5595,0.2947,0.9266589283943176
5596,0.3217,0.929928719997406
5597,0.3761,0.9066985845565796
5598,0.3033,0.9212499856948853
5599,0.2573,0.9350993633270264
5600,0.2587,0.9315263628959656
5601,0.1681,0.9590193629264832
5602,0.1074,0.9780876636505127
5603,0.1541,0.969072163105011
5604,0.2102,0.9612675905227661
5605,0.2328,0.947692334651947
5606,0.1921,0.9589403867721558
5607,0.2713,0.940731406211853
5608,0.1302,0.9695565700531006
5609,0.1725,0.9551239013671875
5610,0.1995,0.9488711953163147
5611,0.1992,0.9559794664382935
5612,0.3022,0.9288673996925354
5613,0.3298,0.9297259449958801
5614,0.3349,0.9184115529060364
5615,0.2647,0.932341992855072
5616,0.2328,0.9472402334213257
5617,0.3484,0.9167303442955017
5618,0.2995,0.9289137125015259
5619,0.237,0.949958324432373
5620,0.2429,0.9519725441932678
5621,0.2372,0.947543740272522
5622,0.3558,0.9266886115074158
5623,0.291,0.9174311757087708
5624,0.2674,0.9300758242607117
5625,0.2815,0.9290598034858704
5626,0.3419,0.9234116673469543
5627,0.3054,0.934482753276825
5628,0.3279,0.9211732149124146
5629,0.2638,0.9326660633087158
5630,0.3534,0.9180050492286682
5631,0.3222,0.9241622686386108
5632,0.3249,0.9203703999519348
5633,0.3707,0.903435468673706
5634,0.2881,0.9368836283683777
5635,0.4068,0.9055555462837219
5636,0.2793,0.9318423867225647
5637,0.4407,0.8997161984443665
5638,0.2392,0.9451612830162048
5639,0.224,0.9402347803115845
5640,0.3273,0.9270386099815369
5641,0.4578,0.9068782925605774
5642,0.3454,0.9156626462936401
5643,0.348,0.9116997718811035
5644,0.3643,0.9053452014923096
5645,0.3495,0.9159860014915466
5646,0.3505,0.9166666865348816
5647,0.2887,0.9282296895980835
5648,0.3471,0.926417350769043
5649,0.3208,0.9214929342269897
5650,0.3715,0.9179415702819824
5651,0.1714,0.9653429388999939
5652,0.188,0.950439989566803
5653,0.193,0.9591494202613831
5654,0.1616,0.9659746289253235
5655,0.2199,0.9532062411308289
5656,0.1938,0.9603326916694641
5657,0.1846,0.9597924947738647
5658,0.1875,0.955812394618988
5659,0.1654,0.9576388597488403
5660,0.2453,0.9438050389289856
5661,0.224,0.9505300521850586
5662,0.2385,0.9465050101280212
5663,0.2645,0.9546130895614624
5664,0.4922,0.9006126523017883
5665,0.3413,0.9168458580970764
5666,0.3135,0.9213639497756958
5667,0.2622,0.9345510005950928
5668,0.2579,0.936398446559906
5669,0.2699,0.9376068115234375
5670,0.1845,0.9498327970504761
5671,0.3321,0.9213907718658447
5672,0.2865,0.9372881650924683
5673,0.3489,0.91204434633255
5674,0.3568,0.9205190539360046
5675,0.3446,0.9126672148704529
5676,0.3192,0.9265822768211365
5677,0.1925,0.9609090685844421
5678,0.3195,0.9238263964653015
5679,0.2723,0.9324444532394409
5680,0.3254,0.9202175736427307
5681,0.3609,0.907489001750946
5682,0.2595,0.9413919448852539
5683,0.386,0.9049733281135559
5684,0.3397,0.923965334892273
5685,0.3118,0.9213147163391113
5686,0.3378,0.922535240650177
5687,0.3507,0.9145383238792419
5688,0.3618,0.9131736755371094
5689,0.4379,0.9061554074287415
5690,0.2897,0.9278131723403931
5691,0.3052,0.9285714030265808
5692,0.3,0.9262569546699524
5693,0.3128,0.9264864921569824
5694,0.3428,0.9192264080047607
5695,0.2902,0.9327354431152344
5696,0.3453,0.9129930138587952
5697,0.3449,0.9138533473014832
5698,0.3041,0.9283950328826904
5699,0.4033,0.91486656665802
5700,0.2917,0.9389880895614624
5701,0.1084,0.9766654372215271
5702,0.2258,0.9474747180938721
5703,0.1537,0.9674229025840759
5704,0.1916,0.9576811790466309
5705,0.237,0.9517704248428345
5706,0.1875,0.9562377333641052
5707,0.2064,0.9495586156845093
5708,0.1705,0.9609953165054321
5709,0.3335,0.9194048643112183
5710,0.2201,0.9476291537284851
5711,0.4068,0.9117646813392639
5712,0.3078,0.9232351183891296
5713,0.4015,0.9031165242195129
5714,0.343,0.9230235815048218
5715,0.3235,0.9262048006057739
5716,0.3955,0.9218139052391052
5717,0.347,0.9255162477493286
5718,0.2878,0.9331210255622864
5719,0.3446,0.9153605103492737
5720,0.3171,0.9237160086631775
5721,0.2504,0.9424585700035095
5722,0.2838,0.9330024719238281
5723,0.4521,0.8919752836227417
5724,0.2392,0.9437819123268127
5725,0.3096,0.9260832667350769
5726,0.3495,0.920634925365448
5727,0.2816,0.9349523186683655
5728,0.3642,0.9072847962379456
5729,0.3596,0.9100257158279419
5730,0.333,0.9186773896217346
5731,0.3259,0.9202898740768433
5732,0.3581,0.9188224673271179
5733,0.3494,0.9201520681381226
5734,0.3876,0.9099735021591187
5735,0.3648,0.9118511080741882
5736,0.2161,0.9360824823379517
5737,0.3278,0.9232323169708252
5738,0.3331,0.9152872562408447
5739,0.3513,0.9133005142211914
5740,0.3528,0.9115853905677795
5741,0.3011,0.9247311949729919
5742,0.3985,0.9133771657943726
5743,0.2957,0.9183006286621094
5744,0.3394,0.9139664769172668
5745,0.3015,0.9307875633239746
5746,0.3863,0.9109026789665222
5747,0.276,0.929678201675415
5748,0.2747,0.9329192638397217
5749,0.3396,0.9269230961799622
5750,0.3191,0.930059552192688
5751,0.1342,0.9668357372283936
5752,0.1908,0.9590673446655273
5753,0.2293,0.953160285949707
5754,0.1341,0.973150372505188
5755,0.161,0.9672955870628357
5756,0.1593,0.9639078974723816
5757,0.2318,0.9417706727981567
5758,0.2132,0.9565772414207458
5759,0.2266,0.9352367520332336
5760,0.3809,0.9073604345321655
5761,0.1675,0.9585674405097961
5762,0.2315,0.9415954351425171
5763,0.1806,0.9613003134727478
5764,0.2294,0.9438543319702148
5765,0.3201,0.9203606247901917
5766,0.329,0.9215976595878601
5767,0.2736,0.9381362795829773
5768,0.2154,0.948009729385376
5769,0.2671,0.9323990345001221
5770,0.3252,0.920880913734436
5771,0.2662,0.9303106665611267
5772,0.3686,0.9276703000068665
5773,0.1939,0.9611111283302307
5774,0.2739,0.9415807723999023
5775,0.3416,0.922346830368042
5776,0.3929,0.9048458337783813
5777,0.3353,0.9152097702026367
5778,0.2156,0.9522900581359863
5779,0.3821,0.9197907447814941
5780,0.3043,0.9264029264450073
5781,0.3398,0.9232804179191589
5782,0.2893,0.9343936443328857
5783,0.3369,0.9195509552955627
5784,0.2541,0.9402229189872742
5785,0.4018,0.8935574293136597
5786,0.3813,0.9138100147247314
5787,0.3435,0.9162410497665405
5788,0.4116,0.9060336351394653
5789,0.3085,0.9164882302284241
5790,0.3228,0.9185803532600403
5791,0.3262,0.9186405539512634
5792,0.337,0.9134615659713745
5793,0.3544,0.9118607044219971
5794,0.3948,0.9146341681480408
5795,0.3237,0.9193181991577148
5796,0.387,0.9139785170555115
5797,0.3202,0.9231678247451782
5798,0.3192,0.9255189299583435
5799,0.3529,0.9253539443016052
5800,0.3003,0.9463487267494202
5801,0.163,0.9613843560218811
5802,0.1806,0.9582560062408447
5803,0.1579,0.9606044292449951
5804,0.1418,0.97341388463974
5805,0.2191,0.9607843160629272
5806,0.1838,0.954977810382843
5807,0.2487,0.943569540977478
5808,0.2116,0.956764280796051
5809,0.2756,0.9400673508644104
5810,0.2046,0.954353928565979
5811,0.3683,0.9206236600875854
5812,0.2136,0.9537037014961243
5813,0.3615,0.9120725989341736
5814,0.2888,0.936377227306366
5815,0.4019,0.9044444561004639
5816,0.3051,0.9310083389282227
5817,0.2717,0.9321231245994568
5818,0.2854,0.9347133636474609
5819,0.1965,0.9461599588394165
5820,0.3737,0.9100486040115356
5821,0.3741,0.9125387072563171
5822,0.2279,0.945515513420105
5823,0.3253,0.9238952398300171
5824,0.3854,0.9030733108520508
5825,0.3126,0.927318274974823
5826,0.288,0.930294930934906
5827,0.3048,0.9175871014595032
5828,0.3306,0.9128205180168152
5829,0.329,0.9157705903053284
5830,0.3137,0.9227941036224365
5831,0.3048,0.9178338050842285
5832,0.3229,0.9324073791503906
5833,0.3609,0.9104477763175964
5834,0.3956,0.9038984775543213
5835,0.3954,0.9160516858100891
5836,0.2674,0.9362549781799316
5837,0.3193,0.9195170998573303
5838,0.3557,0.9092783331871033
5839,0.3497,0.919222891330719
5840,0.3276,0.9259259104728699
5841,0.2933,0.931614339351654
5842,0.3994,0.900428295135498
5843,0.2666,0.9370165467262268
5844,0.3321,0.9211711883544922
5845,0.3451,0.9244186282157898
5846,0.3852,0.920046329498291
5847,0.2868,0.924411416053772
5848,0.2384,0.9458438158035278
5849,0.358,0.927178144454956
5850,0.2956,0.9281437397003174
5851,0.2635,0.9372791647911072
5852,0.1379,0.9658371806144714
5853,0.2563,0.9447513818740845
5854,0.211,0.9553466439247131
5855,0.2156,0.9540302157402039
5856,0.1358,0.9695817232131958
5857,0.2644,0.9403931498527527
5858,0.2795,0.9384413957595825
5859,0.2243,0.9511864185333252
5860,0.3105,0.9222797751426697
5861,0.1521,0.9632829427719116
5862,0.1761,0.9550962448120117
5863,0.2735,0.9417758584022522
5864,0.2667,0.9441548585891724
5865,0.234,0.9508580565452576
5866,0.3291,0.9205440282821655
5867,0.266,0.9303660988807678
5868,0.3013,0.924673318862915
5869,0.2892,0.9275250434875488
5870,0.3214,0.9299212694168091
5871,0.2188,0.9497942328453064
5872,0.3221,0.9192646145820618
5873,0.2825,0.9269949197769165
5874,0.3947,0.9026336669921875
5875,0.3037,0.9279588460922241
5876,0.3877,0.908507227897644
5877,0.3823,0.9165971875190735
5878,0.3361,0.9203979969024658
5879,0.2594,0.9439163208007812
5880,0.2591,0.9386447072029114
5881,0.27,0.9306742548942566
5882,0.3247,0.9365994334220886
5883,0.2966,0.9298893213272095
5884,0.3094,0.923298180103302
5885,0.399,0.9058296084403992
5886,0.2857,0.9232192635536194
5887,0.3686,0.9078013896942139
5888,0.2898,0.9245283007621765
5889,0.3625,0.9025096297264099
5890,0.3009,0.9219251275062561
5891,0.3106,0.9283351898193359
5892,0.333,0.9165775179862976
5893,0.3239,0.9224718809127808
5894,0.3285,0.9302884340286255
5895,0.3618,0.9124423861503601
5896,0.3304,0.9281437397003174
5897,0.3874,0.9164588451385498
5898,0.282,0.9342783689498901
5899,0.3317,0.9238578677177429
5900,0.3199,0.9275808930397034
5901,0.1687,0.9592065811157227
5902,0.1648,0.9629449248313904
5903,0.1386,0.9708238244056702
5904,0.1546,0.9659671187400818
5905,0.2032,0.9576324224472046
5906,0.2353,0.9482323527336121
5907,0.3244,0.9215080142021179
5908,0.1729,0.966160237789154
5909,0.1943,0.9531568288803101
5910,0.2226,0.9491884112358093
5911,0.2841,0.9406322240829468
5912,0.2122,0.9531615972518921
5913,0.2885,0.9332849979400635
5914,0.2631,0.9450980424880981
5915,0.279,0.9316493272781372
5916,0.303,0.9273536205291748
5917,0.3411,0.9186311960220337
5918,0.3432,0.9220077395439148
5919,0.1857,0.9629629850387573
5920,0.3493,0.9227052927017212
5921,0.2186,0.9516270756721497
5922,0.2588,0.9344262480735779
5923,0.3437,0.9229452013969421
5924,0.2536,0.9398862719535828
5925,0.3698,0.9073770642280579
5926,0.3406,0.9113597273826599
5927,0.2822,0.9327354431152344
5928,0.3097,0.9228130578994751
5929,0.3674,0.9144338965415955
5930,0.3283,0.9223125576972961
5931,0.4267,0.9056939482688904
5932,0.3062,0.9226415157318115
5933,0.2789,0.9298076629638672
5934,0.3191,0.9232264161109924
5935,0.3273,0.9167492389678955
5936,0.331,0.9159248471260071
5937,0.2891,0.9307923913002014
5938,0.3126,0.9218437075614929
5939,0.3795,0.9085173606872559
5940,0.3169,0.929608941078186
5941,0.3209,0.9246501326560974
5942,0.3818,0.901168942451477
5943,0.2788,0.9280821681022644
5944,0.2747,0.9208037853240967
5945,0.365,0.9155920147895813
5946,0.3333,0.9284009337425232
5947,0.3173,0.9287382960319519
5948,0.3685,0.9127272963523865
5949,0.3865,0.9206939339637756
5950,0.3621,0.9237409830093384
5951,0.1353,0.9699300527572632
5952,0.2322,0.9518845081329346
5953,0.1716,0.9636189341545105
5954,0.1285,0.9723163843154907
5955,0.283,0.9365351796150208
5956,0.259,0.945035457611084
5957,0.2258,0.9429447650909424
5958,0.2361,0.9558528661727905
5959,0.2944,0.9364162087440491
5960,0.2281,0.9558404684066772
5961,0.2177,0.9450926780700684
5962,0.3018,0.9296066164970398
5963,0.3278,0.9283667802810669
5964,0.2702,0.9290322661399841
5965,0.2899,0.9256806373596191
5966,0.2259,0.9455938935279846
5967,0.2611,0.9426356554031372
5968,0.2313,0.9417397975921631
5969,0.3283,0.9282990097999573
5970,0.2466,0.9410802125930786
5971,0.2752,0.9370276927947998
5972,0.3864,0.899466872215271
5973,0.5184,0.8840245604515076
5974,0.3201,0.9324324131011963
5975,0.2907,0.9300000071525574
5976,0.2521,0.9353233575820923
5977,0.4018,0.9041309356689453
5978,0.2166,0.9438305497169495
5979,0.3103,0.9280138611793518
5980,0.3847,0.9081035852432251
5981,0.3105,0.9235127568244934
5982,0.3759,0.9082813858985901
5983,0.3833,0.9120492339134216
5984,0.3878,0.8974130153656006
5985,0.3281,0.9168975353240967
5986,0.3752,0.9063079953193665
5987,0.3344,0.9178082346916199
5988,0.3763,0.9150000214576721
5989,0.3921,0.9051383137702942
5990,0.3172,0.9281250238418579
5991,0.285,0.9207048416137695
5992,0.3662,0.9075269103050232
5993,0.3017,0.9198266267776489
5994,0.226,0.9432463049888611
5995,0.312,0.9198606014251709
5996,0.3894,0.9182027578353882
5997,0.3032,0.9284009337425232
5998,0.2981,0.9246658682823181
5999,0.3244,0.927178144454956
6000,0.4088,0.9068149924278259
6001,0.129,0.9705783128738403
6002,0.1732,0.9576311707496643
6003,0.2527,0.9406200647354126
6004,0.1591,0.9650553464889526
6005,0.1631,0.9709876775741577
6006,0.1636,0.9630526900291443
6007,0.2177,0.9530931115150452
6008,0.2192,0.9496598839759827
6009,0.33,0.9288780093193054
6010,0.3175,0.9168814420700073
6011,0.2381,0.9343544840812683
6012,0.24,0.9383512735366821
6013,0.3099,0.9184931516647339
6014,0.2913,0.9362319111824036
6015,0.2828,0.9295570254325867
6016,0.1911,0.9580364227294922
6017,0.3081,0.9254062175750732
6018,0.2521,0.9439252614974976
6019,0.2083,0.948348879814148
6020,0.3245,0.929623544216156
6021,0.3196,0.9318181872367859
6022,0.3365,0.917711615562439
6023,0.2529,0.9472759366035461
6024,0.241,0.9390034079551697
6025,0.2487,0.9388646483421326
6026,0.3203,0.9270248413085938
6027,0.3058,0.9327511191368103
6028,0.3896,0.9102773070335388
6029,0.3219,0.9268069267272949
6030,0.3071,0.9204646944999695
6031,0.2864,0.9234404563903809
6032,0.2971,0.9398148059844971
6033,0.3188,0.9264844655990601
6034,0.3861,0.9103512167930603
6035,0.2962,0.920634925365448
6036,0.3146,0.9157792925834656
6037,0.3477,0.913705587387085
6038,0.3316,0.9214659929275513
6039,0.3971,0.9117646813392639
6040,0.3026,0.9291166663169861
6041,0.3648,0.9047120213508606
6042,0.3537,0.9143179059028625
6043,0.372,0.9133771657943726
6044,0.3421,0.9228187799453735
6045,0.2544,0.9350961446762085
6046,0.426,0.9057239294052124
6047,0.3677,0.9084249138832092
6048,0.3558,0.9129353165626526
6049,0.3067,0.915143609046936
6050,0.3225,0.9353448152542114
6051,0.5273,0.8838018178939819
6052,0.138,0.9695692658424377
6053,0.2385,0.9445269703865051
6054,0.2068,0.9541436433792114
6055,0.1486,0.9682634472846985
6056,0.27,0.9355223774909973
6057,0.1955,0.9624258279800415
6058,0.245,0.9390547275543213
6059,0.2648,0.9389852285385132
6060,0.3428,0.9196839928627014
6061,0.2163,0.9568493366241455
6062,0.2811,0.9360505938529968
6063,0.1731,0.9587087035179138
6064,0.2862,0.9296703338623047
6065,0.2275,0.9425196647644043
6066,0.295,0.9231327176094055
6067,0.2143,0.9539682269096375
6068,0.324,0.921800971031189
6069,0.3878,0.9105935096740723
6070,0.3141,0.9316872358322144
6071,0.3042,0.9326683282852173
6072,0.3419,0.9134165644645691
6073,0.318,0.9280397295951843
6074,0.3301,0.9172869920730591
6075,0.379,0.9017341136932373
6076,0.3791,0.9064626097679138
6077,0.3327,0.9193825125694275
6078,0.3548,0.9164639115333557
6079,0.3184,0.9213286638259888
6080,0.3331,0.9245283007621765
6081,0.3006,0.9272890686988831
6082,0.3186,0.9206492304801941
6083,0.3407,0.9254545569419861
6084,0.3219,0.9191644191741943
6085,0.3357,0.9127516746520996
6086,0.3723,0.9063097238540649
6087,0.3149,0.9151219725608826
6088,0.3413,0.9159420132637024
6089,0.3926,0.9126505851745605
6090,0.3571,0.9158110618591309
6091,0.3352,0.9136068820953369
6092,0.3328,0.9248927235603333
6093,0.4003,0.9105779528617859
6094,0.3851,0.9122427105903625
6095,0.343,0.9081515669822693
6096,0.3542,0.913730263710022
6097,0.3005,0.9190821051597595
6098,0.3321,0.9191542267799377
6099,0.3068,0.9260237812995911
6100,0.3644,0.9123055338859558
6101,0.1323,0.9690641760826111
6102,0.1994,0.9561629891395569
6103,0.2071,0.9557276964187622
6104,0.1737,0.9653916358947754
6105,0.1789,0.9585723280906677
6106,0.248,0.9515615105628967
6107,0.1935,0.9522597193717957
6108,0.1985,0.9545141458511353
6109,0.3485,0.9185430407524109
6110,0.1912,0.957175076007843
6111,0.3541,0.9088541865348816
6112,0.2718,0.9349650144577026
6113,0.3884,0.9127613306045532
6114,0.3289,0.9180565476417542
6115,0.2408,0.9460896253585815
6116,0.2536,0.9445300698280334
6117,0.2679,0.9311127662658691
6118,0.244,0.9346567392349243
6119,0.3036,0.930359959602356
6120,0.2968,0.927107036113739
6121,0.263,0.9392173290252686
6122,0.3013,0.9263657927513123
6123,0.42,0.9084219336509705
6124,0.3363,0.9219269156455994
6125,0.2815,0.9367201328277588
6126,0.3093,0.926086962223053
6127,0.3623,0.9198198318481445
6128,0.3267,0.9214474558830261
6129,0.3994,0.8983774781227112
6130,0.2972,0.9330275058746338
6131,0.4393,0.8904593586921692
6132,0.323,0.9172093272209167
6133,0.448,0.9002647995948792
6134,0.3449,0.9235848784446716
6135,0.3235,0.9214953184127808
6136,0.3328,0.9065238833427429
6137,0.3478,0.9108216166496277
6138,0.3103,0.9221183657646179
6139,0.2593,0.9324758648872375
6140,0.3495,0.9089004993438721
6141,0.2827,0.9261301159858704
6142,0.3029,0.9255202412605286
6143,0.3112,0.922149121761322
6144,0.2715,0.9285714030265808
6145,0.2655,0.9380733966827393
6146,0.3705,0.9208381772041321
6147,0.3246,0.9288256168365479
6148,0.3483,0.9209581017494202
6149,0.2892,0.930261492729187
6150,0.2559,0.944212019443512
6151,0.2081,0.9526911377906799
6152,0.1078,0.974064826965332
6153,0.265,0.9359834790229797
6154,0.1715,0.9647844433784485
6155,0.1975,0.955581545829773
6156,0.4031,0.9126743674278259
6157,0.2366,0.9543994665145874
6158,0.1504,0.9627371430397034
6159,0.231,0.9472981691360474
6160,0.3389,0.9046717286109924
6161,0.2447,0.9497936964035034
6162,0.2915,0.935347855091095
6163,0.2655,0.9399421215057373
6164,0.1702,0.9592894315719604
6165,0.2683,0.9434102773666382
6166,0.2817,0.9401103258132935
6167,0.258,0.9421423077583313
6168,0.296,0.9339549541473389
6169,0.3629,0.9062265753746033
6170,0.2945,0.9392774701118469
6171,0.2894,0.9372485876083374
6172,0.3169,0.9252918362617493
6173,0.2542,0.9398563504219055
6174,0.3049,0.9303849339485168
6175,0.2641,0.9393656849861145
6176,0.2187,0.9556962251663208
6177,0.3728,0.9087779521942139
6178,0.3747,0.8995744585990906
6179,0.2993,0.9181985259056091
6180,0.38,0.9028520584106445
6181,0.42,0.9029037952423096
6182,0.3509,0.9178082346916199
6183,0.3052,0.9244019389152527
6184,0.2998,0.9256756901741028
6185,0.4361,0.8995555639266968
6186,0.3732,0.9098591804504395
6187,0.3411,0.9121900796890259
6188,0.3899,0.9119373559951782
6189,0.3421,0.9232323169708252
6190,0.4028,0.8986355066299438
6191,0.3989,0.8977035284042358
6192,0.2546,0.9396268129348755
6193,0.278,0.9245495200157166
6194,0.3717,0.9199561476707458
6195,0.309,0.921658992767334
6196,0.2972,0.925146222114563
6197,0.3558,0.9087719321250916
6198,0.2533,0.9358816146850586
6199,0.3129,0.9216417670249939
6200,0.3186,0.9223163723945618
6201,0.1394,0.9654642939567566
6202,0.2095,0.950564980506897
6203,0.1897,0.9578888416290283
6204,0.2055,0.952434241771698
6205,0.1952,0.9573810696601868
6206,0.2068,0.9491961598396301
6207,0.2489,0.9476961493492126
6208,0.2582,0.9395318627357483
6209,0.2818,0.9366840720176697
6210,0.3016,0.9265645146369934
6211,0.2813,0.9355053305625916
6212,0.4424,0.8996515870094299
6213,0.2139,0.9527438879013062
6214,0.2797,0.9280899167060852
6215,0.239,0.9460093975067139
6216,0.2345,0.9556611180305481
6217,0.3665,0.9119691252708435
6218,0.229,0.948802649974823
6219,0.2763,0.9291698336601257
6220,0.3339,0.9213759303092957
6221,0.3335,0.9172521233558655
6222,0.3286,0.9179282784461975
6223,0.3453,0.9185303449630737
6224,0.3672,0.9265092015266418
6225,0.2648,0.9479353427886963
6226,0.3592,0.9083402156829834
6227,0.2176,0.9468556046485901
6228,0.3637,0.9128289222717285
6229,0.3153,0.9256572723388672
6230,0.2408,0.9397696852684021
6231,0.3352,0.9281867146492004
6232,0.2909,0.937924325466156
6233,0.3645,0.9203703999519348
6234,0.3372,0.9278538823127747
6235,0.3475,0.9209257364273071
6236,0.3087,0.9220657348632812
6237,0.3371,0.9084712862968445
6238,0.3411,0.9279835224151611
6239,0.3506,0.9201596975326538
6240,0.3785,0.8994923830032349
6241,0.3752,0.9041095972061157
6242,0.3304,0.9222972989082336
6243,0.3133,0.9120631217956543
6244,0.3384,0.9104477763175964
6245,0.3403,0.9215686321258545
6246,0.3544,0.9242788553237915
6247,0.2273,0.9503816962242126
6248,0.3209,0.9260143041610718
6249,0.4186,0.9156171083450317
6250,0.2389,0.944212019443512
6251,0.1176,0.972437858581543
6252,0.2522,0.942344069480896
6253,0.1619,0.9622012376785278
6254,0.175,0.9597197771072388
6255,0.2261,0.9437798857688904
6256,0.3602,0.9246575236320496
6257,0.2245,0.9463576078414917
6258,0.2443,0.9472954273223877
6259,0.1816,0.9618430733680725
6260,0.1645,0.9567068815231323
6261,0.1802,0.9514844417572021
6262,0.228,0.9410495758056641
6263,0.2047,0.9548872113227844
6264,0.146,0.9676175713539124
6265,0.3101,0.9265734553337097
6266,0.335,0.9180088043212891
6267,0.3846,0.9051663279533386
6268,0.3028,0.9214938879013062
6269,0.2249,0.9451637268066406
6270,0.2505,0.9382022619247437
6271,0.3656,0.9175823926925659
6272,0.3727,0.9062968492507935
6273,0.2631,0.9376623630523682
6274,0.4221,0.8966876864433289
6275,0.2692,0.9432234168052673
6276,0.3737,0.9059689044952393
6277,0.3262,0.9145728349685669
6278,0.3259,0.9231411814689636
6279,0.3869,0.9035087823867798
6280,0.3003,0.9245629906654358
6281,0.2626,0.9417670965194702
6282,0.3749,0.9155963063240051
6283,0.3137,0.9249512553215027
6284,0.3542,0.914893627166748
6285,0.2947,0.9266600608825684
6286,0.3126,0.9311701059341431
6287,0.3269,0.9203979969024658
6288,0.3478,0.9081934690475464
6289,0.3125,0.9262295365333557
6290,0.3267,0.9120323657989502
6291,0.3267,0.9146721959114075
6292,0.352,0.9267480373382568
6293,0.2485,0.9399999976158142
6294,0.2781,0.9300458431243896
6295,0.2733,0.9356725215911865
6296,0.2717,0.9268584847450256
6297,0.2934,0.9270073175430298
6298,0.282,0.9329192638397217
6299,0.3907,0.9173027873039246
6300,0.2913,0.9260808825492859
6301,0.1033,0.9741149544715881
6302,0.1896,0.9535192847251892
6303,0.1938,0.9577693343162537
6304,0.1815,0.9596726894378662
6305,0.1873,0.9603174328804016
6306,0.1625,0.9662337899208069
6307,0.2451,0.9490445852279663
6308,0.174,0.9608099460601807
6309,0.2849,0.9351170659065247
6310,0.2642,0.9398242235183716
6311,0.2359,0.9443284869194031
6312,0.3493,0.9224860072135925
6313,0.1937,0.95961993932724
6314,0.2814,0.9341142177581787
6315,0.324,0.916063666343689
6316,0.3005,0.9283018708229065
6317,0.2696,0.9483036994934082
6318,0.3013,0.9210110306739807
6319,0.3157,0.9281250238418579
6320,0.2117,0.9505862593650818
6321,0.3605,0.9116497039794922
6322,0.3483,0.9090195894241333
6323,0.2677,0.9306846857070923
6324,0.2787,0.9451327323913574
6325,0.2782,0.9322873950004578
6326,0.2723,0.9357326626777649
6327,0.3236,0.9239412546157837
6328,0.3424,0.9145815372467041
6329,0.3567,0.9085923433303833
6330,0.3798,0.9187279343605042
6331,0.389,0.900272011756897
6332,0.3399,0.9265381097793579
6333,0.3516,0.9162561297416687
6334,0.3044,0.9166666865348816
6335,0.2975,0.9348500370979309
6336,0.3219,0.9198436141014099
6337,0.3725,0.9173709154129028
6338,0.3583,0.9131293296813965
6339,0.2689,0.9436302185058594
6340,0.3822,0.9190628528594971
6341,0.3743,0.9052631855010986
6342,0.2547,0.9366359710693359
6343,0.2636,0.9307262301445007
6344,0.2444,0.9415971636772156
6345,0.2664,0.9425837397575378
6346,0.3008,0.929678201675415
6347,0.2997,0.9325153231620789
6348,0.3136,0.9274292588233948
6349,0.3169,0.9219948649406433
6350,0.2581,0.9320388436317444
6351,0.2838,0.929955780506134
6352,0.2351,0.9482448101043701
6353,0.2015,0.9497669339179993
6354,0.2176,0.9504132270812988
6355,0.1495,0.9665825963020325
6356,0.1759,0.9611901640892029
6357,0.1741,0.9595414996147156
6358,0.1829,0.9651545286178589
6359,0.2046,0.9471902251243591
6360,0.2998,0.9303621053695679
6361,0.2477,0.9442204236984253
6362,0.2733,0.9305555820465088
6363,0.255,0.9480812549591064
6364,0.2619,0.9365889430046082
6365,0.188,0.9543696641921997
6366,0.2368,0.9412245154380798
6367,0.2367,0.9407692551612854
6368,0.2461,0.9468171000480652
6369,0.3557,0.9154496788978577
6370,0.1602,0.9640980958938599
6371,0.4032,0.9178861975669861
6372,0.4012,0.8996913433074951
6373,0.2831,0.9223454594612122
6374,0.382,0.9066455960273743
6375,0.4194,0.9021739363670349
6376,0.2098,0.9437675476074219
6377,0.2431,0.9424778819084167
6378,0.2873,0.9306157827377319
6379,0.3011,0.9202898740768433
6380,0.2771,0.9412304759025574
6381,0.3508,0.9099650382995605
6382,0.2958,0.9239926934242249
6383,0.365,0.9187145829200745
6384,0.2866,0.9291338324546814
6385,0.2295,0.9448568224906921
6386,0.3556,0.9144542813301086
6387,0.3435,0.9224652051925659
6388,0.3781,0.9053373336791992
6389,0.3517,0.9188078045845032
6390,0.2691,0.9297848343849182
6391,0.4056,0.9082969427108765
6392,0.3309,0.9227373003959656
6393,0.3606,0.9176072478294373
6394,0.3067,0.9289805293083191
6395,0.3083,0.9166666865348816
6396,0.2987,0.9222357273101807
6397,0.2907,0.9316770434379578
6398,0.2684,0.9340101480484009
6399,0.335,0.9163398742675781
6400,0.2504,0.9390624761581421
6401,0.2052,0.948387086391449
6402,0.1704,0.9576957821846008
6403,0.1811,0.9641519784927368
6404,0.2512,0.9383209347724915
6405,0.1447,0.967861533164978
6406,0.1623,0.9671717286109924
6407,0.1722,0.9616833925247192
6408,0.1903,0.9591298699378967
6409,0.257,0.939854621887207
6410,0.3219,0.9313392043113708
6411,0.3523,0.9181936979293823
6412,0.3187,0.9305364489555359
6413,0.306,0.9342900514602661
6414,0.3054,0.9260901808738708
6415,0.2229,0.9466966986656189
6416,0.2383,0.9418696165084839
6417,0.3163,0.9253144860267639
6418,0.2897,0.9300864338874817
6419,0.3694,0.9131832718849182
6420,0.3168,0.9209622144699097
6421,0.2506,0.9319148659706116
6422,0.2571,0.9411764740943909
6423,0.3567,0.9133226275444031
6424,0.3681,0.9129734039306641
6425,0.3382,0.914802074432373
6426,0.209,0.945794403553009
6427,0.2978,0.9289568066596985
6428,0.3794,0.9060344696044922
6429,0.2426,0.942148745059967
6430,0.3585,0.9182736277580261
6431,0.3696,0.9113805890083313
6432,0.294,0.9309366345405579
6433,0.3477,0.9221153855323792
6434,0.2799,0.9284313917160034
6435,0.3473,0.9225746393203735
6436,0.3176,0.9239881634712219
6437,0.3168,0.9206827282905579
6438,0.324,0.926203191280365
6439,0.2991,0.9170124530792236
6440,0.4227,0.9078013896942139
6441,0.2819,0.9340159296989441
6442,0.3323,0.9165726900100708
6443,0.2565,0.9379932284355164
6444,0.4732,0.8965517282485962
6445,0.2995,0.9359720349311829
6446,0.2892,0.9297618865966797
6447,0.2605,0.931034505367279
6448,0.3615,0.9175891876220703
6449,0.3597,0.9140625
6450,0.2256,0.9462068676948547
6451,0.1558,0.9663951396942139
6452,0.1746,0.9619000554084778
6453,0.1833,0.9639257192611694
6454,0.2649,0.9396551847457886
6455,0.1521,0.9621301889419556
6456,0.1628,0.9645958542823792
6457,0.2898,0.9306049942970276
6458,0.1925,0.9551154971122742
6459,0.2488,0.9410131573677063
6460,0.2225,0.9408673048019409
6461,0.2295,0.9435825347900391
6462,0.1855,0.9559659361839294
6463,0.2011,0.9559701681137085
6464,0.2519,0.9421841502189636
6465,0.2941,0.9235127568244934
6466,0.29,0.9316436052322388
6467,0.2315,0.9440665245056152
6468,0.1635,0.9620355367660522
6469,0.2978,0.9332343935966492
6470,0.2845,0.9223673939704895
6471,0.3841,0.9138576984405518
6472,0.3298,0.9237147569656372
6473,0.3088,0.9241706132888794
6474,0.3659,0.9127243161201477
6475,0.3596,0.9117415547370911
6476,0.3449,0.9089403748512268
6477,0.4276,0.9008723497390747
6478,0.3499,0.9162349104881287
6479,0.3763,0.9196428656578064
6480,0.2784,0.9435850977897644
6481,0.304,0.926763117313385
6482,0.3653,0.9073426723480225
6483,0.3635,0.9112903475761414
6484,0.3346,0.928909957408905
6485,0.3503,0.9136150479316711
6486,0.4142,0.891031801700592
6487,0.3693,0.904477596282959
6488,0.2423,0.9451913237571716
6489,0.2561,0.9394273161888123
6490,0.2505,0.9327024221420288
6491,0.3129,0.917926549911499
6492,0.2672,0.9358829855918884
6493,0.4038,0.9072052240371704
6494,0.348,0.9137167930603027
6495,0.3202,0.9346793293952942
6496,0.3472,0.9181286692619324
6497,0.3743,0.9031141996383667
6498,0.3614,0.9139785170555115
6499,0.2848,0.9349186420440674
6500,0.3759,0.9130434989929199
6501,0.2981,0.9310006499290466
6502,0.1376,0.9718379378318787
6503,0.2549,0.9370447397232056
6504,0.1496,0.9683393239974976
6505,0.1462,0.9684796333312988
6506,0.2221,0.9407361149787903
6507,0.1675,0.9571062922477722
6508,0.4364,0.9036363363265991
6509,0.2091,0.9554317593574524
6510,0.1929,0.9569743275642395
6511,0.136,0.9698113203048706
6512,0.2735,0.9337978959083557
6513,0.1444,0.964555025100708
6514,0.2862,0.9313367605209351
6515,0.2641,0.9284682273864746
6516,0.184,0.9544419050216675
6517,0.3686,0.9161807298660278
6518,0.2336,0.949367105960846
6519,0.2212,0.9502487778663635
6520,0.318,0.9258970618247986
6521,0.3025,0.9289891123771667
6522,0.2522,0.9422764182090759
6523,0.3495,0.9209650754928589
6524,0.3211,0.9293712377548218
6525,0.3151,0.9217687249183655
6526,0.28,0.9312123656272888
6527,0.2066,0.956685483455658
6528,0.2575,0.9351251125335693
6529,0.2945,0.9215686321258545
6530,0.3297,0.9265116453170776
6531,0.3757,0.9081271886825562
6532,0.3512,0.9162875413894653
6533,0.2811,0.921875
6534,0.3412,0.9103585481643677
6535,0.2961,0.9284350872039795
6536,0.3059,0.9311701059341431
6537,0.3259,0.9246183037757874
6538,0.323,0.926203191280365
6539,0.3624,0.912957489490509
6540,0.3293,0.9209401607513428
6541,0.4075,0.899898886680603
6542,0.2479,0.9278897047042847
6543,0.3052,0.9304152727127075
6544,0.3631,0.9144737124443054
6545,0.2531,0.9362688064575195
6546,0.3237,0.9112149477005005
6547,0.2562,0.9403166770935059
6548,0.3147,0.9157372713088989
6549,0.2551,0.9463087320327759
6550,0.3145,0.9300912022590637
6551,0.6478,0.8476763963699341
6552,0.2931,0.9308600425720215
6553,0.1607,0.9659224152565002
6554,0.1522,0.9667673707008362
6555,0.1757,0.9568047523498535
6556,0.1974,0.9612742066383362
6557,0.1638,0.9573770761489868
6558,0.1852,0.9611772298812866
6559,0.347,0.9185137152671814
6560,0.2688,0.9380888342857361
6561,0.1489,0.9718934893608093
6562,0.2383,0.9382102489471436
6563,0.3011,0.9344852566719055
6564,0.2247,0.9513513445854187
6565,0.3832,0.9155033230781555
6566,0.3304,0.9166666865348816
6567,0.1837,0.9469230771064758
6568,0.2794,0.927570104598999
6569,0.3737,0.9085502028465271
6570,0.2299,0.9372909665107727
6571,0.265,0.9378151297569275
6572,0.27,0.9408428072929382
6573,0.2614,0.9416736960411072
6574,0.2855,0.9285098910331726
6575,0.3142,0.9285714030265808
6576,0.2765,0.9383561611175537
6577,0.3174,0.9330357313156128
6578,0.3669,0.9181141257286072
6579,0.2914,0.9395910501480103
6580,0.3099,0.9217777848243713
6581,0.2884,0.926457405090332
6582,0.3429,0.9159817099571228
6583,0.2749,0.939393937587738
6584,0.3287,0.9276637434959412
6585,0.4847,0.8869954943656921
6586,0.3265,0.9279918670654297
6587,0.3084,0.9128713011741638
6588,0.4132,0.8910890817642212
6589,0.2758,0.9343544840812683
6590,0.3767,0.9110212326049805
6591,0.3108,0.9337676167488098
6592,0.2604,0.9264544248580933
6593,0.3549,0.9216539859771729
6594,0.3777,0.9044368863105774
6595,0.3171,0.919447660446167
6596,0.3108,0.9195122122764587
6597,0.3385,0.9178921580314636
6598,0.323,0.9250614047050476
6599,0.3683,0.9047029614448547
6600,0.2958,0.9282700419425964
6601,0.1575,0.9657933115959167
6602,0.2316,0.9505703449249268
6603,0.1725,0.963550865650177
6604,0.2814,0.9389265775680542
6605,0.1899,0.9623352289199829
6606,0.1947,0.9525836110115051
6607,0.247,0.9460359811782837
6608,0.2226,0.9461697936058044
6609,0.3244,0.9199457168579102
6610,0.2114,0.9511494040489197
6611,0.2316,0.9493392109870911
6612,0.1571,0.9664324522018433
6613,0.1407,0.9708265662193298
6614,0.3129,0.9258981943130493
6615,0.3409,0.9182522892951965
6616,0.244,0.9353582262992859
6617,0.1663,0.9615069627761841
6618,0.1886,0.961604118347168
6619,0.4056,0.8942446112632751
6620,0.2283,0.9402079582214355
6621,0.2772,0.9308874011039734
6622,0.3382,0.9294573664665222
6623,0.2757,0.9351211190223694
6624,0.2215,0.9414802193641663
6625,0.3146,0.9171451926231384
6626,0.2596,0.9410730004310608
6627,0.2824,0.9383561611175537
6628,0.3863,0.8980099558830261
6629,0.3421,0.9261862635612488
6630,0.3143,0.9192377328872681
6631,0.3391,0.9147778749465942
6632,0.3131,0.9222519993782043
6633,0.2656,0.9396299719810486
6634,0.4166,0.9123468399047852
6635,0.333,0.9247618913650513
6636,0.36,0.9066037535667419
6637,0.3058,0.925962507724762
6638,0.4289,0.8997954726219177
6639,0.2967,0.9305699467658997
6640,0.3368,0.9176954627037048
6641,0.3019,0.930672287940979
6642,0.3198,0.9238522052764893
6643,0.2777,0.9335585832595825
6644,0.311,0.9279279112815857
6645,0.3436,0.9083526730537415
6646,0.2331,0.9421296119689941
6647,0.2432,0.9510050415992737
6648,0.4411,0.9009661674499512
6649,0.3353,0.9189907312393188
6650,0.3301,0.925595223903656
6651,0.1838,0.957190215587616
6652,0.2245,0.952006995677948
6653,0.2408,0.9485396146774292
6654,0.1653,0.9654427766799927
6655,0.2187,0.954285740852356
6656,0.284,0.9410404562950134
6657,0.2881,0.9321824908256531
6658,0.1989,0.9465450048446655
6659,0.1883,0.9558315873146057
6660,0.2456,0.9467805624008179
6661,0.2887,0.9298245906829834
6662,0.3107,0.9204244017601013
6663,0.2627,0.9438280463218689
6664,0.2924,0.9273256063461304
6665,0.2561,0.9356725215911865
6666,0.3656,0.9113573431968689
6667,0.244,0.9358006119728088
6668,0.2793,0.9321534037590027
6669,0.3502,0.9237223267555237
6670,0.2716,0.9329124093055725
6671,0.2246,0.9419252276420593
6672,0.27,0.9347457885742188
6673,0.256,0.9393428564071655
6674,0.2577,0.9442538619041443
6675,0.2981,0.9208992719650269
6676,0.2682,0.927318274974823
6677,0.3128,0.9236392974853516
6678,0.2373,0.9410759806632996
6679,0.2692,0.9323714971542358
6680,0.3295,0.9210069179534912
6681,0.2962,0.9229374527931213
6682,0.3295,0.921165406703949
6683,0.2814,0.9263636469841003
6684,0.3782,0.9059674739837646
6685,0.2642,0.9329268336296082
6686,0.2839,0.9261363744735718
6687,0.3325,0.9153031706809998
6688,0.3205,0.9246435761451721
6689,0.3084,0.9356539845466614
6690,0.2737,0.9344086050987244
6691,0.3089,0.9245689511299133
6692,0.2655,0.9366120100021362
6693,0.3134,0.9244851469993591
6694,0.3286,0.9252013564109802
6695,0.3042,0.9186046719551086
6696,0.2822,0.9373493790626526
6697,0.3139,0.9236111044883728
6698,0.3464,0.9217603802680969
6699,0.3276,0.9275730848312378
6700,0.2429,0.9384164214134216
6701,0.3347,0.9264967441558838
6702,0.2127,0.9555555582046509
6703,0.1381,0.9689791202545166
6704,0.1853,0.9643934965133667
6705,0.1691,0.9631940126419067
6706,0.4603,0.8985590934753418
6707,0.223,0.9412524104118347
6708,0.1704,0.9685442447662354
6709,0.2071,0.9488437175750732
6710,0.309,0.9312320947647095
6711,0.2903,0.9322152137756348
6712,0.2409,0.9524168968200684
6713,0.1981,0.952767550945282
6714,0.4156,0.90625
6715,0.313,0.9230769276618958
6716,0.1956,0.9568052291870117
6717,0.3259,0.9224579334259033
6718,0.3217,0.9335370659828186
6719,0.2692,0.9405857920646667
6720,0.2534,0.939444899559021
6721,0.2803,0.9332816004753113
6722,0.247,0.9415637850761414
6723,0.3317,0.9193037748336792
6724,0.3537,0.9112333059310913
6725,0.3796,0.9154929518699646
6726,0.2883,0.9327511191368103
6727,0.3681,0.9058823585510254
6728,0.3078,0.9182444214820862
6729,0.3062,0.9302111864089966
6730,0.3212,0.9271290898323059
6731,0.3151,0.9195075631141663
6732,0.2803,0.934472918510437
6733,0.2926,0.9260274171829224
6734,0.2973,0.9285714030265808
6735,0.3236,0.9123134613037109
6736,0.2745,0.9377636909484863
6737,0.3063,0.9311407804489136
6738,0.3156,0.9289239645004272
6739,0.3043,0.9288703203201294
6740,0.2937,0.9275053143501282
6741,0.3176,0.9236559271812439
6742,0.3966,0.9048625826835632
6743,0.2776,0.9316338300704956
6744,0.3458,0.917502760887146
6745,0.2897,0.9324487447738647
6746,0.2392,0.9382422566413879
6747,0.3258,0.9252110719680786
6748,0.3662,0.9148418307304382
6749,0.3035,0.9361147284507751
6750,0.299,0.9304964542388916
6751,0.1842,0.9618447422981262
6752,0.2087,0.9496990442276001
6753,0.1362,0.9713822603225708
6754,0.1651,0.9608723521232605
6755,0.2036,0.9533372521400452
6756,0.1792,0.9682436585426331
6757,0.1415,0.9624161124229431
6758,0.2934,0.9260188341140747
6759,0.2768,0.9288511872291565
6760,0.3201,0.9353764057159424
6761,0.2612,0.9416261315345764
6762,0.1601,0.972408652305603
6763,0.2907,0.9275558590888977
6764,0.2228,0.9437037110328674
6765,0.3225,0.91847825050354
6766,0.1991,0.9498860836029053
6767,0.2885,0.9245421290397644
6768,0.3151,0.929121732711792
6769,0.4149,0.9040178656578064
6770,0.1622,0.9575191140174866
6771,0.2083,0.9459002614021301
6772,0.3017,0.931271493434906
6773,0.2993,0.9284525513648987
6774,0.301,0.9324208498001099
6775,0.3725,0.9123376607894897
6776,0.217,0.94329434633255
6777,0.2712,0.926047682762146
6778,0.2998,0.9275237321853638
6779,0.1888,0.959276020526886
6780,0.2378,0.9455040693283081
6781,0.3725,0.9145597219467163
6782,0.345,0.9139785170555115
6783,0.2727,0.9308411478996277
6784,0.31,0.9247015714645386
6785,0.3206,0.9172413945198059
6786,0.2762,0.938164234161377
6787,0.3276,0.9180161952972412
6788,0.328,0.9163265228271484
6789,0.2553,0.9359915852546692
6790,0.4143,0.8972457647323608
6791,0.312,0.9239704608917236
6792,0.274,0.9287257194519043
6793,0.3798,0.9205297827720642
6794,0.3274,0.9147982001304626
6795,0.275,0.9324324131011963
6796,0.3094,0.9248210191726685
6797,0.3404,0.9278846383094788
6798,0.25,0.9348894357681274
6799,0.3701,0.9038461446762085
6800,0.3673,0.9191374778747559
6801,0.3146,0.933167576789856
6802,0.1579,0.9643683433532715
6803,0.1365,0.9653148055076599
6804,0.1766,0.9580152630805969
6805,0.1973,0.9567504525184631
6806,0.1758,0.9629629850387573
6807,0.1778,0.9583592414855957
6808,0.2195,0.9481669068336487
6809,0.205,0.9543907642364502
6810,0.1934,0.9577854871749878
6811,0.2464,0.9427609443664551
6812,0.3055,0.9272603392601013
6813,0.2194,0.9505327343940735
6814,0.4337,0.896291196346283
6815,0.2238,0.9525268077850342
6816,0.2843,0.9325681328773499
6817,0.2596,0.944822371006012
6818,0.3637,0.9166666865348816
6819,0.2933,0.9362029433250427
6820,0.2685,0.9342105388641357
6821,0.3034,0.931506872177124
6822,0.3577,0.91109299659729
6823,0.4159,0.9042056202888489
6824,0.3192,0.9131147265434265
6825,0.2924,0.9305439591407776
6826,0.3439,0.9150485396385193
6827,0.2849,0.93451327085495
6828,0.3751,0.9096879959106445
6829,0.316,0.9237288236618042
6830,0.2833,0.9323968291282654
6831,0.3382,0.9175068736076355
6832,0.3519,0.9109588861465454
6833,0.2993,0.9270073175430298
6834,0.3916,0.9130434989929199
6835,0.2825,0.9286403059959412
6836,0.3388,0.9194499254226685
6837,0.3174,0.9270936250686646
6838,0.2755,0.9261133670806885
6839,0.2591,0.9440860152244568
6840,0.3298,0.9127234220504761
6841,0.3001,0.9348785877227783
6842,0.2622,0.9327548742294312
6843,0.3266,0.9167567491531372
6844,0.3581,0.9210233688354492
6845,0.3413,0.9195803999900818
6846,0.3428,0.9169590473175049
6847,0.3069,0.9328621625900269
6848,0.3384,0.9147658944129944
6849,0.3241,0.9193341732025146
6850,0.3042,0.9448584318161011
6851,0.3607,0.9206722974777222
6852,0.2074,0.9516829252243042
6853,0.2028,0.953160285949707
6854,0.2497,0.9437180161476135
6855,0.1912,0.9595410823822021
6856,0.2404,0.9418397545814514
6857,0.1643,0.9587824940681458
6858,0.2273,0.9562878012657166
6859,0.1505,0.967414915561676
6860,0.1348,0.9671533107757568
6861,0.2824,0.9297887086868286
6862,0.3671,0.9174917340278625
6863,0.4033,0.9064406752586365
6864,0.305,0.9312130212783813
6865,0.2446,0.9420289993286133
6866,0.2896,0.93388432264328
6867,0.3443,0.9186311960220337
6868,0.2622,0.9384615421295166
6869,0.3178,0.9273743033409119
6870,0.3504,0.9149606227874756
6871,0.2726,0.9358460307121277
6872,0.2486,0.9435076117515564
6873,0.3796,0.9177555441856384
6874,0.3391,0.9127572178840637
6875,0.3389,0.9262712001800537
6876,0.3528,0.912151038646698
6877,0.3542,0.9306759238243103
6878,0.4142,0.8966909050941467
6879,0.3271,0.9219166040420532
6880,0.3088,0.9196113348007202
6881,0.3016,0.9250693917274475
6882,0.3657,0.9152233600616455
6883,0.3672,0.9137614965438843
6884,0.3196,0.9248496890068054
6885,0.3813,0.910490870475769
6886,0.3787,0.917475700378418
6887,0.2502,0.9416058659553528
6888,0.3363,0.9194029569625854
6889,0.4939,0.8851149082183838
6890,0.2707,0.9376367330551147
6891,0.3569,0.9129955768585205
6892,0.2681,0.9350935220718384
6893,0.2148,0.9377162456512451
6894,0.3359,0.9162895679473877
6895,0.263,0.9271676540374756
6896,0.2512,0.936170220375061
6897,0.3465,0.9157509207725525
6898,0.349,0.9113608002662659
6899,0.2901,0.9438058733940125
6900,0.2943,0.9260808825492859
6901,0.2413,0.9441195726394653
6902,0.2142,0.9499256610870361
6903,0.1517,0.9651281833648682
6904,0.2625,0.9435180425643921
6905,0.1804,0.961298406124115
6906,0.1914,0.9551200866699219
6907,0.1733,0.9647289514541626
6908,0.1822,0.9587061405181885
6909,0.3913,0.9084880352020264
6910,0.2042,0.9530900716781616
6911,0.2514,0.9381153583526611
6912,0.2261,0.9482269287109375
6913,0.2392,0.9533483982086182
6914,0.2961,0.9348939061164856
6915,0.3208,0.913922131061554
6916,0.2044,0.9471153616905212
6917,0.2512,0.9412686228752136
6918,0.3002,0.9349845051765442
6919,0.2931,0.9302694201469421
6920,0.3248,0.9298245906829834
6921,0.2455,0.9423728585243225
6922,0.3199,0.9177631735801697
6923,0.2173,0.9474145770072937
6924,0.3649,0.9062992334365845
6925,0.2785,0.9336169958114624
6926,0.3679,0.9187192320823669
6927,0.3297,0.9262511134147644
6928,0.3653,0.9192007184028625
6929,0.3433,0.9136878848075867
6930,0.3743,0.9085570573806763
6931,0.2778,0.9384615421295166
6932,0.3126,0.9212233424186707
6933,0.3757,0.9155060648918152
6934,0.301,0.9230055809020996
6935,0.3532,0.9249329566955566
6936,0.3312,0.919923722743988
6937,0.3487,0.916411817073822
6938,0.2956,0.9265305995941162
6939,0.3323,0.9149149060249329
6940,0.286,0.9356223344802856
6941,0.2571,0.9287991523742676
6942,0.3641,0.9124866724014282
6943,0.3695,0.9085106253623962
6944,0.2829,0.9211136698722839
6945,0.3043,0.9201388955116272
6946,0.3681,0.9036697149276733
6947,0.3134,0.9309494495391846
6948,0.3516,0.908433735370636
6949,0.348,0.9307189583778381
6950,0.2271,0.9456193447113037
6951,0.3076,0.9326977133750916
6952,0.1651,0.9643705487251282
6953,0.1591,0.9697452187538147
6954,0.2106,0.9547169804573059
6955,0.1713,0.9627403616905212
6956,0.2388,0.9452307820320129
6957,0.253,0.9335684776306152
6958,0.191,0.9551451206207275
6959,0.2366,0.9405737519264221
6960,0.2496,0.9418282508850098
6961,0.2007,0.9553384780883789
6962,0.3122,0.9186369776725769
6963,0.2599,0.9366248846054077
6964,0.2937,0.9278571605682373
6965,0.254,0.9449471831321716
6966,0.2365,0.9454545378684998
6967,0.2494,0.9440789222717285
6968,0.3,0.9270986914634705
6969,0.2377,0.944622814655304
6970,0.2926,0.9389747977256775
6971,0.2895,0.9330105185508728
6972,0.2805,0.9276629686355591
6973,0.2944,0.9207921028137207
6974,0.3506,0.9104234576225281
6975,0.2604,0.9300699234008789
6976,0.2389,0.943711519241333
6977,0.3307,0.9267857074737549
6978,0.2732,0.9257340431213379
6979,0.4025,0.8983050584793091
6980,0.2734,0.9328922629356384
6981,0.306,0.9283276200294495
6982,0.2645,0.9375609755516052
6983,0.3041,0.9269870519638062
6984,0.3238,0.9225225448608398
6985,0.2617,0.9278846383094788
6986,0.4384,0.9006439447402954
6987,0.2901,0.9316154718399048
6988,0.3627,0.916167676448822
6989,0.271,0.9358451962471008
6990,0.2967,0.9318181872367859
6991,0.3908,0.9073482155799866
6992,0.3252,0.9138298034667969
6993,0.2712,0.9256017208099365
6994,0.3211,0.9270482659339905
6995,0.3069,0.9241757988929749
6996,0.3329,0.9137529134750366
6997,0.2825,0.9325301051139832
6998,0.3294,0.9172839522361755
6999,0.3064,0.9175257682800293
7000,0.3025,0.9382352828979492
7001,0.1407,0.9711050391197205
7002,0.166,0.9648770689964294
7003,0.2079,0.9548386931419373
7004,0.1685,0.9638009071350098
7005,0.2243,0.9444738030433655
7006,0.2161,0.9462999105453491
7007,0.3495,0.9179940819740295
7008,0.1679,0.9626474380493164
7009,0.1768,0.9564635157585144
7010,0.1738,0.9646324515342712
7011,0.2342,0.9464906454086304
7012,0.2025,0.9518248438835144
7013,0.3409,0.926778256893158
7014,0.2672,0.9293948411941528
7015,0.2609,0.9397321343421936
7016,0.2071,0.9541501998901367
7017,0.211,0.9475743174552917
7018,0.2424,0.939393937587738
7019,0.3034,0.9246987700462341
7020,0.3655,0.9261904954910278
7021,0.2468,0.9417152404785156
7022,0.5919,0.8736762404441833
7023,0.3322,0.9232039451599121
7024,0.2954,0.9296013712882996
7025,0.2886,0.9263067841529846
7026,0.3176,0.9315525889396667
7027,0.2511,0.9416126012802124
7028,0.2472,0.9376693964004517
7029,0.2364,0.9353958368301392
7030,0.2951,0.9191176295280457
7031,0.2485,0.9383378028869629
7032,0.2787,0.9352381229400635
7033,0.2977,0.9264705777168274
7034,0.329,0.9196676015853882
7035,0.337,0.9214354753494263
7036,0.2639,0.9266600608825684
7037,0.3061,0.9202755689620972
7038,0.3505,0.9116504788398743
7039,0.3087,0.9318413138389587
7040,0.3568,0.9210256338119507
7041,0.3595,0.9069767594337463
7042,0.2991,0.9296537041664124
7043,0.3548,0.9133333563804626
7044,0.2531,0.9342560768127441
7045,0.2941,0.9280089735984802
7046,0.3264,0.9209905862808228
7047,0.3526,0.914738118648529
7048,0.2678,0.9398496150970459
7049,0.3189,0.9391191601753235
7050,0.36,0.9194729328155518
7051,0.2357,0.9389357566833496
7052,0.1642,0.9633273482322693
7053,0.214,0.9533834457397461
7054,0.1493,0.9660545587539673
7055,0.2046,0.9481437802314758
7056,0.3141,0.935661792755127
7057,0.2098,0.9470117092132568
7058,0.1777,0.9591568112373352
7059,0.2467,0.947586178779602
7060,0.2469,0.9342019557952881
7061,0.205,0.9535353779792786
7062,0.2855,0.9281690120697021
7063,0.3703,0.91478031873703
7064,0.3312,0.9221140742301941
7065,0.2891,0.9349289536476135
7066,0.2953,0.9286743402481079
7067,0.2449,0.944531261920929
7068,0.3247,0.9195231199264526
7069,0.2412,0.9445300698280334
7070,0.2274,0.951599657535553
7071,0.2482,0.9429787397384644
7072,0.4139,0.9049429893493652
7073,0.2758,0.9391666650772095
7074,0.2707,0.9359933733940125
7075,0.3235,0.9190751314163208
7076,0.2749,0.9328969120979309
7077,0.3614,0.9086378812789917
7078,0.3108,0.9214091897010803
7079,0.2643,0.9290096163749695
7080,0.2826,0.9305053949356079
7081,0.4143,0.9074733257293701
7082,0.3555,0.9164444208145142
7083,0.2481,0.9386562705039978
7084,0.3839,0.913294792175293
7085,0.3051,0.9282907843589783
7086,0.3489,0.9184466004371643
7087,0.311,0.9156513810157776
7088,0.3007,0.9320794343948364
7089,0.3601,0.9105098843574524
7090,0.3443,0.9135932326316833
7091,0.3486,0.9216738343238831
7092,0.303,0.9213114976882935
7093,0.2812,0.9289678335189819
7094,0.2412,0.9304245114326477
7095,0.3303,0.9159091114997864
7096,0.2435,0.9435774087905884
7097,0.2303,0.9366626143455505
7098,0.3292,0.9202454090118408
7099,0.3215,0.9179292917251587
7100,0.3264,0.9233871102333069
7101,0.1555,0.9639091491699219
7102,0.1758,0.9653887152671814
7103,0.1814,0.9650388360023499
7104,0.1679,0.9609557390213013
7105,0.2019,0.9602563977241516
7106,0.2411,0.9449423551559448
7107,0.2246,0.9549370408058167
7108,0.2318,0.9477351903915405
7109,0.238,0.9441117644309998
7110,0.1303,0.9725738167762756
7111,0.0894,0.9809160232543945
7112,0.1913,0.9541817903518677
7113,0.2835,0.9340136051177979
7114,0.3904,0.9073414206504822
7115,0.2191,0.9524163603782654
7116,0.2187,0.9502677917480469
7117,0.3003,0.9294026494026184
7118,0.2694,0.9298245906829834
7119,0.2695,0.9409509301185608
7120,0.28,0.9227052927017212
7121,0.1962,0.95652174949646
7122,0.3061,0.9311224222183228
7123,0.2923,0.9237805008888245
7124,0.2666,0.9353191256523132
7125,0.2665,0.9354259967803955
7126,0.3277,0.9175000190734863
7127,0.2814,0.9305189251899719
7128,0.2618,0.9372156262397766
7129,0.2617,0.9308556318283081
7130,0.2572,0.9401544332504272
7131,0.3563,0.9052725434303284
7132,0.275,0.9400386810302734
7133,0.3165,0.9168949723243713
7134,0.3311,0.9257849454879761
7135,0.2969,0.9297401309013367
7136,0.2874,0.9267548322677612
7137,0.2726,0.9262295365333557
7138,0.3541,0.9314115047454834
7139,0.2807,0.9242902398109436
7140,0.2784,0.9366812109947205
7141,0.2945,0.9254525899887085
7142,0.2979,0.9200000166893005
7143,0.2786,0.9273127913475037
7144,0.3547,0.9072397947311401
7145,0.2758,0.9396751523017883
7146,0.3167,0.9196217656135559
7147,0.3403,0.9200477600097656
7148,0.3382,0.9264339208602905
7149,0.3389,0.9236739873886108
7150,0.3761,0.9269005656242371
7151,0.1802,0.9615384340286255
7152,0.1028,0.9772961735725403
7153,0.2042,0.9502174854278564
7154,0.1871,0.9624439477920532
7155,0.1524,0.9630302786827087
7156,0.1346,0.9714285731315613
7157,0.2363,0.9386503100395203
7158,0.2151,0.9503546357154846
7159,0.1974,0.9505459070205688
7160,0.2451,0.9433833360671997
7161,0.169,0.9597741961479187
7162,0.2798,0.9276685118675232
7163,0.1937,0.948401153087616
7164,0.2081,0.9498479962348938
7165,0.2668,0.941219687461853
7166,0.2905,0.9293849468231201
7167,0.2289,0.941717803478241
7168,0.301,0.9269027709960938
7169,0.355,0.9133126735687256
7170,0.2894,0.9402045607566833
7171,0.2731,0.9377559423446655
7172,0.1718,0.9607173204421997
7173,0.321,0.9190283417701721
7174,0.3424,0.9094488024711609
7175,0.2581,0.9442508816719055
7176,0.2832,0.9265442490577698
7177,0.307,0.9301724433898926
7178,0.3437,0.916167676448822
7179,0.1894,0.9590865969657898
7180,0.3191,0.9230064153671265
7181,0.3332,0.9179894328117371
7182,0.2636,0.934044599533081
7183,0.3173,0.9237056970596313
7184,0.2783,0.92974454164505
7185,0.31,0.9203791618347168
7186,0.3547,0.9078564643859863
7187,0.3637,0.9174041152000427
7188,0.2613,0.9293642640113831
7189,0.3409,0.9178356528282166
7190,0.3061,0.922914445400238
7191,0.261,0.9324034452438354
7192,0.3393,0.9184726476669312
7193,0.3324,0.9253567457199097
7194,0.3571,0.9135380983352661
7195,0.3392,0.9155555367469788
7196,0.3427,0.9180887341499329
7197,0.3456,0.921658992767334
7198,0.2632,0.9320148229598999
7199,0.2966,0.9281045794487
7200,0.3834,0.9210925698280334
7201,0.1855,0.9546722173690796
7202,0.1709,0.9625668525695801
7203,0.1649,0.9660459756851196
7204,0.1414,0.9677602052688599
7205,0.1643,0.9613878130912781
7206,0.2594,0.9389179944992065
7207,0.268,0.9414013028144836
7208,0.2639,0.9414385557174683
7209,0.2297,0.945027768611908
7210,0.1587,0.9606353640556335
7211,0.202,0.9603960514068604
7212,0.2562,0.9436089992523193
7213,0.2559,0.9485580921173096
7214,0.1889,0.9598145484924316
7215,0.3356,0.9133105874061584
7216,0.2772,0.9459888935089111
7217,0.3193,0.916972815990448
7218,0.3112,0.9291158318519592
7219,0.3396,0.9201253056526184
7220,0.2752,0.9314024448394775
7221,0.2929,0.9330645203590393
7222,0.2046,0.9463696479797363
7223,0.3899,0.9084140062332153
7224,0.3452,0.9210950136184692
7225,0.2685,0.9337298274040222
7226,0.2366,0.941027820110321
7227,0.3541,0.9306600093841553
7228,0.3139,0.929411768913269
7229,0.2756,0.9398359060287476
7230,0.246,0.9461883306503296
7231,0.3047,0.921165406703949
7232,0.3605,0.9252507090568542
7233,0.3018,0.9131221771240234
7234,0.3175,0.9281663298606873
7235,0.2781,0.927480936050415
7236,0.2839,0.9321175217628479
7237,0.3878,0.9130018949508667
7238,0.2763,0.9382321834564209
7239,0.2305,0.94111567735672
7240,0.3111,0.9162303805351257
7241,0.3157,0.9244306683540344
7242,0.3607,0.909766435623169
7243,0.271,0.9342984557151794
7244,0.3162,0.9310734272003174
7245,0.3847,0.9186440706253052
7246,0.3012,0.9207683205604553
7247,0.3388,0.9111922383308411
7248,0.3344,0.9190535545349121
7249,0.2615,0.9312102198600769
7250,0.278,0.9424242377281189
7251,0.1333,0.971862256526947
7252,0.1989,0.9493550062179565
7253,0.1749,0.9604978561401367
7254,0.2167,0.9519953727722168
7255,0.176,0.9643765687942505
7256,0.1415,0.9725239872932434
7257,0.1815,0.9667102098464966
7258,0.1401,0.9643782377243042
7259,0.1948,0.9606741666793823
7260,0.2449,0.9398447871208191
7261,0.35,0.9093872308731079
7262,0.1626,0.9599074721336365
7263,0.3043,0.9231287837028503
7264,0.2304,0.9448423981666565
7265,0.1714,0.9572924971580505
7266,0.2934,0.9325757622718811
7267,0.2612,0.9417989253997803
7268,0.2586,0.9371980428695679
7269,0.2494,0.9481245279312134
7270,0.2616,0.9367088675498962
7271,0.3054,0.9307875633239746
7272,0.2675,0.9356358051300049
7273,0.2746,0.9306020140647888
7274,0.4215,0.9061224460601807
7275,0.3136,0.9316666722297668
7276,0.3012,0.9288225173950195
7277,0.3125,0.9139966368675232
7278,0.2977,0.930918276309967
7279,0.3908,0.9043552279472351
7280,0.2784,0.9275618195533752
7281,0.268,0.9274418354034424
7282,0.3767,0.9131944179534912
7283,0.3032,0.9251185059547424
7284,0.3129,0.9149532914161682
7285,0.3182,0.9231517314910889
7286,0.4145,0.9022346138954163
7287,0.2353,0.943415641784668
7288,0.3301,0.9183070659637451
7289,0.2648,0.9361924529075623
7290,0.2586,0.9329073429107666
7291,0.2201,0.950276255607605
7292,0.3364,0.9225736260414124
7293,0.2811,0.9237568974494934
7294,0.2828,0.9272116422653198
7295,0.241,0.9369158744812012
7296,0.2789,0.9341463446617126
7297,0.4107,0.9136094450950623
7298,0.3255,0.9207921028137207
7299,0.2687,0.9337748289108276
7300,0.3078,0.9338129758834839
7301,0.2208,0.9431707859039307
7302,0.101,0.9757425785064697
7303,0.1874,0.9586859345436096
7304,0.2209,0.9550029635429382
7305,0.1631,0.9624752998352051
7306,0.2025,0.9529553651809692
7307,0.2338,0.9439949989318848
7308,0.1673,0.9614864587783813
7309,0.1846,0.9560283422470093
7310,0.2423,0.9489942789077759
7311,0.1706,0.9610983729362488
7312,0.1844,0.9535415172576904
7313,0.351,0.9227886199951172
7314,0.2779,0.9367377758026123
7315,0.265,0.9427207708358765
7316,0.2903,0.9341269731521606
7317,0.314,0.9211746454238892
7318,0.3492,0.9215987920761108
7319,0.3191,0.9242304563522339
7320,0.3326,0.9170616269111633
7321,0.2617,0.935973048210144
7322,0.3413,0.9188963174819946
7323,0.3995,0.9053833484649658
7324,0.2814,0.9240614175796509
7325,0.265,0.9307897090911865
7326,0.3113,0.9241622686386108
7327,0.2912,0.9278523325920105
7328,0.345,0.9159891605377197
7329,0.3217,0.9146230816841125
7330,0.2587,0.9456310868263245
7331,0.3617,0.9145907759666443
7332,0.3103,0.9287749528884888
7333,0.367,0.9051094651222229
7334,0.2394,0.9399224519729614
7335,0.2903,0.9257473349571228
7336,0.3507,0.9241517186164856
7337,0.3227,0.9194360375404358
7338,0.2252,0.9415515661239624
7339,0.2967,0.9286463856697083
7340,0.3107,0.9139896631240845
7341,0.3006,0.9270152449607849
7342,0.2607,0.9377729296684265
7343,0.3032,0.931949257850647
7344,0.3058,0.9269406199455261
7345,0.3571,0.9115341305732727
7346,0.2619,0.9400479793548584
7347,0.3282,0.9276073575019836
7348,0.3125,0.9296675324440002
7349,0.2453,0.9384010434150696
7350,0.2474,0.9418439865112305
7351,0.4326,0.902484118938446
7352,0.1357,0.9685077667236328
7353,0.1651,0.9688196182250977
7354,0.1516,0.9639689326286316
7355,0.1698,0.9610797166824341
7356,0.158,0.9667093753814697
7357,0.2079,0.9524413347244263
7358,0.2406,0.9517601132392883
7359,0.2689,0.9443053603172302
7360,0.2022,0.9513157606124878
7361,0.2855,0.9343263506889343
7362,0.2324,0.9515418410301208
7363,0.1472,0.9635941386222839
7364,0.2837,0.9288182258605957
7365,0.2881,0.9397849440574646
7366,0.2353,0.9425727128982544
7367,0.3296,0.9305772185325623
7368,0.2808,0.9315169453620911
7369,0.2762,0.9372579455375671
7370,0.3508,0.9239574670791626
7371,0.2806,0.9373512864112854
7372,0.2621,0.9404081702232361
7373,0.2895,0.9293257594108582
7374,0.2615,0.9307817816734314
7375,0.3509,0.9062979817390442
7376,0.4105,0.9047999978065491
7377,0.3528,0.9168012738227844
7378,0.2525,0.9461400508880615
7379,0.2443,0.9439579844474792
7380,0.249,0.9465579986572266
7381,0.3302,0.909747302532196
7382,0.2294,0.9410609006881714
7383,0.2929,0.9261311292648315
7384,0.2977,0.9224952459335327
7385,0.3043,0.9293785095214844
7386,0.2822,0.92768794298172
7387,0.3655,0.9173076748847961
7388,0.29,0.9363449811935425
7389,0.2524,0.934493362903595
7390,0.249,0.9284951686859131
7391,0.2649,0.9333333373069763
7392,0.3273,0.9228224754333496
7393,0.2268,0.9372197389602661
7394,0.2965,0.9280973672866821
7395,0.2847,0.9243603944778442
7396,0.2961,0.9303653240203857
7397,0.2717,0.9347826242446899
7398,0.3895,0.9091995358467102
7399,0.3364,0.9231737852096558
7400,0.2695,0.9343794584274292
7401,0.1582,0.9662317633628845
7402,0.1699,0.965831458568573
7403,0.1472,0.9703173041343689
7404,0.1671,0.9644469618797302
7405,0.1282,0.9689476490020752
7406,0.1494,0.9676817655563354
7407,0.2321,0.9538165330886841
7408,0.3492,0.9228336215019226
7409,0.3159,0.9358041286468506
7410,0.2471,0.9353693127632141
7411,0.3625,0.918149471282959
7412,0.3433,0.9217516183853149
7413,0.1636,0.963302731513977
7414,0.2544,0.9392142295837402
7415,0.3539,0.9235087633132935
7416,0.2759,0.9296987056732178
7417,0.3814,0.9204301238059998
7418,0.2725,0.937019944190979
7419,0.3933,0.914434552192688
7420,0.2538,0.946825385093689
7421,0.3643,0.9061766862869263
7422,0.3111,0.9323872923851013
7423,0.1962,0.9520000219345093
7424,0.4437,0.8951548933982849
7425,0.2592,0.9359307289123535
7426,0.3673,0.9047619104385376
7427,0.2454,0.9362831711769104
7428,0.3282,0.924957811832428
7429,0.3699,0.9050905704498291
7430,0.3324,0.9095744490623474
7431,0.4113,0.894086480140686
7432,0.2688,0.9298751354217529
7433,0.3577,0.9168190360069275
7434,0.3587,0.9233067631721497
7435,0.3047,0.9313346147537231
7436,0.3562,0.9079334139823914
7437,0.2913,0.9236111044883728
7438,0.3026,0.9254170656204224
7439,0.2651,0.9268559217453003
7440,0.2623,0.9375684261322021
7441,0.3637,0.9064143300056458
7442,0.3632,0.9153268933296204
7443,0.3036,0.9262782335281372
7444,0.3787,0.9147540926933289
7445,0.3556,0.924369752407074
7446,0.296,0.9416666626930237
7447,0.3092,0.9366028904914856
7448,0.3894,0.9140811562538147
7449,0.3272,0.9184993505477905
7450,0.2802,0.9395683407783508
7451,0.2688,0.9509803652763367
7452,0.1714,0.9604060649871826
7453,0.2398,0.9420613050460815
7454,0.221,0.952621579170227
7455,0.2347,0.9414575695991516
7456,0.2205,0.9511253833770752
7457,0.2546,0.9347545504570007
7458,0.2633,0.9360699653625488
7459,0.1872,0.9599999785423279
7460,0.2594,0.9450222849845886
7461,0.2541,0.9371877312660217
7462,0.2195,0.9441896080970764
7463,0.2755,0.9370315074920654
7464,0.2478,0.9433669447898865
7465,0.2451,0.9387755393981934
7466,0.3114,0.9268110394477844
7467,0.2298,0.9407351613044739
7468,0.2938,0.92873215675354
7469,0.2246,0.9463986754417419
7470,0.2946,0.921135663986206
7471,0.2501,0.940032422542572
7472,0.2858,0.9370212554931641
7473,0.2303,0.9483227729797363
7474,0.2626,0.9387040138244629
7475,0.3785,0.9049881100654602
7476,0.2464,0.9351111054420471
7477,0.2617,0.9349871873855591
7478,0.3551,0.9087066650390625
7479,0.269,0.9383378028869629
7480,0.3136,0.9228100776672363
7481,0.2788,0.922731339931488
7482,0.3462,0.917005717754364
7483,0.3466,0.921475887298584
7484,0.456,0.8975957036018372
7485,0.289,0.935579776763916
7486,0.3074,0.9277456402778625
7487,0.3106,0.9298245906829834
7488,0.2375,0.9519743919372559
7489,0.3675,0.9109109044075012
7490,0.2797,0.924369752407074
7491,0.3221,0.915217399597168
7492,0.3052,0.927253007888794
7493,0.2567,0.932372510433197
7494,0.3159,0.9258427023887634
7495,0.2621,0.9356659054756165
7496,0.3091,0.9353612065315247
7497,0.3457,0.9219858050346375
7498,0.3749,0.9110840559005737
7499,0.3188,0.9269230961799622
7500,0.2959,0.9207231998443604
7501,0.2772,0.934215247631073
7502,0.1577,0.9611510634422302
7503,0.1543,0.9636557698249817
7504,0.1769,0.9578134417533875
7505,0.188,0.9582836627960205
7506,0.2449,0.9512947201728821
7507,0.2033,0.9574607610702515
7508,0.2085,0.9533153176307678
7509,0.2545,0.9440000057220459
7510,0.2035,0.9570200443267822
7511,0.2815,0.9281271696090698
7512,0.2333,0.9438366293907166
7513,0.2131,0.9486426711082458
7514,0.2352,0.9450392723083496
7515,0.1887,0.9565554857254028
7516,0.3504,0.9213813543319702
7517,0.2697,0.9345106482505798
7518,0.324,0.9243119359016418
7519,0.2302,0.9425675868988037
7520,0.2205,0.9476268291473389
7521,0.2628,0.942052960395813
7522,0.2865,0.940980851650238
7523,0.3205,0.9162679314613342
7524,0.3013,0.9245123267173767
7525,0.345,0.9100749492645264
7526,0.3259,0.9240924119949341
7527,0.1892,0.9597378373146057
7528,0.348,0.9131944179534912
7529,0.2202,0.9418818950653076
7530,0.3736,0.92038494348526
7531,0.3653,0.9087623953819275
7532,0.3765,0.909747302532196
7533,0.2895,0.9317963719367981
7534,0.2891,0.9324324131011963
7535,0.2571,0.939303457736969
7536,0.3181,0.919617235660553
7537,0.3633,0.9139785170555115
7538,0.3614,0.9208924770355225
7539,0.2793,0.9429778456687927
7540,0.3336,0.9224973320960999
7541,0.3693,0.915433406829834
7542,0.29,0.9229098558425903
7543,0.2451,0.9434388875961304
7544,0.2651,0.9287330508232117
7545,0.3358,0.9110070466995239
7546,0.2709,0.9308252334594727
7547,0.2707,0.9347037672996521
7548,0.3634,0.90625
7549,0.38,0.9164556860923767
7550,0.2479,0.9371428489685059
7551,0.1019,0.9796209931373596
7552,0.1764,0.9602187871932983
7553,0.1895,0.9600638747215271
7554,0.3809,0.9220489859580994
7555,0.2156,0.9507908821105957
7556,0.1778,0.9613259434700012
7557,0.1587,0.9623802900314331
7558,0.2356,0.9484949707984924
7559,0.1957,0.9570552110671997
7560,0.1295,0.9698085188865662
7561,0.2507,0.9418520927429199
7562,0.2136,0.9456193447113037
7563,0.3568,0.9177793264389038
7564,0.3636,0.918529212474823
7565,0.3494,0.9180565476417542
7566,0.2181,0.9441548585891724
7567,0.2642,0.9352850317955017
7568,0.338,0.9193061590194702
7569,0.301,0.9296562671661377
7570,0.3727,0.9130763411521912
7571,0.2293,0.9362582564353943
7572,0.2799,0.9308642148971558
7573,0.3028,0.9185369610786438
7574,0.3402,0.918006420135498
7575,0.3408,0.9155787825584412
7576,0.1996,0.9531548619270325
7577,0.2993,0.927985429763794
7578,0.2651,0.942016065120697
7579,0.2654,0.9306930899620056
7580,0.3328,0.9249329566955566
7581,0.2923,0.9270544648170471
7582,0.3479,0.9155597686767578
7583,0.4269,0.8940455317497253
7584,0.3055,0.9179104566574097
7585,0.3225,0.9294003844261169
7586,0.364,0.9169921875
7587,0.3233,0.9238005876541138
7588,0.2994,0.9368932247161865
7589,0.3004,0.9318885207176208
7590,0.2359,0.9418221712112427
7591,0.3087,0.9258098006248474
7592,0.2853,0.9216335415840149
7593,0.2875,0.9298245906829834
7594,0.2797,0.9259259104728699
7595,0.2483,0.9452679753303528
7596,0.2801,0.9300947785377502
7597,0.2893,0.9328449368476868
7598,0.3565,0.9140811562538147
7599,0.331,0.9272030591964722
7600,0.2401,0.9445234537124634
7601,0.2982,0.9298040270805359
7602,0.175,0.9589040875434875
7603,0.1924,0.9629831314086914
7604,0.1438,0.9719974994659424
7605,0.3309,0.9317343235015869
7606,0.1585,0.9640644192695618
7607,0.1517,0.9628354907035828
7608,0.3004,0.9369918704032898
7609,0.2002,0.943015992641449
7610,0.3087,0.9290921092033386
7611,0.2413,0.937274694442749
7612,0.272,0.9344852566719055
7613,0.2886,0.9375907182693481
7614,0.1931,0.957198441028595
7615,0.2346,0.9462279081344604
7616,0.2736,0.9318352341651917
7617,0.4173,0.9030836820602417
7618,0.3337,0.9157894849777222
7619,0.2811,0.9353035092353821
7620,0.2651,0.9351481199264526
7621,0.2299,0.9474999904632568
7622,0.3812,0.9050192832946777
7623,0.2847,0.9263431429862976
7624,0.2849,0.9260182976722717
7625,0.2174,0.9442446231842041
7626,0.3756,0.9170812368392944
7627,0.2557,0.9423604607582092
7628,0.2673,0.9350411891937256
7629,0.2355,0.9342592358589172
7630,0.2879,0.92341548204422
7631,0.2905,0.9226467609405518
7632,0.2967,0.9390125870704651
7633,0.2791,0.9270142316818237
7634,0.2985,0.9182156324386597
7635,0.2968,0.9340550899505615
7636,0.3258,0.9332649111747742
7637,0.3236,0.9237029552459717
7638,0.3547,0.922448992729187
7639,0.3311,0.9203821420669556
7640,0.3002,0.9163135886192322
7641,0.3289,0.9181222915649414
7642,0.3281,0.9213362336158752
7643,0.249,0.9233333468437195
7644,0.3179,0.9269663095474243
7645,0.2776,0.9298850297927856
7646,0.2312,0.9380316138267517
7647,0.3271,0.9303178191184998
7648,0.3033,0.929526150226593
7649,0.2671,0.9421593546867371
7650,0.2733,0.9364407062530518
7651,0.1597,0.965093195438385
7652,0.1783,0.9586485028266907
7653,0.2201,0.947589099407196
7654,0.223,0.9485549330711365
7655,0.1863,0.9588607549667358
7656,0.2395,0.949438214302063
7657,0.2522,0.9413506984710693
7658,0.2974,0.9351012110710144
7659,0.3169,0.9357484579086304
7660,0.2743,0.9314685463905334
7661,0.1789,0.9607272744178772
7662,0.221,0.9480994343757629
7663,0.2867,0.9313800930976868
7664,0.3044,0.9325925707817078
7665,0.2806,0.9371117949485779
7666,0.3064,0.9301801919937134
7667,0.2405,0.9419504404067993
7668,0.3016,0.9239373803138733
7669,0.2629,0.9300912022590637
7670,0.2951,0.92514967918396
7671,0.3061,0.9265761971473694
7672,0.3307,0.9204819202423096
7673,0.3291,0.9252411723136902
7674,0.3079,0.930232584476471
7675,0.321,0.9192245602607727
7676,0.3235,0.92183518409729
7677,0.2735,0.9341372847557068
7678,0.3221,0.9242160320281982
7679,0.3836,0.9100257158279419
7680,0.3111,0.92341548204422
7681,0.246,0.9387568831443787
7682,0.324,0.9275093078613281
7683,0.2622,0.9335206151008606
7684,0.3555,0.9287833571434021
7685,0.3357,0.9188405871391296
7686,0.39,0.9065777063369751
7687,0.3376,0.914460301399231
7688,0.2922,0.922520637512207
7689,0.3163,0.9234642386436462
7690,0.2878,0.9224318861961365
7691,0.3029,0.9155701994895935
7692,0.3468,0.9182590246200562
7693,0.3445,0.9154012799263
7694,0.3512,0.9139664769172668
7695,0.374,0.917792797088623
7696,0.3316,0.9295454621315002
7697,0.2739,0.9424460530281067
7698,0.3745,0.9143546223640442
7699,0.3627,0.9182630777359009
7700,0.1908,0.9580318331718445
7701,0.1684,0.9604612588882446
7702,0.2362,0.9451536536216736
7703,0.1882,0.9567538499832153
7704,0.1317,0.9739323258399963
7705,0.2011,0.9539279341697693
7706,0.2036,0.951292872428894
7707,0.1368,0.9683744311332703
7708,0.158,0.9634793996810913
7709,0.1965,0.9532374143600464
7710,0.2558,0.9445266127586365
7711,0.1664,0.9603524208068848
7712,0.2033,0.9498567581176758
7713,0.199,0.9504950642585754
7714,0.2093,0.9479166865348816
7715,0.2491,0.9333826899528503
7716,0.2539,0.94199538230896
7717,0.2857,0.9298893213272095
7718,0.2613,0.948462188243866
7719,0.3772,0.9100318551063538
7720,0.321,0.9192646145820618
7721,0.3398,0.9186228513717651
7722,0.2849,0.9355108737945557
7723,0.1702,0.9617834687232971
7724,0.3287,0.9167346954345703
7725,0.3823,0.933751106262207
7726,0.2917,0.9320305585861206
7727,0.2767,0.936026930809021
7728,0.3303,0.9187554121017456
7729,0.3649,0.9094107151031494
7730,0.2954,0.9310954213142395
7731,0.3152,0.9239412546157837
7732,0.3428,0.9221927523612976
7733,0.3073,0.9248396158218384
7734,0.2925,0.9251700639724731
7735,0.2756,0.9287037253379822
7736,0.3003,0.9288389682769775
7737,0.3454,0.8996211886405945
7738,0.3745,0.9097291827201843
7739,0.2902,0.9287168979644775
7740,0.2433,0.9367631077766418
7741,0.2885,0.9234800934791565
7742,0.36,0.896885097026825
7743,0.3008,0.9317697286605835
7744,0.3237,0.9204927086830139
7745,0.292,0.9347568154335022
7746,0.2674,0.9297618865966797
7747,0.2659,0.9393203854560852
7748,0.282,0.9314720630645752
7749,0.3135,0.9145408272743225
7750,0.2329,0.9472182393074036
7751,0.1028,0.9763809442520142
7752,0.0933,0.9746770262718201
7753,0.1676,0.9670263528823853
7754,0.3634,0.9261704683303833
7755,0.2223,0.9402795433998108
7756,0.2333,0.9466415643692017
7757,0.1943,0.9600812196731567
7758,0.1489,0.9634986519813538
7759,0.2271,0.9435146450996399
7760,0.28,0.929627001285553
7761,0.3075,0.934798002243042
7762,0.1959,0.9491899609565735
7763,0.3177,0.929693341255188
7764,0.2615,0.9420709609985352
7765,0.2498,0.9412617683410645
7766,0.4362,0.8932862281799316
7767,0.2573,0.936981737613678
7768,0.2708,0.9392446875572205
7769,0.2799,0.9431630969047546
7770,0.2347,0.9458086490631104
7771,0.222,0.9507771730422974
7772,0.3212,0.9151889085769653
7773,0.3702,0.9139699935913086
7774,0.2292,0.9492619633674622
7775,0.2212,0.952597975730896
7776,0.3184,0.9146028757095337
7777,0.3343,0.9114359617233276
7778,0.3223,0.9280821681022644
7779,0.2988,0.930374264717102
7780,0.2439,0.9465500712394714
7781,0.3632,0.9108911156654358
7782,0.2854,0.9312499761581421
7783,0.3719,0.9119555354118347
7784,0.3506,0.922723114490509
7785,0.2462,0.9433771371841431
7786,0.3394,0.9212828278541565
7787,0.3268,0.9205851554870605
7788,0.2934,0.9293873310089111
7789,0.4068,0.9015443921089172
7790,0.2906,0.935312807559967
7791,0.2404,0.9436619877815247
7792,0.4155,0.9018788933753967
7793,0.241,0.932372510433197
7794,0.31,0.9241379499435425
7795,0.3071,0.9210220575332642
7796,0.2983,0.9287330508232117
7797,0.3838,0.9115250110626221
7798,0.2996,0.930036187171936
7799,0.3409,0.9206939339637756
7800,0.2611,0.9302987456321716
7801,0.0636,0.9872340559959412
7802,0.1733,0.9608418941497803
7803,0.3706,0.9194499254226685
7804,0.1434,0.9623072743415833
7805,0.2764,0.9463294148445129
7806,0.1834,0.9622290730476379
7807,0.1771,0.9640921354293823
7808,0.1502,0.9623029232025146
7809,0.2156,0.944887101650238
7810,0.1724,0.9542772769927979
7811,0.308,0.9196891188621521
7812,0.2647,0.9360632300376892
7813,0.3153,0.9284712672233582
7814,0.3053,0.9263759851455688
7815,0.274,0.9310083389282227
7816,0.2197,0.956630527973175
7817,0.2027,0.9515050053596497
7818,0.2941,0.9370400905609131
7819,0.261,0.9351999759674072
7820,0.2444,0.9396325349807739
7821,0.2421,0.9435763955116272
7822,0.3028,0.9213395714759827
7823,0.4269,0.8952922224998474
7824,0.3086,0.9222316145896912
7825,0.2228,0.9491832852363586
7826,0.2915,0.9283154010772705
7827,0.2747,0.9335106611251831
7828,0.3277,0.9295774698257446
7829,0.3353,0.9202081561088562
7830,0.3257,0.9196822643280029
7831,0.2813,0.9306197762489319
7832,0.3527,0.9116321206092834
7833,0.2899,0.9270927309989929
7834,0.3148,0.9216241836547852
7835,0.3351,0.9272550940513611
7836,0.3646,0.9111328125
7837,0.3408,0.9199614524841309
7838,0.3258,0.9144008159637451
7839,0.3034,0.9264248609542847
7840,0.3411,0.9201213121414185
7841,0.285,0.9388889074325562
7842,0.3978,0.9083245396614075
7843,0.3113,0.9225736260414124
7844,0.3107,0.9251925349235535
7845,0.259,0.926886796951294
7846,0.2646,0.9233449697494507
7847,0.2396,0.9377990365028381
7848,0.2602,0.9299754500389099
7849,0.303,0.9261146783828735
7850,0.3348,0.9324138164520264
7851,0.1632,0.9635519981384277
7852,0.1095,0.9759958982467651
7853,0.1737,0.9639738202095032
7854,0.1776,0.955232560634613
7855,0.228,0.9526153802871704
7856,0.2158,0.9484240412712097
7857,0.2868,0.9363816976547241
7858,0.1932,0.9564102292060852
7859,0.1854,0.9513981342315674
7860,0.1986,0.9576149582862854
7861,0.2557,0.9402362704277039
7862,0.1793,0.9597501754760742
7863,0.2786,0.9415081143379211
7864,0.2603,0.9423487782478333
7865,0.2596,0.9395349025726318
7866,0.2448,0.9383358359336853
7867,0.2269,0.9528228640556335
7868,0.2215,0.9388379454612732
7869,0.3466,0.9177168011665344
7870,0.3046,0.9227769374847412
7871,0.2441,0.946945309638977
7872,0.3273,0.919468343257904
7873,0.4048,0.9072327017784119
7874,0.1793,0.9566420912742615
7875,0.268,0.9325658082962036
7876,0.2617,0.9431111216545105
7877,0.3055,0.93217533826828
7878,0.3089,0.9215686321258545
7879,0.3168,0.9215517044067383
7880,0.2895,0.9318777322769165
7881,0.3145,0.9257562160491943
7882,0.2519,0.9390363693237305
7883,0.3307,0.9258555173873901
7884,0.2696,0.9377431869506836
7885,0.3275,0.9170507192611694
7886,0.2399,0.9412935376167297
7887,0.3367,0.9192118048667908
7888,0.2229,0.9464094042778015
7889,0.3422,0.908998966217041
7890,0.2733,0.9337607026100159
7891,0.3427,0.9312977194786072
7892,0.2795,0.9292035102844238
7893,0.3609,0.9189497828483582
7894,0.2523,0.9320498108863831
7895,0.3405,0.929928719997406
7896,0.2246,0.9448621273040771
7897,0.2765,0.9300947785377502
7898,0.3106,0.9363524913787842
7899,0.2962,0.9359296560287476
7900,0.3028,0.9297520518302917
7901,0.1273,0.9668588042259216
7902,0.2285,0.946601927280426
7903,0.2328,0.9450767040252686
7904,0.1887,0.9585379362106323
7905,0.2125,0.9577056765556335
7906,0.2628,0.9371980428695679
7907,0.1829,0.9601567387580872
7908,0.1882,0.9524447321891785
7909,0.1823,0.9596661925315857
7910,0.3195,0.9242819547653198
7911,0.2403,0.9404924511909485
7912,0.271,0.932692289352417
7913,0.2019,0.9523077011108398
7914,0.286,0.9312320947647095
7915,0.198,0.9558481574058533
7916,0.2081,0.9506369233131409
7917,0.2006,0.9590228796005249
7918,0.2282,0.9499608874320984
7919,0.3194,0.9222641587257385
7920,0.2316,0.944531261920929
7921,0.2036,0.9451269507408142
7922,0.2449,0.9352226853370667
7923,0.2679,0.9390537142753601
7924,0.3067,0.9197379350662231
7925,0.3069,0.9289175868034363
7926,0.2651,0.9385964870452881
7927,0.1933,0.9476061463356018
7928,0.4596,0.9005751609802246
7929,0.2397,0.9395306706428528
7930,0.3055,0.9255691766738892
7931,0.3504,0.9191304445266724
7932,0.2763,0.9330188632011414
7933,0.356,0.9197812080383301
7934,0.2283,0.9431471824645996
7935,0.3209,0.9173709154129028
7936,0.3311,0.9165067076683044
7937,0.3466,0.9203540086746216
7938,0.3266,0.9237805008888245
7939,0.2979,0.929423451423645
7940,0.3622,0.903030276298523
7941,0.2874,0.9350649118423462
7942,0.3788,0.9109442234039307
7943,0.2816,0.9279999732971191
7944,0.3196,0.9232531785964966
7945,0.3152,0.9315849542617798
7946,0.2554,0.9365269541740417
7947,0.3626,0.9174641370773315
7948,0.3446,0.9149198532104492
7949,0.3568,0.9230769276618958
7950,0.2663,0.9486050009727478
7951,0.1566,0.9613003134727478
7952,0.2121,0.9530075192451477
7953,0.143,0.9657464027404785
7954,0.241,0.9455525875091553
7955,0.2517,0.9401805996894836
7956,0.2274,0.9535168409347534
7957,0.1782,0.962176501750946
7958,0.1324,0.9667553305625916
7959,0.1639,0.9626497626304626
7960,0.2691,0.9329647421836853
7961,0.2187,0.9493580460548401
7962,0.2831,0.9430052042007446
7963,0.1699,0.9587020874023438
7964,0.1694,0.958459198474884
7965,0.1988,0.953667938709259
7966,0.3827,0.8986722826957703
7967,0.228,0.9437869787216187
7968,0.2852,0.9323899149894714
7969,0.2426,0.9459902048110962
7970,0.3561,0.9215530753135681
7971,0.3217,0.9251378774642944
7972,0.2332,0.9437819123268127
7973,0.3123,0.921862006187439
7974,0.2938,0.9253605008125305
7975,0.3206,0.9254606366157532
7976,0.2645,0.9389830231666565
7977,0.1848,0.9553734064102173
7978,0.3126,0.92586350440979
7979,0.2868,0.9322637915611267
7980,0.3106,0.9264705777168274
7981,0.301,0.9211218357086182
7982,0.3054,0.933768630027771
7983,0.3008,0.9368131756782532
7984,0.3637,0.9088472127914429
7985,0.233,0.9459980726242065
7986,0.3161,0.9226305484771729
7987,0.3602,0.92769855260849
7988,0.3196,0.9217821955680847
7989,0.3102,0.9282828569412231
7990,0.3057,0.9212121367454529
7991,0.3222,0.9220085740089417
7992,0.2856,0.9278242588043213
7993,0.2669,0.9291338324546814
7994,0.2662,0.9309551119804382
7995,0.3073,0.9203746914863586
7996,0.3338,0.9185779690742493
7997,0.2581,0.9347826242446899
7998,0.2527,0.9397293925285339
7999,0.3169,0.9291925430297852
8000,0.2962,0.9364845156669617
8001,0.2106,0.950154721736908
8002,0.2262,0.9431524276733398
8003,0.1532,0.9697452187538147
8004,0.1561,0.9675531983375549
8005,0.166,0.9612902998924255
8006,0.1925,0.9598214030265808
8007,0.2506,0.9416149258613586
8008,0.1794,0.957571804523468
8009,0.2382,0.9386700987815857
8010,0.2843,0.9286649227142334
8011,0.2524,0.9413866996765137
8012,0.256,0.9435933232307434
8013,0.2741,0.9356005787849426
8014,0.2438,0.9383712410926819
8015,0.2534,0.9479326009750366
8016,0.1909,0.9547199010848999
8017,0.3083,0.9247720241546631
8018,0.2294,0.9483036994934082
8019,0.2328,0.9429718852043152
8020,0.2076,0.9511993527412415
8021,0.2673,0.9288601279258728
8022,0.3173,0.9310638308525085
8023,0.278,0.9269893169403076
8024,0.1904,0.9607329964637756
8025,0.2475,0.940156102180481
8026,0.3064,0.9268085360527039
8027,0.2085,0.9550660848617554
8028,0.3021,0.9211218357086182
8029,0.3237,0.9085312485694885
8030,0.2548,0.9477682709693909
8031,0.2494,0.9331449866294861
8032,0.4388,0.9047186970710754
8033,0.2871,0.9181233048439026
8034,0.3459,0.9159212708473206
8035,0.26,0.939577043056488
8036,0.3198,0.9290060997009277
8037,0.2867,0.9306532740592957
8038,0.2597,0.9332649111747742
8039,0.3373,0.9211618304252625
8040,0.3242,0.9099476337432861
8041,0.2515,0.9386160969734192
8042,0.2854,0.9302083253860474
8043,0.33,0.9228295683860779
8044,0.2866,0.9301014542579651
8045,0.3614,0.9160134196281433
8046,0.3156,0.9263521432876587
8047,0.2526,0.9393203854560852
8048,0.2807,0.9330085515975952
8049,0.3182,0.9281129837036133
8050,0.3436,0.9204389452934265
8051,0.2786,0.9305993914604187
8052,0.1805,0.9580135345458984
8053,0.1364,0.9728080034255981
8054,0.133,0.9684151411056519
8055,0.2083,0.9538187980651855
8056,0.2077,0.9493116140365601
8057,0.2479,0.9446081519126892
8058,0.2118,0.9559975862503052
8059,0.1515,0.9688405990600586
8060,0.1946,0.9556786417961121
8061,0.2392,0.9460992813110352
8062,0.2028,0.9498567581176758
8063,0.249,0.9446808695793152
8064,0.2908,0.9248985052108765
8065,0.1966,0.9475655555725098
8066,0.2324,0.9468749761581421
8067,0.2383,0.9382899403572083
8068,0.1893,0.9524551630020142
8069,0.2553,0.9440665245056152
8070,0.2124,0.9499576091766357
8071,0.2521,0.9394409656524658
8072,0.3249,0.9262899160385132
8073,0.3061,0.914826512336731
8074,0.3501,0.9221411347389221
8075,0.4196,0.902515709400177
8076,0.2458,0.94280606508255
8077,0.2689,0.943082332611084
8078,0.3141,0.922535240650177
8079,0.3215,0.9237360954284668
8080,0.3789,0.907216489315033
8081,0.2566,0.9365217685699463
8082,0.3693,0.9072790145874023
8083,0.2786,0.9309090971946716
8084,0.299,0.9309056997299194
8085,0.268,0.9369999766349792
8086,0.315,0.9205426573753357
8087,0.3572,0.9114173054695129
8088,0.3404,0.9151873588562012
8089,0.2478,0.9341692924499512
8090,0.2476,0.9395900964736938
8091,0.2989,0.9273104667663574
8092,0.2963,0.9269776940345764
8093,0.3243,0.9222462177276611
8094,0.2354,0.9318955540657043
8095,0.3185,0.9269102811813354
8096,0.264,0.939246654510498
8097,0.2481,0.9391727447509766
8098,0.2698,0.9357326626777649
8099,0.2752,0.9286624193191528
8100,0.1975,0.9502840638160706
8101,0.062,0.98483806848526
8102,0.1682,0.968988299369812
8103,0.1821,0.9621380567550659
8104,0.1512,0.9665427803993225
8105,0.1723,0.962313175201416
8106,0.2119,0.9496581554412842
8107,0.2374,0.947050929069519
8108,0.2028,0.9545155167579651
8109,0.1362,0.9668630361557007
8110,0.1865,0.9575260877609253
8111,0.2672,0.9410887360572815
8112,0.2319,0.945684552192688
8113,0.249,0.943494439125061
8114,0.2895,0.9277285933494568
8115,0.2658,0.9289454221725464
8116,0.2457,0.9342105388641357
8117,0.2955,0.9160305261611938
8118,0.1919,0.9543889760971069
8119,0.3246,0.9206598401069641
8120,0.3014,0.9204724431037903
8121,0.2288,0.9474562406539917
8122,0.3672,0.9102462530136108
8123,0.3427,0.9121951460838318
8124,0.3366,0.9219298362731934
8125,0.2662,0.9346463680267334
8126,0.3354,0.9134054780006409
8127,0.3703,0.9047619104385376
8128,0.3822,0.9122340679168701
8129,0.2445,0.9416195750236511
8130,0.3847,0.9037952423095703
8131,0.2691,0.9363296031951904
8132,0.3292,0.9269449710845947
8133,0.2989,0.915238082408905
8134,0.2665,0.9316650629043579
8135,0.2914,0.9401623010635376
8136,0.3574,0.9136960506439209
8137,0.3245,0.910871684551239
8138,0.2625,0.9328585863113403
8139,0.3213,0.9272727370262146
8140,0.3231,0.9170082211494446
8141,0.4071,0.9145673513412476
8142,0.2922,0.9250275492668152
8143,0.2911,0.9246343970298767
8144,0.2867,0.9271900057792664
8145,0.2641,0.9404900670051575
8146,0.3616,0.9257003664970398
8147,0.3057,0.9288343787193298
8148,0.3442,0.9227895140647888
8149,0.3159,0.9235668778419495
8150,0.2845,0.9365079402923584
8151,0.1526,0.9622641801834106
8152,0.1455,0.9691211581230164
8153,0.1711,0.9587628841400146
8154,0.1563,0.9662352204322815
8155,0.1394,0.962896466255188
8156,0.2335,0.9477936625480652
8157,0.1555,0.9608209133148193
8158,0.1929,0.9552529454231262
8159,0.2567,0.9395498633384705
8160,0.2767,0.9338790774345398
8161,0.2633,0.9465917348861694
8162,0.1784,0.9571843147277832
8163,0.309,0.9214481115341187
8164,0.2226,0.9473282694816589
8165,0.1999,0.9556074738502502
8166,0.2599,0.9495733380317688
8167,0.2422,0.9396551847457886
8168,0.2406,0.9362363815307617
8169,0.3017,0.9205749034881592
8170,0.2353,0.9387590885162354
8171,0.2716,0.9257609248161316
8172,0.1881,0.9637352824211121
8173,0.3371,0.9204180240631104
8174,0.3167,0.9221948981285095
8175,0.2549,0.941821277141571
8176,0.2779,0.927288293838501
8177,0.3627,0.9164578318595886
8178,0.3768,0.9146341681480408
8179,0.3458,0.9163144826889038
8180,0.2376,0.9324200749397278
8181,0.2511,0.9448022246360779
8182,0.2815,0.9319030046463013
8183,0.304,0.9237368702888489
8184,0.317,0.9201183319091797
8185,0.24,0.9370078444480896
8186,0.3365,0.9182156324386597
8187,0.2853,0.9314397573471069
8188,0.2564,0.9366700649261475
8189,0.2788,0.9306243658065796
8190,0.2256,0.9381003379821777
8191,0.299,0.936956524848938
8192,0.3165,0.9233333468437195
8193,0.2602,0.9292709231376648
8194,0.2381,0.9328782558441162
8195,0.3062,0.9175257682800293
8196,0.3132,0.9186712503433228
8197,0.3611,0.9185360074043274
8198,0.2819,0.9382871389389038
8199,0.214,0.9513157606124878
8200,0.2988,0.9324712753295898
8201,0.2461,0.9419805407524109
8202,0.1186,0.97675621509552
8203,0.1949,0.9625067114830017
8204,0.1778,0.9597069621086121
8205,0.1715,0.9652122855186462
8206,0.2067,0.9479665160179138
8207,0.2145,0.9487020969390869
8208,0.1526,0.9589309096336365
8209,0.186,0.9565522074699402
8210,0.2083,0.957716703414917
8211,0.1691,0.9604261517524719
8212,0.2778,0.9331983923912048
8213,0.1632,0.9656203389167786
8214,0.2015,0.9456943273544312
8215,0.346,0.9161381125450134
8216,0.2223,0.9493957757949829
8217,0.3837,0.9082301259040833
8218,0.3106,0.9237098097801208
8219,0.311,0.925361156463623
8220,0.2486,0.9341269731521606
8221,0.3337,0.9294026494026184
8222,0.2124,0.9576124548912048
8223,0.2167,0.9545454382896423
8224,0.1783,0.949999988079071
8225,0.3027,0.9257602691650391
8226,0.2686,0.9404362440109253
8227,0.3039,0.92586350440979
8228,0.251,0.9466421604156494
8229,0.3883,0.9117161631584167
8230,0.3509,0.9083191752433777
8231,0.2433,0.9375565648078918
8232,0.3271,0.9218891859054565
8233,0.4126,0.8918454647064209
8234,0.3068,0.9275500774383545
8235,0.3742,0.9101019501686096
8236,0.294,0.9258882999420166
8237,0.3179,0.9132040739059448
8238,0.3607,0.9130434989929199
8239,0.2836,0.9306418299674988
8240,0.3828,0.9137254953384399
8241,0.2792,0.9179810881614685
8242,0.3424,0.9219251275062561
8243,0.4134,0.8984127044677734
8244,0.3276,0.9226519465446472
8245,0.3125,0.9207807183265686
8246,0.2918,0.9317919015884399
8247,0.2772,0.9291716814041138
8248,0.2727,0.9314903616905212
8249,0.2741,0.927135705947876
8250,0.3624,0.9327610731124878
8251,0.1365,0.9687386155128479
8252,0.1704,0.9588977098464966
8253,0.1742,0.9636842012405396
8254,0.1724,0.9652694463729858
8255,0.1912,0.9493379592895508
8256,0.225,0.9475878477096558
8257,0.1629,0.9548633098602295
8258,0.1822,0.967961847782135
8259,0.2209,0.9406392574310303
8260,0.1794,0.9586255550384521
8261,0.1843,0.9583028554916382
8262,0.1133,0.9791666865348816
8263,0.258,0.9423472881317139
8264,0.2914,0.9264384508132935
8265,0.1933,0.9574943780899048
8266,0.1728,0.960567831993103
8267,0.2572,0.9336349964141846
8268,0.2728,0.9306487441062927
8269,0.2988,0.9247391819953918
8270,0.1603,0.9605373740196228
8271,0.2022,0.9498381614685059
8272,0.1855,0.9585133790969849
8273,0.2687,0.9356395602226257
8274,0.2909,0.9241666793823242
8275,0.3331,0.9192495942115784
8276,0.2441,0.9397590160369873
8277,0.303,0.9301270246505737
8278,0.2536,0.9395852088928223
8279,0.3102,0.9194689989089966
8280,0.2381,0.9472222328186035
8281,0.2076,0.9441288113594055
8282,0.2998,0.9189704656600952
8283,0.3154,0.9227871894836426
8284,0.3716,0.9097962975502014
8285,0.2828,0.9265425801277161
8286,0.2725,0.9456290006637573
8287,0.3168,0.9261418581008911
8288,0.2933,0.9247743487358093
8289,0.3048,0.9271383285522461
8290,0.2682,0.9422459602355957
8291,0.3001,0.9247881174087524
8292,0.2597,0.9393616914749146
8293,0.2542,0.9389140009880066
8294,0.2974,0.9265850782394409
8295,0.2883,0.9277251362800598
8296,0.2935,0.9349397420883179
8297,0.2323,0.9484662413597107
8298,0.2149,0.9534591436386108
8299,0.3607,0.9267676472663879
8300,0.3137,0.9356223344802856
8301,0.0837,0.9788243770599365
8302,0.1568,0.9635036587715149
8303,0.176,0.9545923471450806
8304,0.2069,0.9538547992706299
8305,0.2286,0.9497635960578918
8306,0.2303,0.944072961807251
8307,0.1428,0.9680213332176208
8308,0.2212,0.9511494040489197
8309,0.2814,0.9334677457809448
8310,0.303,0.9280430674552917
8311,0.1962,0.9498587846755981
8312,0.3128,0.9319880604743958
8313,0.2377,0.9451510310173035
8314,0.2393,0.9405646324157715
8315,0.2329,0.9507154226303101
8316,0.1423,0.9700000286102295
8317,0.3262,0.929729700088501
8318,0.2837,0.9262672662734985
8319,0.2781,0.9341463446617126
8320,0.34,0.9174454808235168
8321,0.284,0.9296754002571106
8322,0.2141,0.9545085430145264
8323,0.3257,0.9238171577453613
8324,0.1932,0.94969642162323
8325,0.3371,0.9231398105621338
8326,0.1756,0.9504950642585754
8327,0.2656,0.9343664646148682
8328,0.2629,0.9425070881843567
8329,0.2552,0.9391056299209595
8330,0.2605,0.9360902309417725
8331,0.199,0.9549461603164673
8332,0.2748,0.9203703999519348
8333,0.2722,0.9264184236526489
8334,0.2897,0.9265267252922058
8335,0.2424,0.9477832317352295
8336,0.3011,0.9272183179855347
8337,0.3184,0.9118812084197998
8338,0.288,0.9366562962532043
8339,0.2368,0.9411134719848633
8340,0.2315,0.9431694149971008
8341,0.2771,0.9209726452827454
8342,0.3329,0.9265850782394409
8343,0.3741,0.903743326663971
8344,0.2902,0.9298850297927856
8345,0.2621,0.9382284283638
8346,0.3191,0.9234449863433838
8347,0.3422,0.9179926514625549
8348,0.3353,0.914893627166748
8349,0.2835,0.920592188835144
8350,0.3426,0.932824432849884
8351,0.1412,0.9629876613616943
8352,0.0928,0.977952778339386
8353,0.1748,0.9643691778182983
8354,0.1516,0.9641119241714478
8355,0.3253,0.9277523159980774
8356,0.2181,0.948574960231781
8357,0.1944,0.9567341208457947
8358,0.1355,0.9663692712783813
8359,0.2926,0.9360759258270264
8360,0.2276,0.9512367248535156
8361,0.113,0.9744744896888733
8362,0.2426,0.9389978051185608
8363,0.2891,0.9311828017234802
8364,0.267,0.9318715929985046
8365,0.2975,0.9293286204338074
8366,0.246,0.9364723563194275
8367,0.2931,0.9245426654815674
8368,0.3378,0.9188191890716553
8369,0.179,0.9561688303947449
8370,0.2676,0.9379475116729736
8371,0.2811,0.9281585216522217
8372,0.3204,0.9259855151176453
8373,0.1945,0.9593128561973572
8374,0.228,0.9451939463615417
8375,0.2312,0.9386188983917236
8376,0.2671,0.9369602799415588
8377,0.2898,0.9272419810295105
8378,0.316,0.9136512875556946
8379,0.3055,0.9204339981079102
8380,0.2686,0.9315931797027588
8381,0.2521,0.9379629492759705
8382,0.2551,0.9363636374473572
8383,0.3164,0.9219467639923096
8384,0.2062,0.9403578639030457
8385,0.334,0.9149908423423767
8386,0.3133,0.9307992458343506
8387,0.2719,0.9335899949073792
8388,0.2593,0.9279999732971191
8389,0.189,0.9521218538284302
8390,0.3107,0.9252437949180603
8391,0.3366,0.9075025916099548
8392,0.2373,0.9461883306503296
8393,0.2412,0.9327354431152344
8394,0.3359,0.9170354008674622
8395,0.3271,0.92766934633255
8396,0.2244,0.9373522400856018
8397,0.29,0.9368295669555664
8398,0.3196,0.9198055863380432
8399,0.2537,0.93438321352005
8400,0.2,0.9619326591491699
8401,0.2831,0.9306746125221252
8402,0.1333,0.9700944423675537
8403,0.1048,0.9751552939414978
8404,0.161,0.9642431735992432
8405,0.1901,0.9512910842895508
8406,0.1506,0.9652605652809143
8407,0.2247,0.9562981724739075
8408,0.146,0.9693379998207092
8409,0.2176,0.9477211833000183
8410,0.1868,0.9472222328186035
8411,0.2443,0.9390863180160522
8412,0.2366,0.9448994994163513
8413,0.2816,0.9296520352363586
8414,0.1901,0.9631901979446411
8415,0.3703,0.9136186838150024
8416,0.2863,0.9229629635810852
8417,0.3195,0.9252918362617493
8418,0.2091,0.9521452188491821
8419,0.2708,0.9324324131011963
8420,0.3374,0.9179282784461975
8421,0.3506,0.9204367995262146
8422,0.2798,0.9308381080627441
8423,0.2812,0.9218876957893372
8424,0.2492,0.9368327260017395
8425,0.2333,0.9424778819084167
8426,0.3068,0.9219391942024231
8427,0.299,0.9139878153800964
8428,0.3461,0.9191238284111023
8429,0.3464,0.9151943325996399
8430,0.2558,0.9362119436264038
8431,0.2318,0.9375
8432,0.3847,0.900818943977356
8433,0.3274,0.9195075631141663
8434,0.3412,0.9158371090888977
8435,0.3476,0.9229268431663513
8436,0.322,0.9242105484008789
8437,0.3022,0.9132111668586731
8438,0.2745,0.9298813343048096
8439,0.263,0.9174603223800659
8440,0.3495,0.9151982665061951
8441,0.2854,0.9246284365653992
8442,0.2685,0.9308452010154724
8443,0.301,0.9325084090232849
8444,0.3031,0.9284116625785828
8445,0.3032,0.9271900057792664
8446,0.2583,0.9391503930091858
8447,0.2372,0.9458128213882446
8448,0.274,0.9253731369972229
8449,0.3371,0.9214929342269897
8450,0.2816,0.9277456402778625
8451,0.2427,0.9400789141654968
8452,0.1577,0.9604055881500244
8453,0.1689,0.9627118706703186
8454,0.2248,0.9504225254058838
8455,0.1828,0.9558912515640259
8456,0.1523,0.9621903300285339
8457,0.237,0.9462295174598694
8458,0.1746,0.9529569745063782
8459,0.1913,0.9546684622764587
8460,0.2256,0.9469589591026306
8461,0.2211,0.9541608095169067
8462,0.2706,0.9207407236099243
8463,0.3478,0.9219653010368347
8464,0.3267,0.922672688961029
8465,0.2091,0.9539852142333984
8466,0.2415,0.9421423077583313
8467,0.2528,0.9397495985031128
8468,0.2909,0.9305993914604187
8469,0.312,0.9300699234008789
8470,0.3235,0.9293563365936279
8471,0.3503,0.9204367995262146
8472,0.2092,0.951241135597229
8473,0.301,0.922322154045105
8474,0.309,0.9254966974258423
8475,0.3353,0.9116666913032532
8476,0.3775,0.9067796468734741
8477,0.2376,0.9419525265693665
8478,0.4287,0.9042016863822937
8479,0.3111,0.9244791865348816
8480,0.305,0.9273422360420227
8481,0.3724,0.9218328595161438
8482,0.3479,0.9060283899307251
8483,0.3729,0.9143389463424683
8484,0.315,0.9221556782722473
8485,0.3743,0.9030710458755493
8486,0.365,0.9083011746406555
8487,0.2632,0.9312977194786072
8488,0.2672,0.9293873310089111
8489,0.2919,0.9293361902236938
8490,0.2484,0.9380530714988708
8491,0.3101,0.9236559271812439
8492,0.3142,0.9237667918205261
8493,0.2921,0.9255079030990601
8494,0.3424,0.9166666865348816
8495,0.3167,0.9171528816223145
8496,0.3091,0.9249106049537659
8497,0.2809,0.9289156794548035
8498,0.3683,0.9175757765769958
8499,0.3148,0.9260203838348389
8500,0.2579,0.9362017512321472
8501,0.1398,0.9686274528503418
8502,0.1724,0.9585277438163757
8503,0.2029,0.9543662071228027
8504,0.1495,0.9628146290779114
8505,0.2279,0.9477699398994446
8506,0.1713,0.9631544947624207
8507,0.1993,0.959235668182373
8508,0.235,0.9528177976608276
8509,0.1568,0.9732205867767334
8510,0.2363,0.942441463470459
8511,0.2447,0.9487179517745972
8512,0.2206,0.9472934603691101
8513,0.2155,0.9529321193695068
8514,0.2753,0.9412176609039307
8515,0.2648,0.9401968121528625
8516,0.2542,0.9368895292282104
8517,0.2179,0.9416933059692383
8518,0.3614,0.9155653715133667
8519,0.294,0.9329021573066711
8520,0.2877,0.9262363910675049
8521,0.2378,0.9508333206176758
8522,0.2497,0.9371859431266785
8523,0.3115,0.9262295365333557
8524,0.3187,0.9292196035385132
8525,0.4037,0.9066058993339539
8526,0.2453,0.9444444179534912
8527,0.2583,0.9447415471076965
8528,0.2859,0.9323843121528625
8529,0.3101,0.9262435436248779
8530,0.3715,0.9129707217216492
8531,0.3456,0.9125964045524597
8532,0.3446,0.9120579957962036
8533,0.394,0.8975069522857666
8534,0.2623,0.9456740617752075
8535,0.3606,0.9072356224060059
8536,0.3761,0.9117370843887329
8537,0.3277,0.9251231551170349
8538,0.2853,0.9296875
8539,0.401,0.9057376980781555
8540,0.3019,0.9258861541748047
8541,0.2876,0.9284928441047668
8542,0.3444,0.9036796689033508
8543,0.3526,0.9255440831184387
8544,0.2069,0.9441913366317749
8545,0.2599,0.9318448901176453
8546,0.3005,0.9269729256629944
8547,0.2871,0.9343065619468689
8548,0.3215,0.9181141257286072
8549,0.3594,0.9226932525634766
8550,0.1988,0.9543010592460632
8551,0.1224,0.9705778360366821
8552,0.1503,0.9573264718055725
8553,0.1817,0.959912121295929
8554,0.1847,0.9564233422279358
8555,0.1395,0.9710055589675903
8556,0.1726,0.9592908620834351
8557,0.1425,0.9674267172813416
8558,0.2207,0.9490740895271301
8559,0.2798,0.9412167072296143
8560,0.3103,0.9222519993782043
8561,0.149,0.9682416915893555
8562,0.3117,0.9285714030265808
8563,0.2684,0.9350073933601379
8564,0.1938,0.957120954990387
8565,0.2178,0.9463629722595215
8566,0.1698,0.9633252024650574
8567,0.3033,0.9215396046638489
8568,0.2726,0.9212538003921509
8569,0.1575,0.9669771194458008
8570,0.325,0.9167974591255188
8571,0.2265,0.9445364475250244
8572,0.2917,0.9302707314491272
8573,0.2294,0.9452166557312012
8574,0.3024,0.920647144317627
8575,0.2784,0.9306122660636902
8576,0.2832,0.9313304424285889
8577,0.3168,0.9196428656578064
8578,0.2735,0.9317160844802856
8579,0.2978,0.9243099093437195
8580,0.3075,0.9191829562187195
8581,0.2911,0.9287019968032837
8582,0.2318,0.938044548034668
8583,0.2919,0.9256938099861145
8584,0.2992,0.9256756901741028
8585,0.3209,0.9119617342948914
8586,0.2643,0.9386503100395203
8587,0.2779,0.9298596978187561
8588,0.3681,0.9094412326812744
8589,0.2704,0.9305834770202637
8590,0.3243,0.9200819730758667
8591,0.3106,0.9231578707695007
8592,0.3191,0.9202127456665039
8593,0.3047,0.9167616963386536
8594,0.3298,0.9193181991577148
8595,0.3174,0.9289940595626831
8596,0.3047,0.9256293177604675
8597,0.2928,0.9284848570823669
8598,0.339,0.9276960492134094
8599,0.2582,0.9360313415527344
8600,0.2356,0.941678524017334
8601,0.144,0.9678426384925842
8602,0.0886,0.9801886677742004
8603,0.1371,0.968056321144104
8604,0.2203,0.9479866027832031
8605,0.2375,0.950772762298584
8606,0.1788,0.960302472114563
8607,0.2369,0.9528536200523376
8608,0.1558,0.9659632444381714
8609,0.2164,0.9456890821456909
8610,0.1839,0.9631466865539551
8611,0.1907,0.9509246349334717
8612,0.245,0.9386281371116638
8613,0.2741,0.9336099624633789
8614,0.2122,0.9488722085952759
8615,0.2786,0.9297459125518799
8616,0.2152,0.9545097947120667
8617,0.2476,0.9384141564369202
8618,0.3135,0.9276729822158813
8619,0.325,0.9182019233703613
8620,0.32,0.9289575219154358
8621,0.2609,0.9403706789016724
8622,0.3413,0.9200304746627808
8623,0.238,0.9455319046974182
8624,0.234,0.939947783946991
8625,0.2344,0.9429559111595154
8626,0.2091,0.9444926381111145
8627,0.2641,0.9401934742927551
8628,0.2662,0.9330954551696777
8629,0.2423,0.9399999976158142
8630,0.2627,0.939068078994751
8631,0.2424,0.9394760727882385
8632,0.2663,0.931693971157074
8633,0.2932,0.9205933809280396
8634,0.243,0.9340148568153381
8635,0.3358,0.9129629731178284
8636,0.291,0.9331983923912048
8637,0.2688,0.9349349141120911
8638,0.2987,0.914370059967041
8639,0.2562,0.9296066164970398
8640,0.3204,0.9192348718643188
8641,0.2727,0.942139744758606
8642,0.2905,0.9313622117042542
8643,0.3204,0.9128035306930542
8644,0.3144,0.9223846793174744
8645,0.2952,0.9273927211761475
8646,0.2176,0.9342265725135803
8647,0.2816,0.9231692552566528
8648,0.348,0.9106487035751343
8649,0.2595,0.925000011920929
8650,0.299,0.9351988434791565
8651,0.0851,0.9815340638160706
8652,0.1805,0.9602870941162109
8653,0.1982,0.9515514373779297
8654,0.2372,0.9408352375030518
8655,0.1445,0.9684741497039795
8656,0.1543,0.9614378809928894
8657,0.2823,0.9243104457855225
8658,0.2604,0.9381172060966492
8659,0.1875,0.9547038078308105
8660,0.2102,0.9455172419548035
8661,0.2976,0.9219957590103149
8662,0.2845,0.9297101497650146
8663,0.2095,0.9470499157905579
8664,0.2718,0.9409593939781189
8665,0.2957,0.938630998134613
8666,0.2713,0.9357366561889648
8667,0.3636,0.9147058725357056
8668,0.295,0.924127459526062
8669,0.345,0.9155269265174866
8670,0.2831,0.9324960708618164
8671,0.2856,0.9296875
8672,0.2381,0.9462915658950806
8673,0.2885,0.9365079402923584
8674,0.2231,0.9512843489646912
8675,0.2844,0.9317607283592224
8676,0.2952,0.9384748935699463
8677,0.336,0.9093987941741943
8678,0.3143,0.9241666793823242
8679,0.2702,0.9349005222320557
8680,0.2797,0.92341548204422
8681,0.2827,0.9276315569877625
8682,0.2592,0.9355140328407288
8683,0.3804,0.9119718074798584
8684,0.3108,0.928914487361908
8685,0.2118,0.9476334452629089
8686,0.3122,0.9307317137718201
8687,0.2797,0.9317073225975037
8688,0.2797,0.9299802780151367
8689,0.332,0.9245667457580566
8690,0.3044,0.9231536984443665
8691,0.332,0.930962324142456
8692,0.3071,0.918367326259613
8693,0.2891,0.9169472455978394
8694,0.2868,0.9349315166473389
8695,0.2661,0.9349112510681152
8696,0.2914,0.9350348114967346
8697,0.2923,0.9229828715324402
8698,0.3034,0.9330024719238281
8699,0.3017,0.9269230961799622
8700,0.1875,0.9525139927864075
8701,0.0945,0.9811139702796936
8702,0.2184,0.947039008140564
8703,0.1778,0.9596938490867615
8704,0.3804,0.9187706112861633
8705,0.1268,0.9720404744148254
8706,0.1465,0.9694462418556213
8707,0.2002,0.9507481455802917
8708,0.2223,0.9523809552192688
8709,0.1708,0.964024007320404
8710,0.2184,0.9498926401138306
8711,0.1585,0.9639769196510315
8712,0.2652,0.9312875270843506
8713,0.2305,0.9498127102851868
8714,0.203,0.9543726444244385
8715,0.2119,0.9486381411552429
8716,0.2076,0.947526216506958
8717,0.2162,0.9458841681480408
8718,0.3749,0.9135802388191223
8719,0.3304,0.9206106662750244
8720,0.1981,0.9477491974830627
8721,0.2155,0.9581196308135986
8722,0.2213,0.9443099498748779
8723,0.2981,0.926791250705719
8724,0.265,0.9365482330322266
8725,0.3536,0.914893627166748
8726,0.229,0.944969892501831
8727,0.2615,0.934959352016449
8728,0.3146,0.9257950782775879
8729,0.2537,0.9364214539527893
8730,0.3242,0.9086337089538574
8731,0.2552,0.9388489127159119
8732,0.4169,0.9058219194412231
8733,0.2687,0.9309683442115784
8734,0.3715,0.9185823798179626
8735,0.2019,0.9458631277084351
8736,0.242,0.9419729113578796
8737,0.1907,0.9521738886833191
8738,0.3236,0.9054965972900391
8739,0.3161,0.9271991848945618
8740,0.2202,0.9468438625335693
8741,0.3084,0.925000011920929
8742,0.232,0.9404494166374207
8743,0.3401,0.9251925349235535
8744,0.2416,0.9399538040161133
8745,0.2533,0.9360947012901306
8746,0.2533,0.930036187171936
8747,0.2638,0.9278959631919861
8748,0.2861,0.927409291267395
8749,0.3486,0.925000011920929
8750,0.2995,0.920749306678772
8751,0.1449,0.9666315317153931
8752,0.1345,0.9665697813034058
8753,0.1762,0.9573361277580261
8754,0.238,0.9427262544631958
8755,0.1448,0.9713930487632751
8756,0.2931,0.9370179772377014
8757,0.1962,0.9540380835533142
8758,0.348,0.9120482206344604
8759,0.1722,0.9653220176696777
8760,0.2605,0.9432375431060791
8761,0.2385,0.9410051107406616
8762,0.241,0.9326164722442627
8763,0.2835,0.9367361664772034
8764,0.1629,0.9633671045303345
8765,0.1823,0.9559647440910339
8766,0.329,0.9245421290397644
8767,0.1539,0.9690553545951843
8768,0.279,0.9372453093528748
8769,0.2656,0.9371563196182251
8770,0.2468,0.9360324144363403
8771,0.2612,0.9425675868988037
8772,0.2278,0.9455662965774536
8773,0.2557,0.9282770156860352
8774,0.2465,0.9376026391983032
8775,0.3258,0.9252336621284485
8776,0.304,0.9257602691650391
8777,0.4039,0.90625
8778,0.2508,0.9386873841285706
8779,0.3253,0.9237056970596313
8780,0.3279,0.9263636469841003
8781,0.1945,0.94700688123703
8782,0.3819,0.9087749719619751
8783,0.3056,0.9299023747444153
8784,0.3634,0.9066788554191589
8785,0.2796,0.9329501986503601
8786,0.319,0.9165085554122925
8787,0.3241,0.9234496355056763
8788,0.3116,0.9195630550384521
8789,0.2606,0.9334741234779358
8790,0.2847,0.9219219088554382
8791,0.2846,0.9270073175430298
8792,0.3419,0.9265658855438232
8793,0.2598,0.9337899684906006
8794,0.3744,0.9067245125770569
8795,0.2539,0.940617561340332
8796,0.3567,0.9160045385360718
8797,0.3271,0.9337278008460999
8798,0.3004,0.9196102023124695
8799,0.322,0.9176319241523743
8800,0.3047,0.9240331649780273
8801,0.1497,0.9651758074760437
8802,0.127,0.967228889465332
8803,0.1777,0.9598262906074524
8804,0.1641,0.9627690315246582
8805,0.1812,0.9606537818908691
8806,0.2819,0.9346764087677002
8807,0.2627,0.9330171942710876
8808,0.1619,0.9678477644920349
8809,0.2088,0.9467576742172241
8810,0.2,0.9542136788368225
8811,0.2833,0.9263843894004822
8812,0.3227,0.9216867685317993
8813,0.2649,0.9395380616188049
8814,0.253,0.9448584318161011
8815,0.2358,0.9379157423973083
8816,0.2537,0.9423835873603821
8817,0.2019,0.9488372206687927
8818,0.2105,0.9468002915382385
8819,0.2452,0.9461027979850769
8820,0.3803,0.9004524946212769
8821,0.2991,0.9274322390556335
8822,0.2208,0.9482470750808716
8823,0.3779,0.9105305075645447
8824,0.2805,0.9262899160385132
8825,0.2722,0.9336734414100647
8826,0.2585,0.9445887207984924
8827,0.2717,0.9314954280853271
8828,0.2126,0.9496021270751953
8829,0.3042,0.9242957830429077
8830,0.3201,0.9251101613044739
8831,0.2679,0.9219982624053955
8832,0.3264,0.9137324094772339
8833,0.3709,0.903812825679779
8834,0.3295,0.9220055937767029
8835,0.3165,0.92768794298172
8836,0.3355,0.9239351153373718
8837,0.2864,0.9319105744361877
8838,0.326,0.9226856827735901
8839,0.2331,0.9428263306617737
8840,0.3171,0.9176107048988342
8841,0.3559,0.917894721031189
8842,0.2263,0.9445701241493225
8843,0.2916,0.9277652502059937
8844,0.2462,0.9451287984848022
8845,0.2504,0.9372780919075012
8846,0.3317,0.9207248091697693
8847,0.3765,0.9115478992462158
8848,0.3595,0.9161528944969177
8849,0.3287,0.9310777187347412
8850,0.2529,0.9324894547462463
8851,0.3405,0.9254966974258423
8852,0.1713,0.9608040452003479
8853,0.1611,0.9630233645439148
8854,0.2422,0.9472769498825073
8855,0.352,0.9234365820884705
8856,0.1784,0.9597484469413757
8857,0.3601,0.9298136830329895
8858,0.1879,0.9568576812744141
8859,0.1537,0.9639139771461487
8860,0.2636,0.9340589046478271
8861,0.241,0.9389362931251526
8862,0.2187,0.9520000219345093
8863,0.2319,0.9471365809440613
8864,0.3165,0.915412187576294
8865,0.2904,0.9303008317947388
8866,0.4461,0.8910394310951233
8867,0.3046,0.9188405871391296
8868,0.3154,0.9278663396835327
8869,0.3195,0.9236057996749878
8870,0.1907,0.9599999785423279
8871,0.2688,0.939014196395874
8872,0.2719,0.9363057613372803
8873,0.2638,0.9372963905334473
8874,0.2991,0.929237961769104
8875,0.2599,0.9341216087341309
8876,0.2051,0.9473684430122375
8877,0.2458,0.9374464154243469
8878,0.2713,0.9265092015266418
8879,0.3745,0.9086993932723999
8880,0.2797,0.9363799095153809
8881,0.282,0.9325643181800842
8882,0.3383,0.9179580807685852
8883,0.2222,0.9401869177818298
8884,0.2996,0.9176262021064758
8885,0.326,0.915354311466217
8886,0.3004,0.9246987700462341
8887,0.2508,0.9384775757789612
8888,0.2481,0.9464668035507202
8889,0.3649,0.9075546860694885
8890,0.2907,0.9168398976325989
8891,0.2335,0.9401993155479431
8892,0.3136,0.920265793800354
8893,0.2552,0.937846839427948
8894,0.3543,0.918367326259613
8895,0.309,0.9262782335281372
8896,0.2887,0.9352179169654846
8897,0.2722,0.9389221668243408
8898,0.3182,0.9207547307014465
8899,0.248,0.9431524276733398
8900,0.2674,0.947291374206543
8901,0.138,0.9688856601715088
8902,0.1571,0.9672456383705139
8903,0.1593,0.9620670676231384
8904,0.165,0.9647058844566345
8905,0.1389,0.967581033706665
8906,0.2498,0.9389168620109558
8907,0.1817,0.9575289487838745
8908,0.2388,0.9389830231666565
8909,0.2117,0.9501366019248962
8910,0.1977,0.9499657154083252
8911,0.2572,0.9283229112625122
8912,0.2138,0.9456127882003784
8913,0.2837,0.9330909252166748
8914,0.2169,0.9485672116279602
8915,0.2646,0.94017094373703
8916,0.3267,0.9211679100990295
8917,0.3944,0.8985815644264221
8918,0.3045,0.9258114099502563
8919,0.2708,0.942052960395813
8920,0.3008,0.9183031916618347
8921,0.288,0.9254079461097717
8922,0.3251,0.915812611579895
8923,0.3777,0.9046862721443176
8924,0.2582,0.942241370677948
8925,0.2316,0.9459227323532104
8926,0.247,0.9421338438987732
8927,0.3692,0.9112426042556763
8928,0.2383,0.9400178790092468
8929,0.3612,0.9016128778457642
8930,0.269,0.9304426312446594
8931,0.1861,0.9542356133460999
8932,0.3611,0.9126393795013428
8933,0.2539,0.936108410358429
8934,0.2114,0.9504761695861816
8935,0.2585,0.9317739009857178
8936,0.39,0.89702969789505
8937,0.341,0.9236043095588684
8938,0.2805,0.9208860993385315
8939,0.2534,0.9417989253997803
8940,0.2384,0.931106448173523
8941,0.235,0.9424686431884766
8942,0.3334,0.9168490171432495
8943,0.2762,0.9283351898193359
8944,0.2808,0.9335705637931824
8945,0.2575,0.9471210241317749
8946,0.3033,0.9223417043685913
8947,0.3098,0.9191176295280457
8948,0.2732,0.9396226406097412
8949,0.2789,0.9322459101676941
8950,0.2553,0.9410071969032288
8951,0.1575,0.961674690246582
8952,0.099,0.9802663922309875
8953,0.1317,0.9665178656578064
8954,0.1936,0.9543879628181458
8955,0.1697,0.9665427803993225
8956,0.162,0.9602347016334534
8957,0.2091,0.9514321088790894
8958,0.1762,0.955339789390564
8959,0.2131,0.949315071105957
8960,0.2904,0.9415322542190552
8961,0.1867,0.959805965423584
8962,0.2731,0.9366244077682495
8963,0.1815,0.956366240978241
8964,0.2647,0.9303843379020691
8965,0.2048,0.949280858039856
8966,0.2426,0.9476081728935242
8967,0.2166,0.9465283155441284
8968,0.252,0.936267077922821
8969,0.3256,0.9221968054771423
8970,0.363,0.9171826839447021
8971,0.2718,0.9364548325538635
8972,0.2576,0.9337105751037598
8973,0.2264,0.9427083134651184
8974,0.2312,0.944969892501831
8975,0.2674,0.929421067237854
8976,0.3293,0.9161624908447266
8977,0.2461,0.9436229467391968
8978,0.2981,0.9262022972106934
8979,0.2286,0.9414846897125244
8980,0.2654,0.9336244463920593
8981,0.3061,0.9259597659111023
8982,0.3576,0.9058721661567688
8983,0.3136,0.9206773638725281
8984,0.2628,0.9363117814064026
8985,0.3151,0.9179245233535767
8986,0.3287,0.920412003993988
8987,0.2995,0.9316582679748535
8988,0.3062,0.92277991771698
8989,0.2882,0.9366963505744934
8990,0.2882,0.9316770434379578
8991,0.2435,0.9431437849998474
8992,0.3004,0.9199084639549255
8993,0.3453,0.9150838255882263
8994,0.2854,0.9318181872367859
8995,0.3384,0.9181084036827087
8996,0.312,0.9274486303329468
8997,0.2487,0.9333333373069763
8998,0.2532,0.9412500262260437
8999,0.2876,0.929305911064148
9000,0.3053,0.9245283007621765
9001,0.1807,0.9574294090270996
9002,0.2169,0.9513692259788513
9003,0.1848,0.9571589827537537
9004,0.1581,0.9619531035423279
9005,0.1906,0.9671924114227295
9006,0.2402,0.9488010406494141
9007,0.1512,0.9601620435714722
9008,0.1789,0.9618430733680725
9009,0.1565,0.967164158821106
9010,0.2287,0.9460406303405762
9011,0.1773,0.9593727588653564
9012,0.2166,0.9534883499145508
9013,0.1741,0.9613869190216064
9014,0.1631,0.9506553411483765
9015,0.2384,0.9372294545173645
9016,0.2573,0.9350838661193848
9017,0.2325,0.9516500234603882
9018,0.1766,0.9592834115028381
9019,0.3209,0.9236311316490173
9020,0.2839,0.9351395964622498
9021,0.234,0.9424635171890259
9022,0.2677,0.9310924410820007
9023,0.3165,0.9224806427955627
9024,0.2733,0.9273789525032043
9025,0.1767,0.9571678042411804
9026,0.2456,0.9392314553260803
9027,0.3096,0.9214474558830261
9028,0.318,0.9109243750572205
9029,0.2224,0.9447463750839233
9030,0.329,0.9228675365447998
9031,0.2218,0.9455252885818481
9032,0.2819,0.9290382862091064
9033,0.2108,0.95652174949646
9034,0.3194,0.9234404563903809
9035,0.321,0.9223107695579529
9036,0.3535,0.9124643206596375
9037,0.3268,0.9269547462463379
9038,0.3185,0.9262720942497253
9039,0.2055,0.9354144334793091
9040,0.3071,0.9224229454994202
9041,0.202,0.9413754343986511
9042,0.2446,0.9422633051872253
9043,0.2577,0.9334098696708679
9044,0.2748,0.927570104598999
9045,0.3054,0.9289872050285339
9046,0.2443,0.9375722408294678
9047,0.3153,0.9163680076599121
9048,0.2311,0.9444444179534912
9049,0.2871,0.9327296018600464
9050,0.2342,0.937244176864624
9051,0.2215,0.9485185146331787
9052,0.1679,0.9558417797088623
9053,0.1586,0.9678089022636414
9054,0.1894,0.9586321115493774
9055,0.1948,0.9531153440475464
9056,0.1991,0.9551243185997009
9057,0.3392,0.9317220449447632
9058,0.1776,0.961759090423584
9059,0.1582,0.9678742289543152
9060,0.3151,0.9191918969154358
9061,0.2061,0.9488243460655212
9062,0.1475,0.9657299518585205
9063,0.2907,0.927370548248291
9064,0.199,0.9592476487159729
9065,0.2011,0.9527736306190491
9066,0.2573,0.9395924210548401
9067,0.3171,0.9250909090042114
9068,0.194,0.9570707082748413
9069,0.2815,0.934883713722229
9070,0.2215,0.9474522471427917
9071,0.2502,0.9330612421035767
9072,0.2459,0.9439935088157654
9073,0.3225,0.9196568131446838
9074,0.3254,0.9167327284812927
9075,0.2909,0.9325103163719177
9076,0.192,0.9538066983222961
9077,0.2367,0.9411247968673706
9078,0.2341,0.937089204788208
9079,0.2954,0.9297778010368347
9080,0.342,0.9205297827720642
9081,0.4222,0.8989546895027161
9082,0.234,0.9447619318962097
9083,0.2046,0.9439439177513123
9084,0.3058,0.9341602921485901
9085,0.2853,0.9339712858200073
9086,0.2475,0.936170220375061
9087,0.2316,0.9383215308189392
9088,0.2725,0.9316326379776001
9089,0.301,0.9257375597953796
9090,0.296,0.9312820434570312
9091,0.275,0.9252524971961975
9092,0.3117,0.9245283007621765
9093,0.2328,0.9364162087440491
9094,0.3682,0.9209659695625305
9095,0.2307,0.9444444179534912
9096,0.2734,0.9307511448860168
9097,0.2597,0.9270704388618469
9098,0.3247,0.9273399114608765
9099,0.2993,0.9281129837036133
9100,0.3016,0.9220389723777771
9101,0.1686,0.9527584910392761
9102,0.2243,0.9426895380020142
9103,0.1874,0.9600622653961182
9104,0.1792,0.9549071788787842
9105,0.1926,0.958986759185791
9106,0.2178,0.9577377438545227
9107,0.2457,0.9434953927993774
9108,0.2162,0.9462571740150452
9109,0.1743,0.9617486596107483
9110,0.214,0.9451175928115845
9111,0.2159,0.9513399004936218
9112,0.2442,0.9476987719535828
9113,0.2449,0.9361851215362549
9114,0.272,0.9311859607696533
9115,0.1874,0.9513513445854187
9116,0.2584,0.9340574145317078
9117,0.1719,0.9630541801452637
9118,0.1966,0.953871488571167
9119,0.3134,0.9249042272567749
9120,0.4135,0.8943396210670471
9121,0.1653,0.9592529535293579
9122,0.2337,0.9407467246055603
9123,0.3832,0.9145646691322327
9124,0.2853,0.9277824759483337
9125,0.2131,0.9466553926467896
9126,0.2219,0.9455357193946838
9127,0.1953,0.9506283402442932
9128,0.2978,0.9289719462394714
9129,0.3399,0.9126637578010559
9130,0.2466,0.9395604133605957
9131,0.3068,0.9295774698257446
9132,0.3784,0.9096774458885193
9133,0.3036,0.927480936050415
9134,0.282,0.9312064051628113
9135,0.3201,0.9089165925979614
9136,0.3034,0.9145775437355042
9137,0.2304,0.9465811848640442
9138,0.3076,0.9241306781768799
9139,0.3386,0.9062181711196899
9140,0.2541,0.9313725233078003
9141,0.3268,0.9192824959754944
9142,0.2975,0.929729700088501
9143,0.2742,0.9396051168441772
9144,0.276,0.9291428327560425
9145,0.2712,0.9285714030265808
9146,0.3121,0.9165687561035156
9147,0.3259,0.9290012121200562
9148,0.3886,0.911057710647583
9149,0.2882,0.9255455732345581
9150,0.2322,0.9479166865348816
9151,0.126,0.9723589420318604
9152,0.1208,0.9713847637176514
9153,0.1987,0.9583783745765686
9154,0.3013,0.9435718655586243
9155,0.1558,0.9652862548828125
9156,0.1573,0.967783510684967
9157,0.1623,0.9646902084350586
9158,0.2196,0.9483997225761414
9159,0.2926,0.9382801651954651
9160,0.3075,0.928473174571991
9161,0.396,0.9088541865348816
9162,0.2128,0.9478063583374023
9163,0.2451,0.9445277452468872
9164,0.2853,0.9319677948951721
9165,0.2346,0.9408473372459412
9166,0.2397,0.9447513818740845
9167,0.2552,0.9382715821266174
9168,0.2328,0.9431728720664978
9169,0.1857,0.953278660774231
9170,0.181,0.9558573961257935
9171,0.2171,0.942452073097229
9172,0.2759,0.9383033514022827
9173,0.2108,0.9533039927482605
9174,0.3117,0.9299516677856445
9175,0.3231,0.9239040613174438
9176,0.2394,0.9381078481674194
9177,0.3061,0.9216354489326477
9178,0.2775,0.9281437397003174
9179,0.3151,0.9215016961097717
9180,0.3265,0.9234737753868103
9181,0.3966,0.8975265026092529
9182,0.3758,0.916064977645874
9183,0.3252,0.9248046875
9184,0.4281,0.8991517424583435
9185,0.2919,0.9257087111473083
9186,0.3027,0.924124538898468
9187,0.3006,0.9256619215011597
9188,0.2991,0.9372385144233704
9189,0.2382,0.9363732933998108
9190,0.2894,0.9155844449996948
9191,0.3049,0.9324618577957153
9192,0.3425,0.9135667681694031
9193,0.3441,0.9117971062660217
9194,0.2994,0.9239500761032104
9195,0.1894,0.9535714387893677
9196,0.2928,0.9340400695800781
9197,0.2708,0.9341950416564941
9198,0.3507,0.9141104221343994
9199,0.2708,0.9342969655990601
9200,0.2228,0.9519379734992981
9201,0.0628,0.9821228981018066
9202,0.1891,0.9595261812210083
9203,0.1628,0.9643574357032776
9204,0.1735,0.9622950553894043
9205,0.1433,0.9677419066429138
9206,0.3472,0.9209744334220886
9207,0.1698,0.9580103158950806
9208,0.1354,0.9696969985961914
9209,0.1521,0.9655629396438599
9210,0.2362,0.9488752484321594
9211,0.1866,0.9569584131240845
9212,0.2489,0.9381294846534729
9213,0.1395,0.9660889506340027
9214,0.2592,0.9369108080863953
9215,0.2582,0.9457601308822632
9216,0.3198,0.9222221970558167
9217,0.2076,0.9537110924720764
9218,0.2799,0.9367088675498962
9219,0.2566,0.9397106170654297
9220,0.1945,0.954806923866272
9221,0.2698,0.9402045607566833
9222,0.2972,0.9201161861419678
9223,0.24,0.9392971396446228
9224,0.2925,0.9365079402923584
9225,0.2955,0.9285134077072144
9226,0.3456,0.913004457950592
9227,0.3184,0.9201303720474243
9228,0.2167,0.9448529481887817
9229,0.3362,0.9123103022575378
9230,0.2906,0.9279279112815857
9231,0.3403,0.9097344875335693
9232,0.2196,0.9500978589057922
9233,0.3005,0.9216809868812561
9234,0.3397,0.9095149040222168
9235,0.2701,0.9298076629638672
9236,0.3505,0.9213483333587646
9237,0.3299,0.9240000247955322
9238,0.2526,0.9356136918067932
9239,0.2481,0.9402515888214111
9240,0.2456,0.931034505367279
9241,0.3033,0.932671070098877
9242,0.296,0.9216738343238831
9243,0.3014,0.924803614616394
9244,0.2229,0.9351851940155029
9245,0.2627,0.9249106049537659
9246,0.3669,0.9108204245567322
9247,0.3094,0.924876868724823
9248,0.3913,0.9085366129875183
9249,0.2711,0.9365918040275574
9250,0.267,0.9405487775802612
9251,0.1792,0.9563581347465515
9252,0.0921,0.9807121753692627
9253,0.1978,0.9564533233642578
9254,0.1955,0.9599780440330505
9255,0.2648,0.9444755911827087
9256,0.1309,0.9691823720932007
9257,0.2159,0.946527361869812
9258,0.1564,0.960202157497406
9259,0.1469,0.9657299518585205
9260,0.2188,0.9537100195884705
9261,0.2473,0.943409264087677
9262,0.209,0.9519084095954895
9263,0.178,0.955539345741272
9264,0.2322,0.9427509307861328
9265,0.2431,0.9444043040275574
9266,0.2008,0.9561471939086914
9267,0.3647,0.9169161915779114
9268,0.2854,0.9295223355293274
9269,0.3234,0.9249271154403687
9270,0.2343,0.9469578862190247
9271,0.3425,0.9211746454238892
9272,0.3453,0.920684278011322
9273,0.3273,0.93359375
9274,0.2384,0.9441624283790588
9275,0.2949,0.9290953278541565
9276,0.3397,0.9161873459815979
9277,0.3114,0.9403114318847656
9278,0.3142,0.9285714030265808
9279,0.2104,0.9501411318778992
9280,0.2735,0.9388729929924011
9281,0.2812,0.9256272315979004
9282,0.3651,0.9100169539451599
9283,0.3368,0.9120974540710449
9284,0.321,0.9221501350402832
9285,0.2331,0.9409409165382385
9286,0.2989,0.918968677520752
9287,0.4,0.9183070659637451
9288,0.2832,0.9338677525520325
9289,0.2793,0.9307135343551636
9290,0.2674,0.9241952300071716
9291,0.3193,0.930672287940979
9292,0.3251,0.9227421283721924
9293,0.3374,0.9167567491531372
9294,0.3272,0.9240223169326782
9295,0.2995,0.9281706213951111
9296,0.3294,0.9184148907661438
9297,0.3135,0.9339045286178589
9298,0.2201,0.9384422302246094
9299,0.2327,0.9449541568756104
9300,0.2032,0.9527326226234436
9301,0.152,0.9650638699531555
9302,0.1497,0.9669861793518066
9303,0.1532,0.9604121446609497
9304,0.1584,0.9639266729354858
9305,0.1381,0.9696969985961914
9306,0.2089,0.9493142366409302
9307,0.1618,0.9680706262588501
9308,0.1812,0.9572930335998535
9309,0.2434,0.9364659190177917
9310,0.2254,0.946143627166748
9311,0.2652,0.9416666626930237
9312,0.2071,0.9541875720024109
9313,0.2629,0.9410131573677063
9314,0.1977,0.9570552110671997
9315,0.2474,0.9428163170814514
9316,0.2197,0.9479724764823914
9317,0.2477,0.9374539852142334
9318,0.2944,0.9214340448379517
9319,0.1932,0.9576059579849243
9320,0.2186,0.9485714435577393
9321,0.3865,0.9125364422798157
9322,0.1706,0.9526627063751221
9323,0.144,0.9586777091026306
9324,0.1996,0.9451696872711182
9325,0.3621,0.9157024621963501
9326,0.3895,0.9137529134750366
9327,0.277,0.9305912852287292
9328,0.2422,0.9518619179725647
9329,0.2907,0.930232584476471
9330,0.1913,0.9521576166152954
9331,0.3206,0.9165902733802795
9332,0.2608,0.9288288354873657
9333,0.2514,0.9324324131011963
9334,0.2528,0.931775689125061
9335,0.2868,0.9257518649101257
9336,0.3042,0.9254598021507263
9337,0.2929,0.9227052927017212
9338,0.3128,0.9134615659713745
9339,0.3005,0.938587486743927
9340,0.2867,0.9192546606063843
9341,0.2688,0.9316703081130981
9342,0.3023,0.9314917325973511
9343,0.266,0.9389830231666565
9344,0.3272,0.9181222915649414
9345,0.3245,0.9329479932785034
9346,0.3082,0.9216374158859253
9347,0.2793,0.9376499056816101
9348,0.293,0.9199491739273071
9349,0.2198,0.946835458278656
9350,0.1873,0.9575402736663818
9351,0.165,0.9676616787910461
9352,0.1557,0.9668737053871155
9353,0.212,0.9450660943984985
9354,0.124,0.9734939932823181
9355,0.1112,0.9733911156654358
9356,0.1438,0.9671509861946106
9357,0.1534,0.9656765460968018
9358,0.149,0.9732582569122314
9359,0.1488,0.9644351601600647
9360,0.1555,0.9623076915740967
9361,0.2767,0.9303519129753113
9362,0.1966,0.9495982527732849
9363,0.2712,0.9272608160972595
9364,0.1554,0.9627906680107117
9365,0.1748,0.9614476561546326
9366,0.222,0.9549114108085632
9367,0.2382,0.9471639394760132
9368,0.3577,0.9122552871704102
9369,0.2665,0.9307692050933838
9370,0.227,0.9474497437477112
9371,0.2322,0.9460580945014954
9372,0.1806,0.9582985639572144
9373,0.3663,0.908618152141571
9374,0.2601,0.9352014064788818
9375,0.3409,0.9082863926887512
9376,0.3452,0.9107866883277893
9377,0.3331,0.9208942651748657
9378,0.2849,0.9252971410751343
9379,0.412,0.9018806219100952
9380,0.3402,0.9161290526390076
9381,0.2969,0.9234923720359802
9382,0.2544,0.9389671087265015
9383,0.2966,0.9288355112075806
9384,0.3924,0.8978873491287231
9385,0.3218,0.9119850397109985
9386,0.3164,0.9224806427955627
9387,0.2639,0.9356178641319275
9388,0.3366,0.9162561297416687
9389,0.3655,0.9144800901412964
9390,0.2784,0.9389234185218811
9391,0.3206,0.9226006269454956
9392,0.3406,0.9112734794616699
9393,0.3335,0.9292709231376648
9394,0.3168,0.9189497828483582
9395,0.2503,0.9309551119804382
9396,0.2446,0.9406976699829102
9397,0.2902,0.9317073225975037
9398,0.3456,0.9118357300758362
9399,0.3546,0.9185185432434082
9400,0.2813,0.9507523775100708
9401,0.1695,0.9612495303153992
9402,0.1134,0.972024142742157
9403,0.1479,0.9650112986564636
9404,0.1712,0.963614284992218
9405,0.1612,0.9645693302154541
9406,0.2449,0.9422492384910583
9407,0.1723,0.9642857313156128
9408,0.1846,0.9631367325782776
9409,0.3228,0.9250480532646179
9410,0.279,0.9289864301681519
9411,0.2166,0.9534545540809631
9412,0.2563,0.9384273290634155
9413,0.1911,0.9504950642585754
9414,0.192,0.9511450529098511
9415,0.2902,0.9198875427246094
9416,0.2512,0.9375470280647278
9417,0.2044,0.9495861530303955
9418,0.2766,0.9365079402923584
9419,0.2191,0.9505766034126282
9420,0.2754,0.9334442615509033
9421,0.2832,0.9329517483711243
9422,0.2804,0.9297971725463867
9423,0.2763,0.9282803535461426
9424,0.1908,0.9514134526252747
9425,0.3389,0.920648455619812
9426,0.2786,0.9284452199935913
9427,0.3283,0.9243986010551453
9428,0.2536,0.9353680610656738
9429,0.3324,0.9128205180168152
9430,0.2955,0.9292333722114563
9431,0.2325,0.9439696073532104
9432,0.2704,0.9291408061981201
9433,0.3311,0.922398567199707
9434,0.3037,0.9264029264450073
9435,0.2403,0.9376744031906128
9436,0.2963,0.9235787391662598
9437,0.3595,0.9155597686767578
9438,0.3166,0.9225422143936157
9439,0.2212,0.9480932354927063
9440,0.2807,0.9305699467658997
9441,0.3068,0.9233160614967346
9442,0.3054,0.9293993711471558
9443,0.2837,0.9277777671813965
9444,0.306,0.9181721806526184
9445,0.3019,0.9177001118659973
9446,0.2564,0.940617561340332
9447,0.3025,0.9207248091697693
9448,0.2952,0.9252669215202332
9449,0.2436,0.9322459101676941
9450,0.2395,0.9471544623374939
9451,0.1178,0.9690638780593872
9452,0.1744,0.9549775123596191
9453,0.1814,0.9581005573272705
9454,0.2022,0.95652174949646
9455,0.1812,0.9588689208030701
9456,0.2326,0.9506999254226685
9457,0.205,0.952041506767273
9458,0.1805,0.9604292511940002
9459,0.1817,0.9554184079170227
9460,0.1331,0.9723233580589294
9461,0.2082,0.9470383524894714
9462,0.2581,0.9399999976158142
9463,0.2355,0.9505169987678528
9464,0.2,0.9516009092330933
9465,0.2244,0.9458015561103821
9466,0.2156,0.9559605121612549
9467,0.2648,0.9321428537368774
9468,0.3394,0.9175654649734497
9469,0.2464,0.9375
9470,0.317,0.9189394116401672
9471,0.2972,0.9296562671661377
9472,0.2,0.9506276249885559
9473,0.2397,0.9433333277702332
9474,0.2052,0.9525483250617981
9475,0.2207,0.9393428564071655
9476,0.3277,0.9250624775886536
9477,0.2929,0.9271465539932251
9478,0.2636,0.9367552995681763
9479,0.3311,0.9124024510383606
9480,0.291,0.9290382862091064
9481,0.3358,0.9188679456710815
9482,0.3172,0.9212121367454529
9483,0.2533,0.935609757900238
9484,0.2955,0.9260355234146118
9485,0.2908,0.9343283772468567
9486,0.374,0.9117646813392639
9487,0.3114,0.9230019450187683
9488,0.2579,0.9331941604614258
9489,0.3056,0.9257773160934448
9490,0.3327,0.9182795882225037
9491,0.2959,0.922535240650177
9492,0.2631,0.932372510433197
9493,0.2829,0.9393605589866638
9494,0.2841,0.9345579743385315
9495,0.2328,0.9399293065071106
9496,0.3091,0.9141531586647034
9497,0.3154,0.9334140419960022
9498,0.3152,0.9273885488510132
9499,0.2837,0.9268292784690857
9500,0.2623,0.9325337409973145
9501,0.2313,0.9475363492965698
9502,0.0905,0.9773340821266174
9503,0.1419,0.9625203609466553
9504,0.1103,0.9764150977134705
9505,0.1941,0.958149790763855
9506,0.2299,0.9501246809959412
9507,0.1246,0.9713085889816284
9508,0.2089,0.9532002806663513
9509,0.1951,0.9542974233627319
9510,0.2115,0.9534098505973816
9511,0.1561,0.9629080295562744
9512,0.2072,0.9483636617660522
9513,0.1676,0.9635812044143677
9514,0.1594,0.965705394744873
9515,0.2813,0.9416370391845703
9516,0.3619,0.9204545617103577
9517,0.3326,0.9292487502098083
9518,0.2884,0.9293937087059021
9519,0.2629,0.9357945322990417
9520,0.2701,0.9407638311386108
9521,0.2945,0.9260731339454651
9522,0.3818,0.9063761234283447
9523,0.2553,0.936244547367096
9524,0.2842,0.9317032098770142
9525,0.3545,0.9210950136184692
9526,0.2946,0.9221311211585999
9527,0.2251,0.9500454068183899
9528,0.2154,0.9426229596138
9529,0.338,0.9203389883041382
9530,0.2758,0.9314140677452087
9531,0.3035,0.9236298203468323
9532,0.2562,0.9288389682769775
9533,0.2833,0.9271402359008789
9534,0.3262,0.9151027798652649
9535,0.2897,0.9311023354530334
9536,0.2741,0.9289883375167847
9537,0.2885,0.9253578782081604
9538,0.2055,0.9502590894699097
9539,0.2629,0.9289191961288452
9540,0.3535,0.9107142686843872
9541,0.315,0.9183223247528076
9542,0.2561,0.9434388875961304
9543,0.2794,0.9294797778129578
9544,0.3004,0.926884114742279
9545,0.3554,0.906214714050293
9546,0.29,0.9326484203338623
9547,0.3103,0.9308252334594727
9548,0.3372,0.9154589176177979
9549,0.3261,0.9172839522361755
9550,0.2245,0.9416058659553528
9551,0.1138,0.9738007187843323
9552,0.1664,0.9629629850387573
9553,0.1354,0.9733481407165527
9554,0.1673,0.9620253443717957
9555,0.1541,0.9630302786827087
9556,0.2055,0.9556840062141418
9557,0.1667,0.9607346653938293
9558,0.3061,0.9238152503967285
9559,0.2264,0.9457412958145142
9560,0.1821,0.9544217586517334
9561,0.2427,0.9433962106704712
9562,0.2079,0.9442090392112732
9563,0.173,0.9511111378669739
9564,0.2518,0.9479392766952515
9565,0.2757,0.9309372901916504
9566,0.3106,0.9277022480964661
9567,0.2197,0.9445337653160095
9568,0.3088,0.9312977194786072
9569,0.3289,0.9187547564506531
9570,0.394,0.916063666343689
9571,0.1659,0.9607351422309875
9572,0.3413,0.9271575808525085
9573,0.24,0.9415305256843567
9574,0.2934,0.918006420135498
9575,0.2332,0.9425386190414429
9576,0.2381,0.942225992679596
9577,0.3084,0.9263598322868347
9578,0.3235,0.919966995716095
9579,0.2609,0.9386188983917236
9580,0.3703,0.9193682670593262
9581,0.3154,0.9251247644424438
9582,0.2932,0.9239510297775269
9583,0.2409,0.9402843713760376
9584,0.2867,0.9295238256454468
9585,0.3328,0.9114035367965698
9586,0.3635,0.9090909361839294
9587,0.3299,0.9250936508178711
9588,0.2464,0.9427965879440308
9589,0.261,0.9349112510681152
9590,0.2286,0.9522799849510193
9591,0.3307,0.9213147163391113
9592,0.3157,0.931313157081604
9593,0.3138,0.9188033938407898
9594,0.269,0.9348341226577759
9595,0.2722,0.9291428327560425
9596,0.2495,0.9363957643508911
9597,0.3373,0.9195402264595032
9598,0.2327,0.9443742036819458
9599,0.3436,0.9201995134353638
9600,0.2281,0.9364407062530518
9601,0.0752,0.9832144379615784
9602,0.187,0.9643946886062622
9603,0.1853,0.9588075876235962
9604,0.1736,0.9611048698425293
9605,0.1289,0.9701207876205444
9606,0.1672,0.9618320465087891
9607,0.2893,0.929499089717865
9608,0.1911,0.952277660369873
9609,0.166,0.9673691391944885
9610,0.2972,0.9306473135948181
9611,0.2204,0.954285740852356
9612,0.2335,0.9424514174461365
9613,0.2732,0.9345531463623047
9614,0.1986,0.9520547986030579
9615,0.3611,0.9126484990119934
9616,0.2976,0.9251412153244019
9617,0.2109,0.9441786408424377
9618,0.1955,0.9472803473472595
9619,0.3448,0.9187116622924805
9620,0.2622,0.9422764182090759
9621,0.2691,0.9380530714988708
9622,0.3013,0.9247226715087891
9623,0.2526,0.9349871873855591
9624,0.3957,0.9084395170211792
9625,0.2554,0.9444918632507324
9626,0.2506,0.9393183588981628
9627,0.3042,0.9263913631439209
9628,0.2486,0.9372791647911072
9629,0.2936,0.9255039691925049
9630,0.3036,0.92530757188797
9631,0.3663,0.9060457348823547
9632,0.2597,0.9347209334373474
9633,0.2422,0.9462571740150452
9634,0.2986,0.9235848784446716
9635,0.3785,0.9120781421661377
9636,0.2454,0.9395121932029724
9637,0.2966,0.9229268431663513
9638,0.2752,0.9413020014762878
9639,0.2679,0.9337607026100159
9640,0.2822,0.9321314692497253
9641,0.3765,0.8998016119003296
9642,0.2553,0.9336384534835815
9643,0.2668,0.9291338324546814
9644,0.2349,0.939841091632843
9645,0.2793,0.9285714030265808
9646,0.2539,0.9366785883903503
9647,0.3433,0.9100984930992126
9648,0.2204,0.9438339471817017
9649,0.29,0.9322034120559692
9650,0.2332,0.9403202533721924
9651,0.0987,0.9763219952583313
9652,0.198,0.9560810923576355
9653,0.1945,0.9563387632369995
9654,0.1722,0.9589530229568481
9655,0.2113,0.9510650634765625
9656,0.1407,0.9729546904563904
9657,0.1653,0.9663366079330444
9658,0.1834,0.9593175649642944
9659,0.1715,0.9642857313156128
9660,0.2512,0.9414169192314148
9661,0.1876,0.9595290422439575
9662,0.0861,0.9796078205108643
9663,0.2824,0.9372325539588928
9664,0.255,0.9327420592308044
9665,0.1922,0.9529850482940674
9666,0.2433,0.9440000057220459
9667,0.235,0.9450980424880981
9668,0.2302,0.9410338997840881
9669,0.285,0.9359567761421204
9670,0.1701,0.960616409778595
9671,0.3998,0.9031496047973633
9672,0.2339,0.9462810158729553
9673,0.2149,0.9499568343162537
9674,0.2487,0.9368155002593994
9675,0.2804,0.9371428489685059
9676,0.2636,0.9358867406845093
9677,0.2994,0.9396939873695374
9678,0.2731,0.9311531782150269
9679,0.2725,0.9415411949157715
9680,0.247,0.9380053877830505
9681,0.3529,0.9207650423049927
9682,0.4002,0.9064430594444275
9683,0.261,0.9324324131011963
9684,0.3362,0.9192200303077698
9685,0.3071,0.9140698909759521
9686,0.2825,0.9313346147537231
9687,0.2687,0.9317269325256348
9688,0.2984,0.9255533218383789
9689,0.2889,0.9355828166007996
9690,0.2864,0.9233160614967346
9691,0.2472,0.9316239356994629
9692,0.2825,0.926006555557251
9693,0.2841,0.934831440448761
9694,0.2643,0.9313501119613647
9695,0.2388,0.9354838728904724
9696,0.3305,0.9167616963386536
9697,0.3299,0.9227220416069031
9698,0.2389,0.9339045286178589
9699,0.2932,0.9311224222183228
9700,0.2204,0.9472222328186035
9701,0.1264,0.9718826413154602
9702,0.1387,0.9652509689331055
9703,0.1525,0.9669239521026611
9704,0.1471,0.9640995860099792
9705,0.2231,0.9533615708351135
9706,0.262,0.9373449087142944
9707,0.1753,0.9580279588699341
9708,0.2246,0.9476439952850342
9709,0.2878,0.9327296018600464
9710,0.3446,0.9252873659133911
9711,0.1604,0.9620535969734192
9712,0.1565,0.9635376334190369
9713,0.2081,0.9590469002723694
9714,0.3092,0.9179632067680359
9715,0.3286,0.9270758032798767
9716,0.223,0.9494869709014893
9717,0.2048,0.946360170841217
9718,0.2636,0.9395424723625183
9719,0.2955,0.928093671798706
9720,0.3754,0.9173166751861572
9721,0.2204,0.9460371136665344
9722,0.3028,0.9305210709571838
9723,0.2605,0.9412795901298523
9724,0.2356,0.9395796656608582
9725,0.2978,0.9325432777404785
9726,0.2669,0.9404332041740417
9727,0.1975,0.9544211626052856
9728,0.2257,0.9449626803398132
9729,0.2773,0.926916241645813
9730,0.3943,0.9047203063964844
9731,0.2361,0.9365530014038086
9732,0.299,0.9243856072425842
9733,0.1823,0.9599999785423279
9734,0.3107,0.9217557311058044
9735,0.3064,0.9306466579437256
9736,0.2988,0.930443525314331
9737,0.3079,0.9117361903190613
9738,0.3062,0.9315206408500671
9739,0.3056,0.914228081703186
9740,0.3146,0.931106448173523
9741,0.2522,0.9351955056190491
9742,0.2823,0.920718789100647
9743,0.3506,0.9215686321258545
9744,0.2613,0.9332591891288757
9745,0.2234,0.9469240307807922
9746,0.2862,0.9260969758033752
9747,0.257,0.9371921420097351
9748,0.3118,0.9265605807304382
9749,0.2975,0.9341772198677063
9750,0.3319,0.9355280995368958
9751,0.1379,0.9666884541511536
9752,0.1736,0.9588477611541748
9753,0.2473,0.9442785978317261
9754,0.1539,0.9618239402770996
9755,0.0897,0.980440080165863
9756,0.1513,0.9669967293739319
9757,0.1714,0.9600515365600586
9758,0.1664,0.956493079662323
9759,0.17,0.9558233022689819
9760,0.158,0.9662113785743713
9761,0.3213,0.9262672662734985
9762,0.2697,0.9290633797645569
9763,0.2251,0.9416604042053223
9764,0.2536,0.9379900097846985
9765,0.2277,0.9464285969734192
9766,0.3025,0.9287749528884888
9767,0.1748,0.9509105086326599
9768,0.3169,0.9233060479164124
9769,0.2768,0.9316303730010986
9770,0.2535,0.9364069700241089
9771,0.212,0.949367105960846
9772,0.1747,0.955759584903717
9773,0.1936,0.9487179517745972
9774,0.2011,0.9493996500968933
9775,0.2183,0.9525514841079712
9776,0.2635,0.9364407062530518
9777,0.24,0.9382071495056152
9778,0.3701,0.9119341373443604
9779,0.2603,0.932110071182251
9780,0.2693,0.9242008924484253
9781,0.2122,0.9335793256759644
9782,0.2545,0.929759681224823
9783,0.2645,0.9325539469718933
9784,0.324,0.9174311757087708
9785,0.2206,0.9412915706634521
9786,0.2909,0.9298418760299683
9787,0.2779,0.9326829314231873
9788,0.2528,0.9393628239631653
9789,0.3455,0.930425763130188
9790,0.2731,0.9274106025695801
9791,0.2275,0.9511158466339111
9792,0.2719,0.930232584476471
9793,0.2538,0.9430605173110962
9794,0.3302,0.9293597936630249
9795,0.2909,0.9270334839820862
9796,0.2674,0.9313154816627502
9797,0.2988,0.9243902564048767
9798,0.2718,0.934567928314209
9799,0.3263,0.916558027267456
9800,0.2386,0.9477611780166626
9801,0.2747,0.9412997961044312
9802,0.1811,0.9551002383232117
9803,0.1365,0.9675925970077515
9804,0.2126,0.9538294672966003
9805,0.1095,0.974622368812561
9806,0.2341,0.9441747665405273
9807,0.1779,0.9578163623809814
9808,0.2479,0.9377334713935852
9809,0.2006,0.9522207379341125
9810,0.2033,0.9494344592094421
9811,0.2445,0.945816159248352
9812,0.1814,0.9523151516914368
9813,0.2056,0.9472924470901489
9814,0.2443,0.9358879923820496
9815,0.2942,0.9320943355560303
9816,0.2901,0.9270231127738953
9817,0.1946,0.956250011920929
9818,0.2307,0.9433811902999878
9819,0.2661,0.9385213851928711
9820,0.2242,0.9420289993286133
9821,0.2482,0.9376461505889893
9822,0.225,0.9509559273719788
9823,0.2142,0.9448217153549194
9824,0.2283,0.9477611780166626
9825,0.218,0.9444444179534912
9826,0.2384,0.9425086975097656
9827,0.2152,0.9490781426429749
9828,0.1934,0.9564822912216187
9829,0.2662,0.9337298274040222
9830,0.262,0.9349164366722107
9831,0.2518,0.9378530979156494
9832,0.3123,0.9286367893218994
9833,0.2438,0.9360519051551819
9834,0.3072,0.9140480756759644
9835,0.3,0.9176030158996582
9836,0.2872,0.9294449687004089
9837,0.2796,0.9268292784690857
9838,0.306,0.9210256338119507
9839,0.2748,0.9282700419425964
9840,0.2388,0.935799777507782
9841,0.4303,0.9001051783561707
9842,0.2465,0.9321120977401733
9843,0.2554,0.9360780119895935
9844,0.2942,0.9367231726646423
9845,0.3208,0.9252013564109802
9846,0.2727,0.9294797778129578
9847,0.2587,0.9377289414405823
9848,0.3038,0.9258809089660645
9849,0.2999,0.939130425453186
9850,0.2321,0.9384615421295166
9851,0.1069,0.9793586730957031
9852,0.1537,0.9597415328025818
9853,0.1917,0.9612867832183838
9854,0.1195,0.9752941131591797
9855,0.198,0.9593241810798645
9856,0.1327,0.9732919335365295
9857,0.2064,0.9570237398147583
9858,0.1493,0.9642366170883179
9859,0.1527,0.9651006460189819
9860,0.2723,0.9310113787651062
9861,0.1735,0.9529085755348206
9862,0.3163,0.9155759215354919
9863,0.1921,0.9529321193695068
9864,0.1971,0.9606785178184509
9865,0.168,0.9610195159912109
9866,0.2083,0.9555382132530212
9867,0.2195,0.948009729385376
9868,0.221,0.9424846768379211
9869,0.3647,0.9169782996177673
9870,0.2968,0.925212025642395
9871,0.3753,0.8959580659866333
9872,0.2964,0.9343434572219849
9873,0.2602,0.9365351796150208
9874,0.2854,0.9344680905342102
9875,0.2911,0.9247311949729919
9876,0.2672,0.9233419299125671
9877,0.3522,0.9234116673469543
9878,0.3351,0.9148398041725159
9879,0.2635,0.9340463280677795
9880,0.2638,0.9359560608863831
9881,0.2444,0.9416195750236511
9882,0.3075,0.9190647602081299
9883,0.2848,0.936389148235321
9884,0.2847,0.9327808618545532
9885,0.3403,0.9206501245498657
9886,0.2587,0.940119743347168
9887,0.2533,0.9350253939628601
9888,0.2998,0.9329268336296082
9889,0.3255,0.921450138092041
9890,0.2812,0.9342105388641357
9891,0.2819,0.9304068684577942
9892,0.3029,0.9230769276618958
9893,0.2698,0.9257592558860779
9894,0.2186,0.9502314925193787
9895,0.2905,0.9273356199264526
9896,0.2328,0.950661838054657
9897,0.2519,0.9374247789382935
9898,0.3439,0.9154762029647827
9899,0.2861,0.928205132484436
9900,0.2724,0.936170220375061
9901,0.1103,0.9762712121009827
9902,0.1663,0.9572400450706482
9903,0.1378,0.9726477265357971
9904,0.1431,0.9715612530708313
9905,0.2744,0.9280133843421936
9906,0.2213,0.944072961807251
9907,0.1269,0.9692307710647583
9908,0.1579,0.9602864384651184
9909,0.1889,0.9570469856262207
9910,0.2028,0.9508305788040161
9911,0.1532,0.9603118300437927
9912,0.2266,0.9407988786697388
9913,0.3727,0.9095780253410339
9914,0.2279,0.9409566521644592
9915,0.2117,0.9483024477958679
9916,0.3254,0.9155749678611755
9917,0.1817,0.9616368412971497
9918,0.226,0.9490039944648743
9919,0.2434,0.9369369149208069
9920,0.2942,0.9395385980606079
9921,0.251,0.9348722100257874
9922,0.2779,0.9293257594108582
9923,0.2842,0.9387755393981934
9924,0.2112,0.9439252614974976
9925,0.3234,0.9246100783348083
9926,0.2478,0.9499553442001343
9927,0.2709,0.9344262480735779
9928,0.318,0.9219677448272705
9929,0.237,0.9356521964073181
9930,0.2574,0.9354838728904724
9931,0.2589,0.939068078994751
9932,0.2701,0.9311969876289368
9933,0.2929,0.9324699640274048
9934,0.2641,0.9297724962234497
9935,0.3064,0.919923722743988
9936,0.3306,0.9256359934806824
9937,0.3449,0.9125736951828003
9938,0.2874,0.9284995198249817
9939,0.3047,0.9217391014099121
9940,0.2514,0.9340909123420715
9941,0.2818,0.933911144733429
9942,0.2319,0.9422222375869751
9943,0.2501,0.9292817711830139
9944,0.2523,0.9352940917015076
9945,0.2059,0.9526699185371399
9946,0.2366,0.9439024329185486
9947,0.2769,0.929526150226593
9948,0.3142,0.9194139242172241
9949,0.2819,0.9376623630523682
9950,0.3176,0.9258202314376831
9951,0.14,0.9690941572189331
9952,0.1321,0.9684512615203857
9953,0.1105,0.976111114025116
9954,0.1361,0.972174882888794
9955,0.1756,0.9555950164794922
9956,0.2473,0.9426900744438171
9957,0.1845,0.9567779898643494
9958,0.1329,0.9766643643379211
9959,0.3013,0.9368900656700134
9960,0.3414,0.9303621053695679
9961,0.1776,0.9526501893997192
9962,0.286,0.9346210956573486
9963,0.3017,0.9194187521934509
9964,0.1692,0.9622786641120911
9965,0.1854,0.9536321759223938
9966,0.2184,0.9466560482978821
9967,0.2119,0.9548386931419373
9968,0.2688,0.9300074577331543
9969,0.1571,0.9634247422218323
9970,0.2459,0.9453815221786499
9971,0.2938,0.9324533939361572
9972,0.3029,0.9165341854095459
9973,0.384,0.9087393879890442
9974,0.3648,0.9067930579185486
9975,0.2498,0.9505300521850586
9976,0.2975,0.9288194179534912
9977,0.2795,0.9291737079620361
9978,0.305,0.9278804063796997
9979,0.3274,0.9197207689285278
9980,0.2165,0.9488372206687927
9981,0.3083,0.9191564321517944
9982,0.2247,0.9419600367546082
9983,0.3497,0.9116809368133545
9984,0.232,0.9473161101341248
9985,0.3612,0.9166666865348816
9986,0.289,0.9295336604118347
9987,0.3482,0.9173387289047241
9988,0.2805,0.9324462413787842
9989,0.2141,0.940021812915802
9990,0.321,0.9160768389701843
9991,0.2247,0.9445652365684509
9992,0.255,0.9356912970542908
9993,0.2184,0.9487179517745972
9994,0.3037,0.9229934811592102
9995,0.2013,0.9439809322357178
9996,0.2792,0.9306358098983765
9997,0.2617,0.9315403699874878
9998,0.3392,0.9122596383094788
9999,0.2552,0.9424999952316284
10000,0.2784,0.9219653010368347
10001,0.4312,0.8923452496528625
10002,0.1585,0.9619973301887512
10003,0.1376,0.964550256729126
10004,0.1626,0.964621365070343
10005,0.197,0.9506802558898926
10006,0.1833,0.9519950151443481
10007,0.1897,0.9559668302536011
10008,0.1944,0.9573643207550049
10009,0.1594,0.9654046893119812
10010,0.1813,0.9509738087654114
10011,0.1403,0.9659667015075684
10012,0.2096,0.956764280796051
10013,0.1986,0.9507845640182495
10014,0.2324,0.9423503279685974
10015,0.3773,0.9105691313743591
10016,0.1736,0.9558139443397522
10017,0.2538,0.9275786280632019
10018,0.2958,0.9246717095375061
10019,0.2654,0.9357723593711853
10020,0.2424,0.9364340901374817
10021,0.3102,0.9306451678276062
10022,0.2525,0.9370517730712891
10023,0.339,0.9209302067756653
10024,0.2034,0.9476061463356018
10025,0.3144,0.9245283007621765
10026,0.2948,0.9371681213378906
10027,0.3331,0.9108280539512634
10028,0.2842,0.934937596321106
10029,0.2838,0.9302926063537598
10030,0.2674,0.9372197389602661
10031,0.2637,0.9284403920173645
10032,0.2977,0.9281914830207825
10033,0.2276,0.9405561089515686
10034,0.3909,0.9059982299804688
10035,0.2937,0.9315332770347595
10036,0.3687,0.9081537127494812
10037,0.3723,0.9109461903572083
10038,0.3221,0.9135082364082336
10039,0.3039,0.9268537163734436
10040,0.3124,0.923541247844696
10041,0.2013,0.9443838596343994
10042,0.2818,0.9336332678794861
10043,0.2714,0.9379932284355164
10044,0.2951,0.9252336621284485
10045,0.2636,0.925146222114563
10046,0.2325,0.938095211982727
10047,0.249,0.9420468807220459
10048,0.3743,0.9090909361839294
10049,0.3236,0.9279503226280212
10050,0.2307,0.9452449679374695
10051,0.1931,0.9532040357589722
10052,0.163,0.9671875238418579
10053,0.2263,0.946659505367279
10054,0.2921,0.9331491589546204
10055,0.1411,0.9618593454360962
10056,0.156,0.9672459959983826
10057,0.2025,0.9426129460334778
10058,0.202,0.9543436765670776
10059,0.1727,0.9572010636329651
10060,0.16,0.9596602916717529
10061,0.2275,0.9459649324417114
10062,0.2987,0.9235010147094727
10063,0.3374,0.9277777671813965
10064,0.1971,0.9543031454086304
10065,0.1352,0.9687756896018982
10066,0.2905,0.9251453280448914
10067,0.3023,0.9268832802772522
10068,0.2196,0.9517185091972351
10069,0.2754,0.9296817183494568
10070,0.2786,0.9366255402565002
10071,0.2676,0.9331703186035156
10072,0.2768,0.9363057613372803
10073,0.2696,0.9321086406707764
10074,0.2766,0.9293563365936279
10075,0.3018,0.9225061535835266
10076,0.2261,0.9467810988426208
10077,0.2571,0.9318370819091797
10078,0.3039,0.9129310250282288
10079,0.2038,0.9392014741897583
10080,0.3017,0.930915355682373
10081,0.256,0.9314946532249451
10082,0.3537,0.9187062978744507
10083,0.2616,0.9246901869773865
10084,0.2351,0.9360639452934265
10085,0.3325,0.9145873188972473
10086,0.2838,0.9375
10087,0.2716,0.9318637251853943
10088,0.3141,0.9216683506965637
10089,0.3614,0.9118852615356445
10090,0.2411,0.9355190992355347
10091,0.2523,0.9325353503227234
10092,0.369,0.9135416746139526
10093,0.219,0.9395248293876648
10094,0.3149,0.9248365759849548
10095,0.2506,0.9365079402923584
10096,0.2482,0.9330199956893921
10097,0.3025,0.9308700561523438
10098,0.258,0.9454314708709717
10099,0.2759,0.9289340376853943
10100,0.2694,0.9366576671600342
10101,0.1463,0.9637753367424011
10102,0.2292,0.9522716999053955
10103,0.1767,0.9634420871734619
10104,0.1611,0.9582380056381226
10105,0.3026,0.9351256489753723
10106,0.136,0.9683257937431335
10107,0.1639,0.9622166156768799
10108,0.213,0.948344349861145
10109,0.2022,0.9550264477729797
10110,0.2236,0.9448767900466919
10111,0.2264,0.9496240615844727
10112,0.1759,0.9567131400108337
10113,0.2128,0.9524904489517212
10114,0.2722,0.9324026703834534
10115,0.2353,0.9468821883201599
10116,0.1907,0.961330235004425
10117,0.1976,0.9483024477958679
10118,0.269,0.9207772612571716
10119,0.2335,0.9370967745780945
10120,0.2658,0.9316574931144714
10121,0.2412,0.9373065233230591
10122,0.2054,0.9497528672218323
10123,0.244,0.9267489910125732
10124,0.1999,0.9519797563552856
10125,0.3053,0.9333333373069763
10126,0.2409,0.9439852833747864
10127,0.2402,0.9383223652839661
10128,0.2312,0.9489177465438843
10129,0.3737,0.9184367060661316
10130,0.3318,0.9244444370269775
10131,0.3755,0.9016535878181458
10132,0.3151,0.9286385178565979
10133,0.2498,0.9330232739448547
10134,0.2652,0.9338998794555664
10135,0.2537,0.9371373057365417
10136,0.3206,0.9246901869773865
10137,0.3097,0.9179841876029968
10138,0.2431,0.9415204524993896
10139,0.2394,0.9424460530281067
10140,0.2471,0.947927713394165
10141,0.3191,0.9228329658508301
10142,0.3062,0.925000011920929
10143,0.2186,0.9417927861213684
10144,0.272,0.9387755393981934
10145,0.3372,0.9211428761482239
10146,0.3256,0.9180327653884888
10147,0.2768,0.924096405506134
10148,0.2594,0.9294403791427612
10149,0.2167,0.9417721629142761
10150,0.3057,0.924895703792572
10151,0.1992,0.9552339315414429
10152,0.1883,0.9567736387252808
10153,0.196,0.9537037014961243
10154,0.2753,0.9258337616920471
10155,0.202,0.9600704908370972
10156,0.1591,0.9603896141052246
10157,0.2024,0.9567704796791077
10158,0.1967,0.9538461565971375
10159,0.207,0.9599437713623047
10160,0.1124,0.9696750640869141
10161,0.1858,0.956366240978241
10162,0.188,0.9610389471054077
10163,0.172,0.9620449542999268
10164,0.1507,0.9666937589645386
10165,0.2166,0.9460896253585815
10166,0.2214,0.9497206807136536
10167,0.1972,0.9526530504226685
10168,0.3153,0.9190661311149597
10169,0.3438,0.9171102643013
10170,0.2637,0.935742974281311
10171,0.258,0.9320388436317444
10172,0.2708,0.9295892715454102
10173,0.3135,0.9242798089981079
10174,0.2758,0.9325463771820068
10175,0.3069,0.9233333468437195
10176,0.366,0.91928631067276
10177,0.2385,0.9343065619468689
10178,0.2984,0.9197812080383301
10179,0.2949,0.9276315569877625
10180,0.2495,0.933273196220398
10181,0.3433,0.9118982553482056
10182,0.3164,0.9221501350402832
10183,0.311,0.9255319237709045
10184,0.2507,0.9403272271156311
10185,0.3151,0.9263455867767334
10186,0.3128,0.9192734360694885
10187,0.2866,0.928225040435791
10188,0.2938,0.9215885996818542
10189,0.2582,0.9331919550895691
10190,0.2652,0.9362139701843262
10191,0.2304,0.9413681030273438
10192,0.2456,0.9382579922676086
10193,0.2305,0.9422222375869751
10194,0.257,0.9268292784690857
10195,0.2347,0.9470587968826294
10196,0.245,0.9307875633239746
10197,0.3405,0.9179366827011108
10198,0.2721,0.9315726161003113
10199,0.302,0.9240669012069702
10200,0.2101,0.9529737234115601
10201,0.1178,0.972525417804718
10202,0.1443,0.962051272392273
10203,0.1901,0.9571881890296936
10204,0.1167,0.9696406722068787
10205,0.1278,0.9744735360145569
10206,0.1763,0.9602864384651184
10207,0.1606,0.9621621370315552
10208,0.1583,0.9640387296676636
10209,0.1776,0.9611582159996033
10210,0.1549,0.9634770154953003
10211,0.2476,0.9483821392059326
10212,0.2423,0.9429190754890442
10213,0.3033,0.9268115758895874
10214,0.2307,0.9502262473106384
10215,0.157,0.9598455429077148
10216,0.3414,0.9223300814628601
10217,0.2964,0.9234234094619751
10218,0.1826,0.9589958190917969
10219,0.308,0.9318364262580872
10220,0.2855,0.9242072701454163
10221,0.1903,0.9427168369293213
10222,0.205,0.9541206359863281
10223,0.2615,0.9370805621147156
10224,0.3031,0.9197080135345459
10225,0.3094,0.9218106865882874
10226,0.3313,0.915959894657135
10227,0.2412,0.9410730004310608
10228,0.2426,0.9482758641242981
10229,0.24,0.9494232535362244
10230,0.2737,0.9329758882522583
10231,0.2796,0.9402573704719543
10232,0.3754,0.9081632494926453
10233,0.2388,0.9352189898490906
10234,0.2359,0.9341372847557068
10235,0.3168,0.9173333048820496
10236,0.2505,0.9390125870704651
10237,0.3204,0.9205297827720642
10238,0.2744,0.9278752207756042
10239,0.2981,0.9305962920188904
10240,0.2319,0.9482378959655762
10241,0.3128,0.9142857193946838
10242,0.2807,0.9280177354812622
10243,0.3053,0.9184123277664185
10244,0.2976,0.9187986850738525
10245,0.2594,0.9440476298332214
10246,0.2685,0.9308700561523438
10247,0.3024,0.9339853525161743
10248,0.3516,0.9199491739273071
10249,0.2039,0.948344349861145
10250,0.326,0.9257221221923828
10251,0.1782,0.9585598111152649
10252,0.1389,0.971675455570221
10253,0.2059,0.9514407515525818
10254,0.111,0.9750759601593018
10255,0.2525,0.9461883306503296
10256,0.1776,0.9618750214576721
10257,0.1678,0.9641873240470886
10258,0.2296,0.9422382712364197
10259,0.1664,0.961002767086029
10260,0.1356,0.9649859666824341
10261,0.1766,0.9636098742485046
10262,0.2079,0.9399717450141907
10263,0.1898,0.9528023600578308
10264,0.1636,0.9628458619117737
10265,0.2935,0.9166057109832764
10266,0.259,0.9434815645217896
10267,0.2769,0.9400311708450317
10268,0.2166,0.9497114419937134
10269,0.1966,0.9585365653038025
10270,0.2092,0.9584717750549316
10271,0.2703,0.9282371401786804
10272,0.2059,0.941426157951355
10273,0.2733,0.9347826242446899
10274,0.2537,0.940099835395813
10275,0.2013,0.9414225816726685
10276,0.2299,0.9401853680610657
10277,0.2512,0.9410211443901062
10278,0.2467,0.9388686418533325
10279,0.2945,0.9290043115615845
10280,0.1853,0.955955982208252
10281,0.2095,0.9487427473068237
10282,0.2503,0.9370829463005066
10283,0.2632,0.9305164217948914
10284,0.3458,0.9181395173072815
10285,0.2409,0.9344422817230225
10286,0.2915,0.9327651262283325
10287,0.274,0.9334677457809448
10288,0.2432,0.9279187917709351
10289,0.3132,0.9179030656814575
10290,0.2862,0.9287233948707581
10291,0.3017,0.920127809047699
10292,0.2856,0.9287304878234863
10293,0.2897,0.9288840293884277
10294,0.2611,0.9368658661842346
10295,0.2634,0.9403508901596069
10296,0.2749,0.9260563254356384
10297,0.2436,0.9346016645431519
10298,0.3372,0.9127837419509888
10299,0.3169,0.9322034120559692
10300,0.2408,0.9390420913696289
10301,0.1609,0.9551395177841187
10302,0.0959,0.9742366671562195
10303,0.1459,0.964958131313324
10304,0.1435,0.9644970297813416
10305,0.1536,0.9610238671302795
10306,0.1029,0.9750778675079346
10307,0.1826,0.9587363004684448
10308,0.2106,0.9493433237075806
10309,0.2093,0.943025529384613
10310,0.2113,0.9473684430122375
10311,0.1878,0.9560975432395935
10312,0.1357,0.9678362607955933
10313,0.2456,0.9354395866394043
10314,0.1538,0.9658650159835815
10315,0.329,0.9201977252960205
10316,0.2339,0.9446870684623718
10317,0.246,0.931189239025116
10318,0.1828,0.9573612213134766
10319,0.4412,0.8931407928466797
10320,0.2938,0.9233716726303101
10321,0.2264,0.9399350881576538
10322,0.139,0.9685039520263672
10323,0.3732,0.9145234227180481
10324,0.2423,0.9494949579238892
10325,0.3303,0.9238699674606323
10326,0.2576,0.9376600980758667
10327,0.2629,0.9380097985267639
10328,0.2836,0.9305912852287292
10329,0.2899,0.9280821681022644
10330,0.2086,0.9502392411231995
10331,0.3268,0.9165971875190735
10332,0.3093,0.9189655184745789
10333,0.2333,0.9412935376167297
10334,0.2291,0.9336585402488708
10335,0.2755,0.9253731369972229
10336,0.2524,0.9296875
10337,0.2933,0.9299163222312927
10338,0.2703,0.9298429489135742
10339,0.2711,0.9322034120559692
10340,0.282,0.9281942844390869
10341,0.2323,0.9445701241493225
10342,0.2608,0.9342826008796692
10343,0.2811,0.9214830994606018
10344,0.2198,0.9407821297645569
10345,0.2745,0.9331797361373901
10346,0.3383,0.921658992767334
10347,0.2949,0.9372738003730774
10348,0.3234,0.9318735003471375
10349,0.278,0.9351969361305237
10350,0.2636,0.9381868243217468
10351,0.1482,0.9667226672172546
10352,0.112,0.9726231694221497
10353,0.1667,0.9577319622039795
10354,0.1093,0.9778911471366882
10355,0.1655,0.9594762921333313
10356,0.1432,0.9639240503311157
10357,0.1925,0.9545454382896423
10358,0.2011,0.955148458480835
10359,0.185,0.9562334418296814
10360,0.1632,0.9636737704277039
10361,0.2322,0.9442257285118103
10362,0.2333,0.9416725039482117
10363,0.2378,0.942293643951416
10364,0.1701,0.9542151093482971
10365,0.1658,0.9622496366500854
10366,0.2452,0.9421742558479309
10367,0.2683,0.9334897994995117
10368,0.38,0.9049676060676575
10369,0.2757,0.9301032423973083
10370,0.2527,0.9360374212265015
10371,0.2477,0.9383445978164673
10372,0.2221,0.9503849148750305
10373,0.2318,0.9492385983467102
10374,0.2697,0.9313559532165527
10375,0.1995,0.9527702331542969
10376,0.2807,0.9379194378852844
10377,0.2285,0.9445843696594238
10378,0.2123,0.947043240070343
10379,0.3275,0.9205648899078369
10380,0.3301,0.9240393042564392
10381,0.2639,0.924440324306488
10382,0.3365,0.9100719690322876
10383,0.2276,0.9459202885627747
10384,0.4128,0.9051162600517273
10385,0.2614,0.9291784763336182
10386,0.2355,0.9421319961547852
10387,0.3065,0.922535240650177
10388,0.237,0.9384459853172302
10389,0.2705,0.9233129024505615
10390,0.3005,0.9171974658966064
10391,0.2506,0.9443255066871643
10392,0.2719,0.9359115958213806
10393,0.2698,0.9311828017234802
10394,0.2088,0.9420625567436218
10395,0.2661,0.9318448901176453
10396,0.3188,0.9195803999900818
10397,0.2859,0.9267081022262573
10398,0.2275,0.9436089992523193
10399,0.2554,0.936948299407959
10400,0.2369,0.948437511920929
10401,0.1254,0.972540020942688
10402,0.1589,0.9640418887138367
10403,0.1399,0.9717544913291931
10404,0.1968,0.9524627923965454
10405,0.1181,0.9729729890823364
10406,0.1716,0.9586929678916931
10407,0.1509,0.965656578540802
10408,0.1384,0.9662337899208069
10409,0.1484,0.9645587205886841
10410,0.1485,0.963290274143219
10411,0.2486,0.9429121017456055
10412,0.2042,0.955110490322113
10413,0.2896,0.9325317144393921
10414,0.1875,0.9571317434310913
10415,0.3095,0.9226401448249817
10416,0.2673,0.9347670078277588
10417,0.177,0.9618902206420898
10418,0.216,0.954905092716217
10419,0.3328,0.9202454090118408
10420,0.1981,0.9514237642288208
10421,0.1915,0.9511798024177551
10422,0.2988,0.9213813543319702
10423,0.3009,0.9283387660980225
10424,0.2378,0.9455564618110657
10425,0.2016,0.9581881761550903
10426,0.2159,0.9469631910324097
10427,0.2141,0.9429051280021667
10428,0.2058,0.9481346607208252
10429,0.2962,0.9300758242607117
10430,0.223,0.9446428418159485
10431,0.2612,0.9310653805732727
10432,0.2415,0.9367704391479492
10433,0.363,0.9085201621055603
10434,0.2504,0.934472918510437
10435,0.2748,0.9337877035140991
10436,0.262,0.9295634627342224
10437,0.2342,0.9407558441162109
10438,0.33,0.9218595623970032
10439,0.233,0.9358841776847839
10440,0.282,0.9245283007621765
10441,0.2625,0.9364548325538635
10442,0.2758,0.9298056364059448
10443,0.2695,0.9284064769744873
10444,0.2889,0.9288174510002136
10445,0.3302,0.9177142977714539
10446,0.2472,0.9411764740943909
10447,0.2397,0.9317073225975037
10448,0.3229,0.9277708530426025
10449,0.2707,0.9284818172454834
10450,0.3324,0.9177126884460449
10451,0.2011,0.958737850189209
10452,0.1453,0.9624624848365784
10453,0.1451,0.9665045738220215
10454,0.1237,0.973482608795166
10455,0.1736,0.9609628915786743
10456,0.1777,0.9564691781997681
10457,0.1846,0.9613874554634094
10458,0.2582,0.9311224222183228
10459,0.2603,0.935570478439331
10460,0.336,0.9234863519668579
10461,0.2453,0.938365638256073
10462,0.1778,0.9618430733680725
10463,0.181,0.944243311882019
10464,0.2091,0.9471299052238464
10465,0.1933,0.9535768628120422
10466,0.2711,0.9270752668380737
10467,0.1248,0.9686985015869141
10468,0.2163,0.9593698382377625
10469,0.229,0.9469696879386902
10470,0.2071,0.9471032619476318
10471,0.3115,0.9307159185409546
10472,0.2727,0.9297343492507935
10473,0.2835,0.93034827709198
10474,0.3284,0.9192000031471252
10475,0.246,0.943493127822876
10476,0.2426,0.9402173757553101
10477,0.2795,0.930630624294281
10478,0.2819,0.9342681765556335
10479,0.2943,0.9226804375648499
10480,0.3324,0.9215517044067383
10481,0.2484,0.9401869177818298
10482,0.317,0.9245098233222961
10483,0.2743,0.9301180839538574
10484,0.2914,0.9253588318824768
10485,0.2796,0.9296046495437622
10486,0.3291,0.9151036739349365
10487,0.2518,0.9355158805847168
10488,0.3229,0.9169110655784607
10489,0.2768,0.9184290170669556
10490,0.2811,0.9225130677223206
10491,0.2761,0.932275116443634
10492,0.3464,0.92144376039505
10493,0.2498,0.9322404265403748
10494,0.3132,0.9244851469993591
10495,0.289,0.927570104598999
10496,0.3096,0.9301204681396484
10497,0.3211,0.9196642637252808
10498,0.312,0.9177914261817932
10499,0.2848,0.9322034120559692
10500,0.3023,0.926086962223053
10501,0.15,0.9645776748657227
10502,0.113,0.9768160581588745
10503,0.1445,0.970588207244873
10504,0.1815,0.9629837274551392
10505,0.1172,0.9733656048774719
10506,0.2428,0.9383602738380432
10507,0.1277,0.9689973592758179
10508,0.3135,0.940773069858551
10509,0.2256,0.9483221769332886
10510,0.2453,0.9356725215911865
10511,0.2171,0.949965238571167
10512,0.2534,0.943042516708374
10513,0.1492,0.9680851101875305
10514,0.1731,0.9585365653038025
10515,0.2815,0.925815999507904
10516,0.1676,0.9573612213134766
10517,0.1254,0.9683597087860107
10518,0.3289,0.9248061776161194
10519,0.1982,0.9507667422294617
10520,0.2944,0.9175412058830261
10521,0.2252,0.9530254602432251
10522,0.2201,0.9419568777084351
10523,0.2857,0.9198075532913208
10524,0.237,0.9427663087844849
10525,0.2857,0.9251644611358643
10526,0.2805,0.9214046597480774
10527,0.2485,0.9359521865844727
10528,0.332,0.9233333468437195
10529,0.3186,0.9230111241340637
10530,0.3238,0.9188503623008728
10531,0.2728,0.9320036172866821
10532,0.2683,0.9305555820465088
10533,0.2628,0.9263351559638977
10534,0.3079,0.9221674799919128
10535,0.3058,0.9166666865348816
10536,0.302,0.9216634631156921
10537,0.2519,0.938071072101593
10538,0.2197,0.9386892318725586
10539,0.2043,0.944501519203186
10540,0.3223,0.9246284365653992
10541,0.297,0.9284940361976624
10542,0.3067,0.9236812591552734
10543,0.3503,0.9134199023246765
10544,0.2591,0.9404494166374207
10545,0.2469,0.9364162087440491
10546,0.2647,0.9317406415939331
10547,0.3102,0.932121217250824
10548,0.2933,0.927250325679779
10549,0.2406,0.9387223124504089
10550,0.2982,0.9390071034431458
10551,0.4756,0.8986355066299438
10552,0.138,0.972328245639801
10553,0.2049,0.9523346424102783
10554,0.1397,0.9667240381240845
10555,0.1407,0.9657614827156067
10556,0.2573,0.9426751732826233
10557,0.1647,0.9679738283157349
10558,0.1827,0.9571332931518555
10559,0.1637,0.9652406573295593
10560,0.3174,0.9324866533279419
10561,0.1639,0.968276858329773
10562,0.1547,0.9633781909942627
10563,0.2932,0.9335989356040955
10564,0.2395,0.9476830959320068
10565,0.2043,0.9584000110626221
10566,0.1817,0.9535433053970337
10567,0.3513,0.9169034361839294
10568,0.2096,0.954023003578186
10569,0.2618,0.9451946020126343
10570,0.2753,0.9363416433334351
10571,0.1838,0.9443989992141724
10572,0.2081,0.9556114077568054
10573,0.3107,0.9253731369972229
10574,0.2618,0.9352940917015076
10575,0.2149,0.944969892501831
10576,0.2468,0.9372419714927673
10577,0.2154,0.9435483813285828
10578,0.2003,0.9541366696357727
10579,0.1989,0.9488636255264282
10580,0.325,0.9181184768676758
10581,0.2485,0.9337568283081055
10582,0.247,0.9465186595916748
10583,0.2715,0.9259259104728699
10584,0.2833,0.9308300614356995
10585,0.2214,0.9419729113578796
10586,0.2721,0.9362795352935791
10587,0.3555,0.9105367660522461
10588,0.234,0.9475982785224915
10589,0.3151,0.9191489219665527
10590,0.3284,0.9225280284881592
10591,0.251,0.9447513818740845
10592,0.2447,0.9336956739425659
10593,0.2776,0.9201388955116272
10594,0.2697,0.9283314943313599
10595,0.2894,0.9275861978530884
10596,0.3175,0.9276546239852905
10597,0.2593,0.9381952881813049
10598,0.2865,0.9285714030265808
10599,0.2751,0.9307692050933838
10600,0.2749,0.931993842124939
10601,0.2314,0.9442244172096252
10602,0.0786,0.9818472862243652
10603,0.1577,0.9678608775138855
10604,0.1891,0.9568230509757996
10605,0.184,0.9598837494850159
10606,0.1506,0.9649626612663269
10607,0.2439,0.9387871623039246
10608,0.2101,0.949795663356781
10609,0.1733,0.9597890377044678
10610,0.1748,0.9635237455368042
10611,0.242,0.9477257132530212
10612,0.1644,0.9587324857711792
10613,0.2016,0.9519832730293274
10614,0.2183,0.9438990354537964
10615,0.2658,0.9375438690185547
10616,0.1679,0.9551904201507568
10617,0.2513,0.938569188117981
10618,0.1738,0.960943877696991
10619,0.2381,0.9398986101150513
10620,0.3261,0.9251134395599365
10621,0.2893,0.921135663986206
10622,0.1923,0.9543269276618958
10623,0.3238,0.9302694201469421
10624,0.1815,0.9648671746253967
10625,0.2273,0.938220739364624
10626,0.2683,0.9311809539794922
10627,0.2391,0.9442946910858154
10628,0.2993,0.9238178730010986
10629,0.2072,0.9503610134124756
10630,0.2956,0.9208942651748657
10631,0.2982,0.9177966117858887
10632,0.2818,0.9310970306396484
10633,0.2653,0.9251824617385864
10634,0.2485,0.9350649118423462
10635,0.263,0.9323809742927551
10636,0.2647,0.9287804961204529
10637,0.3248,0.9158878326416016
10638,0.2456,0.9318637251853943
10639,0.3023,0.9183098673820496
10640,0.2192,0.9460020661354065
10641,0.1828,0.9504843950271606
10642,0.292,0.9275825619697571
10643,0.2084,0.9307262301445007
10644,0.2838,0.9384264349937439
10645,0.305,0.9177777767181396
10646,0.2561,0.9369158744812012
10647,0.2904,0.9228028655052185
10648,0.2553,0.9400978088378906
10649,0.2727,0.9330855011940002
10650,0.2828,0.9357045292854309
10651,0.3154,0.9366225600242615
10652,0.1456,0.9650793671607971
10653,0.1461,0.9694117903709412
10654,0.1601,0.9612492918968201
10655,0.2081,0.952168345451355
10656,0.3457,0.934877872467041
10657,0.1458,0.9654255509376526
10658,0.1396,0.9683098793029785
10659,0.2931,0.9210526347160339
10660,0.1952,0.9541608095169067
10661,0.211,0.9470338821411133
10662,0.2019,0.9465478658676147
10663,0.2153,0.9473684430122375
10664,0.1859,0.962139904499054
10665,0.1691,0.9646697640419006
10666,0.2177,0.9419847130775452
10667,0.2438,0.9413533806800842
10668,0.2832,0.9354581832885742
10669,0.3086,0.9335468411445618
10670,0.3019,0.9269027709960938
10671,0.1702,0.9580246806144714
10672,0.1548,0.9614417552947998
10673,0.1641,0.9552238583564758
10674,0.3453,0.9107866883277893
10675,0.2991,0.9333895444869995
10676,0.3017,0.9332762956619263
10677,0.2902,0.935771644115448
10678,0.2619,0.9310043454170227
10679,0.1867,0.9576427340507507
10680,0.3286,0.9168081283569336
10681,0.3139,0.9344115257263184
10682,0.289,0.9217557311058044
10683,0.3207,0.9241499304771423
10684,0.2413,0.9394221901893616
10685,0.2954,0.9346153736114502
10686,0.2255,0.9341723322868347
10687,0.3234,0.918738067150116
10688,0.1917,0.9469777345657349
10689,0.3165,0.9172482490539551
10690,0.2319,0.9482200741767883
10691,0.2279,0.9478168487548828
10692,0.271,0.940397322177887
10693,0.3088,0.9247881174087524
10694,0.2528,0.9334098696708679
10695,0.2552,0.9404900670051575
10696,0.2322,0.9345794320106506
10697,0.2302,0.9406060576438904
10698,0.2786,0.936067521572113
10699,0.2707,0.9301745891571045
10700,0.2499,0.9394347071647644
10701,0.3822,0.9094181060791016
10702,0.1596,0.9622025489807129
10703,0.165,0.9614561200141907
10704,0.1631,0.9631490707397461
10705,0.1437,0.9694397449493408
10706,0.1634,0.9603773355484009
10707,0.1554,0.963777482509613
10708,0.2134,0.9563567638397217
10709,0.1494,0.9658606052398682
10710,0.1672,0.9643356800079346
10711,0.1736,0.9573699235916138
10712,0.1954,0.954674243927002
10713,0.2019,0.9559884667396545
10714,0.3287,0.9193766713142395
10715,0.3052,0.9261795878410339
10716,0.2342,0.9402173757553101
10717,0.2698,0.9364598989486694
10718,0.2847,0.9357520937919617
10719,0.2793,0.9363416433334351
10720,0.2097,0.9422918558120728
10721,0.2271,0.9495666027069092
10722,0.3292,0.92332524061203
10723,0.2837,0.9283413887023926
10724,0.1865,0.9541596174240112
10725,0.2788,0.930134654045105
10726,0.2631,0.9354568123817444
10727,0.3022,0.9283216595649719
10728,0.2949,0.9370689392089844
10729,0.2784,0.9317773580551147
10730,0.3756,0.9086207151412964
10731,0.261,0.9392314553260803
10732,0.3314,0.9188939929008484
10733,0.2497,0.9322865605354309
10734,0.3404,0.9135802388191223
10735,0.26,0.9320865869522095
10736,0.2911,0.9263681769371033
10737,0.3093,0.9222118258476257
10738,0.2833,0.9229968786239624
10739,0.2641,0.9293032884597778
10740,0.305,0.9206030368804932
10741,0.2778,0.9330406188964844
10742,0.1852,0.9510807991027832
10743,0.2748,0.9241071343421936
10744,0.2661,0.9313953518867493
10745,0.2097,0.9397450685501099
10746,0.202,0.942514955997467
10747,0.2749,0.9262295365333557
10748,0.2969,0.9262499809265137
10749,0.3206,0.9183416962623596
10750,0.2501,0.9387186765670776
10751,0.2091,0.9476830959320068
10752,0.1645,0.9596735239028931
10753,0.1443,0.9636776447296143
10754,0.1607,0.9652736783027649
10755,0.1146,0.9691630005836487
10756,0.1424,0.9627329111099243
10757,0.1445,0.9690521955490112
10758,0.1629,0.9571884870529175
10759,0.2435,0.9420382380485535
10760,0.1697,0.9616477489471436
10761,0.1727,0.9580265283584595
10762,0.2117,0.9473324418067932
10763,0.218,0.9541353583335876
10764,0.2357,0.9394155144691467
10765,0.2238,0.9464958310127258
10766,0.2921,0.9261363744735718
10767,0.2195,0.9412225484848022
10768,0.2142,0.9495922923088074
10769,0.2942,0.9287812113761902
10770,0.1957,0.9566993713378906
10771,0.2758,0.9408283829689026
10772,0.2612,0.9435352087020874
10773,0.2893,0.9350862503051758
10774,0.2165,0.9423701167106628
10775,0.2495,0.936170220375061
10776,0.2116,0.9406113624572754
10777,0.3327,0.918875515460968
10778,0.217,0.9442922472953796
10779,0.2327,0.9377593398094177
10780,0.2447,0.9425878524780273
10781,0.2421,0.9344569444656372
10782,0.238,0.9385206699371338
10783,0.3031,0.9118673801422119
10784,0.2955,0.9288256168365479
10785,0.3583,0.9099264740943909
10786,0.2575,0.9303675293922424
10787,0.299,0.9359999895095825
10788,0.3268,0.9174129366874695
10789,0.2962,0.9290853142738342
10790,0.2816,0.929158091545105
10791,0.2264,0.9473684430122375
10792,0.3,0.9324758648872375
10793,0.2819,0.9291166663169861
10794,0.2693,0.9290540814399719
10795,0.2247,0.9412429332733154
10796,0.2442,0.9380214810371399
10797,0.3285,0.9256678223609924
10798,0.2777,0.9312499761581421
10799,0.3088,0.9306803345680237
10800,0.2961,0.9256198406219482
10801,0.2365,0.9386630058288574
10802,0.1388,0.9697443842887878
10803,0.1569,0.9609889984130859
10804,0.2155,0.9545454382896423
10805,0.0958,0.9719169735908508
10806,0.1824,0.9558182954788208
10807,0.2294,0.9509316682815552
10808,0.2214,0.9453480839729309
10809,0.2321,0.9437458515167236
10810,0.1757,0.9622641801834106
10811,0.1743,0.954935610294342
10812,0.1813,0.9552785754203796
10813,0.1788,0.96565181016922
10814,0.3136,0.930402934551239
10815,0.2738,0.9351032376289368
10816,0.2724,0.9291045069694519
10817,0.2011,0.9492697715759277
10818,0.2662,0.943498432636261
10819,0.2372,0.9368895292282104
10820,0.2543,0.9347319602966309
10821,0.272,0.9247720241546631
10822,0.2701,0.9393442869186401
10823,0.2155,0.9494333267211914
10824,0.2284,0.9374492168426514
10825,0.1658,0.9587719440460205
10826,0.2069,0.9462962746620178
10827,0.3204,0.921135663986206
10828,0.1833,0.9550045728683472
10829,0.239,0.9511520862579346
10830,0.3111,0.929964542388916
10831,0.3332,0.917422890663147
10832,0.2237,0.941121518611908
10833,0.2382,0.9371373057365417
10834,0.271,0.9332688450813293
10835,0.279,0.9375609755516052
10836,0.3146,0.9255419373512268
10837,0.2609,0.9344422817230225
10838,0.2299,0.9425641298294067
10839,0.3477,0.9157472252845764
10840,0.2501,0.9383634328842163
10841,0.2326,0.9404888153076172
10842,0.2962,0.9244060516357422
10843,0.2432,0.9303867220878601
10844,0.2942,0.9303370714187622
10845,0.2724,0.9318435788154602
10846,0.2503,0.9346793293952942
10847,0.2698,0.9362688064575195
10848,0.23,0.9444444179534912
10849,0.2899,0.9410288333892822
10850,0.2291,0.9383561611175537
10851,0.1134,0.9725747108459473
10852,0.3042,0.9342629313468933
10853,0.3985,0.9169199466705322
10854,0.1066,0.9744958281517029
10855,0.1186,0.9731850624084473
10856,0.1202,0.975576639175415
10857,0.1472,0.9682646989822388
10858,0.2649,0.9424983263015747
10859,0.1279,0.9698492288589478
10860,0.2435,0.9489796161651611
10861,0.1642,0.9539427757263184
10862,0.1766,0.9605839252471924
10863,0.1736,0.9615105390548706
10864,0.1706,0.9572039842605591
10865,0.2243,0.9458457231521606
10866,0.2079,0.9544000029563904
10867,0.2995,0.918663740158081
10868,0.1849,0.9506655931472778
10869,0.2284,0.9391171932220459
10870,0.1975,0.9487388134002686
10871,0.2166,0.9490968585014343
10872,0.1832,0.9551724195480347
10873,0.2256,0.9485903978347778
10874,0.2452,0.9379714727401733
10875,0.3051,0.9207221269607544
10876,0.2524,0.9387755393981934
10877,0.2717,0.9334471225738525
10878,0.2183,0.9436493515968323
10879,0.2928,0.9249793887138367
10880,0.2586,0.9246636629104614
10881,0.1948,0.9543147087097168
10882,0.3204,0.9254658222198486
10883,0.2781,0.9260948896408081
10884,0.3187,0.9282945990562439
10885,0.2794,0.9294871687889099
10886,0.2925,0.9335899949073792
10887,0.2653,0.9293532371520996
10888,0.3537,0.9103869795799255
10889,0.3602,0.9084576964378357
10890,0.2667,0.9251012206077576
10891,0.3378,0.920040488243103
10892,0.2262,0.9359391927719116
10893,0.1974,0.9421221613883972
10894,0.2405,0.9379844665527344
10895,0.2485,0.9351851940155029
10896,0.2722,0.918552041053772
10897,0.2476,0.9366028904914856
10898,0.3161,0.9257003664970398
10899,0.2719,0.9346405267715454
10900,0.2456,0.9431818127632141
10901,0.1515,0.9638826251029968
10902,0.1129,0.9734630584716797
10903,0.1359,0.9707950353622437
10904,0.2005,0.962837815284729
10905,0.1843,0.9608970880508423
10906,0.1538,0.9658011198043823
10907,0.1436,0.9682847857475281
10908,0.1637,0.9678321480751038
10909,0.2073,0.9539386034011841
10910,0.2215,0.9442934989929199
10911,0.2811,0.9341275691986084
10912,0.2106,0.9510385990142822
10913,0.2903,0.9297459125518799
10914,0.3395,0.9202797412872314
10915,0.2304,0.9371519684791565
10916,0.2616,0.9410413503646851
10917,0.333,0.9219858050346375
10918,0.2195,0.948445200920105
10919,0.3504,0.9275250434875488
10920,0.2689,0.9328743815422058
10921,0.2549,0.9411277174949646
10922,0.2779,0.9301164746284485
10923,0.2297,0.9476950168609619
10924,0.2306,0.9406028389930725
10925,0.2761,0.9304720759391785
10926,0.3054,0.9184691905975342
10927,0.2657,0.9309749603271484
10928,0.2908,0.9366869330406189
10929,0.3419,0.9214840531349182
10930,0.2015,0.9526569843292236
10931,0.2495,0.9412897229194641
10932,0.1948,0.9531872272491455
10933,0.2308,0.9421861171722412
10934,0.3228,0.9162303805351257
10935,0.2523,0.9348441958427429
10936,0.3136,0.9120234847068787
10937,0.306,0.9257087111473083
10938,0.2569,0.9392378926277161
10939,0.308,0.9269035458564758
10940,0.264,0.9347345232963562
10941,0.2727,0.9281997680664062
10942,0.2752,0.917977511882782
10943,0.2668,0.9363839030265808
10944,0.2729,0.9299435019493103
10945,0.2725,0.9330254197120667
10946,0.3216,0.9224537014961243
10947,0.275,0.926417350769043
10948,0.2322,0.9448529481887817
10949,0.3383,0.9269521236419678
10950,0.2269,0.9450704455375671
10951,0.1805,0.9599317908287048
10952,0.2144,0.9431657791137695
10953,0.1969,0.9609557390213013
10954,0.1895,0.9571014642715454
10955,0.0999,0.9767904281616211
10956,0.1848,0.9589201807975769
10957,0.2049,0.9499374032020569
10958,0.1612,0.9600812196731567
10959,0.3414,0.9141767621040344
10960,0.2089,0.9509733319282532
10961,0.2439,0.940443217754364
10962,0.3507,0.9047619104385376
10963,0.1963,0.9486803412437439
10964,0.2553,0.9387900233268738
10965,0.2484,0.9392386674880981
10966,0.2305,0.9515756964683533
10967,0.2161,0.9472879767417908
10968,0.1596,0.966812252998352
10969,0.3674,0.9195668697357178
10970,0.2449,0.9343185424804688
10971,0.1946,0.9505766034126282
10972,0.2133,0.9505862593650818
10973,0.2975,0.932584285736084
10974,0.259,0.9364575147628784
10975,0.3189,0.9247136116027832
10976,0.2112,0.9468085169792175
10977,0.2835,0.9226804375648499
10978,0.2184,0.9443954229354858
10979,0.3556,0.9129692912101746
10980,0.2605,0.9230064153671265
10981,0.2282,0.947418749332428
10982,0.2478,0.9442446231842041
10983,0.2026,0.9543726444244385
10984,0.1979,0.9552390575408936
10985,0.3022,0.927592933177948
10986,0.3026,0.927592933177948
10987,0.281,0.9324596524238586
10988,0.2908,0.9233098030090332
10989,0.2711,0.9325153231620789
10990,0.2383,0.9333333373069763
10991,0.3124,0.9254984259605408
10992,0.2524,0.9311110973358154
10993,0.3129,0.9252013564109802
10994,0.2782,0.9282407164573669
10995,0.2233,0.9335664510726929
10996,0.2404,0.9385150671005249
10997,0.2563,0.9349882006645203
10998,0.2818,0.9371921420097351
10999,0.2594,0.9334186911582947
11000,0.1793,0.9487179517745972
11001,0.1014,0.9789547324180603
11002,0.1774,0.9563130140304565
11003,0.1724,0.9642481803894043
11004,0.1473,0.9704996943473816
11005,0.1737,0.9593544602394104
11006,0.1418,0.9617756009101868
11007,0.1884,0.951361894607544
11008,0.1921,0.9508519172668457
11009,0.1712,0.9636608362197876
11010,0.2516,0.9368287920951843
11011,0.2116,0.9451678991317749
11012,0.2385,0.9386206865310669
11013,0.2027,0.9500356912612915
11014,0.1905,0.9547141790390015
11015,0.1832,0.9578866958618164
11016,0.1132,0.9726651310920715
11017,0.1723,0.9604261517524719
11018,0.2072,0.9558707475662231
11019,0.2008,0.9574638605117798
11020,0.2817,0.9297856688499451
11021,0.4303,0.8952029347419739
11022,0.2427,0.9351999759674072
11023,0.3123,0.9227129220962524
11024,0.2625,0.9354575276374817
11025,0.3451,0.9206225872039795
11026,0.2952,0.9309504628181458
11027,0.3281,0.926446259021759
11028,0.3154,0.9264943599700928
11029,0.3115,0.9180050492286682
11030,0.294,0.9294217824935913
11031,0.301,0.9316317439079285
11032,0.2692,0.9364485740661621
11033,0.3696,0.9072340130805969
11034,0.3748,0.9149130582809448
11035,0.3037,0.9306640625
11036,0.3206,0.9230769276618958
11037,0.2508,0.9378134608268738
11038,0.2644,0.9378818869590759
11039,0.295,0.9246231317520142
11040,0.2421,0.9401888847351074
11041,0.2473,0.9350372552871704
11042,0.2647,0.9335476756095886
11043,0.2903,0.9206703901290894
11044,0.2542,0.9308452010154724
11045,0.2652,0.9305388927459717
11046,0.2999,0.9230769276618958
11047,0.3168,0.9264877438545227
11048,0.3018,0.935815155506134
11049,0.2994,0.9202058911323547
11050,0.2277,0.9453237652778625
11051,0.1043,0.9767357110977173
11052,0.1601,0.9645593762397766
11053,0.1863,0.9542553424835205
11054,0.1513,0.9606866240501404
11055,0.1773,0.9591708779335022
11056,0.1129,0.9709228873252869
11057,0.1326,0.9697749018669128
11058,0.1825,0.9634641408920288
11059,0.1681,0.96293705701828
11060,0.1554,0.9646892547607422
11061,0.1766,0.9617646932601929
11062,0.3357,0.9220953583717346
11063,0.2297,0.9365954399108887
11064,0.2056,0.9493191838264465
11065,0.3004,0.9236583709716797
11066,0.2196,0.9433962106704712
11067,0.1647,0.9615384340286255
11068,0.2943,0.9298893213272095
11069,0.2759,0.9302147030830383
11070,0.2717,0.9375494122505188
11071,0.2449,0.9364016652107239
11072,0.2337,0.9333333373069763
11073,0.2288,0.9462279081344604
11074,0.23,0.9453924894332886
11075,0.2821,0.9208333492279053
11076,0.1846,0.9570895433425903
11077,0.2042,0.9539473652839661
11078,0.2175,0.9402319192886353
11079,0.2555,0.9265967607498169
11080,0.2215,0.9406934380531311
11081,0.2476,0.9336966276168823
11082,0.285,0.9298085570335388
11083,0.311,0.9126213788986206
11084,0.2926,0.9315991997718811
11085,0.2699,0.9326473474502563
11086,0.2958,0.9252601861953735
11087,0.251,0.9256689548492432
11088,0.329,0.9304603338241577
11089,0.2599,0.9370330572128296
11090,0.2754,0.9292307496070862
11091,0.3146,0.924508810043335
11092,0.2907,0.9315789341926575
11093,0.259,0.9371554851531982
11094,0.2121,0.937428891658783
11095,0.2362,0.9386281371116638
11096,0.2379,0.9350649118423462
11097,0.2868,0.9336550235748291
11098,0.2954,0.9306071996688843
11099,0.2625,0.9328165650367737
11100,0.3448,0.9137930870056152
11101,0.1865,0.9533817172050476
11102,0.1138,0.9730259776115417
11103,0.1535,0.9661399722099304
11104,0.2046,0.9496959447860718
11105,0.1971,0.9554367065429688
11106,0.1997,0.9595959782600403
11107,0.1205,0.9748510718345642
11108,0.1524,0.9676708579063416
11109,0.2128,0.9429529905319214
11110,0.1935,0.9533607959747314
11111,0.2188,0.9470338821411133
11112,0.2631,0.9380281567573547
11113,0.2018,0.9524158239364624
11114,0.2707,0.9355072379112244
11115,0.2512,0.9342010021209717
11116,0.1782,0.960629940032959
11117,0.2106,0.9481539726257324
11118,0.2721,0.9351778626441956
11119,0.2452,0.9321267008781433
11120,0.2909,0.931189239025116
11121,0.2854,0.9292929172515869
11122,0.209,0.9502948522567749
11123,0.3303,0.9162717461585999
11124,0.2945,0.9185484051704407
11125,0.2455,0.9415749311447144
11126,0.2133,0.9434782862663269
11127,0.2498,0.9410163164138794
11128,0.2726,0.9397163391113281
11129,0.2772,0.9270073175430298
11130,0.2759,0.9422018527984619
11131,0.271,0.9238263964653015
11132,0.2929,0.9225746393203735
11133,0.2742,0.9313543438911438
11134,0.3435,0.907216489315033
11135,0.2283,0.9385796785354614
11136,0.2886,0.9236714839935303
11137,0.285,0.9302554130554199
11138,0.2408,0.9397590160369873
11139,0.2677,0.9297893643379211
11140,0.2716,0.9430379867553711
11141,0.2258,0.9320388436317444
11142,0.2985,0.9224043488502502
11143,0.2464,0.9343148469924927
11144,0.2916,0.9274725317955017
11145,0.2705,0.9300118684768677
11146,0.2279,0.9471789002418518
11147,0.302,0.9266272187232971
11148,0.2585,0.9399510025978088
11149,0.2702,0.9329962134361267
11150,0.2749,0.9275766015052795
11151,0.0927,0.979373574256897
11152,0.1202,0.9743842482566833
11153,0.1302,0.9735991358757019
11154,0.1189,0.9743150472640991
11155,0.1829,0.9603126645088196
11156,0.4487,0.8984375
11157,0.2099,0.9534264802932739
11158,0.1819,0.9588671326637268
11159,0.2071,0.9516339898109436
11160,0.2984,0.929474413394928
11161,0.2094,0.9538799524307251
11162,0.3439,0.9325762987136841
11163,0.2432,0.9425801634788513
11164,0.2354,0.940708577632904
11165,0.1929,0.9520494937896729
11166,0.1716,0.9610282182693481
11167,0.2507,0.935272753238678
11168,0.2537,0.9355358481407166
11169,0.1761,0.956889271736145
11170,0.3156,0.9260143041610718
11171,0.2222,0.9411764740943909
11172,0.1977,0.9448160529136658
11173,0.3023,0.9266932010650635
11174,0.2872,0.9309462904930115
11175,0.1912,0.9504950642585754
11176,0.2576,0.9341421127319336
11177,0.3391,0.9159733653068542
11178,0.2814,0.934937596321106
11179,0.323,0.9142091274261475
11180,0.3424,0.9168125987052917
11181,0.3108,0.9198113083839417
11182,0.2239,0.9333333373069763
11183,0.3338,0.910909116268158
11184,0.2567,0.9402834177017212
11185,0.3399,0.9076773524284363
11186,0.3148,0.9181117415428162
11187,0.2685,0.9351297616958618
11188,0.2821,0.942208468914032
11189,0.2724,0.9220647811889648
11190,0.3288,0.9113401770591736
11191,0.2506,0.927489161491394
11192,0.2368,0.9415010809898376
11193,0.2417,0.9337822794914246
11194,0.2563,0.9258849620819092
11195,0.228,0.9351100921630859
11196,0.2613,0.9265060424804688
11197,0.2334,0.9360613822937012
11198,0.3347,0.9150000214576721
11199,0.2566,0.9353561997413635
11200,0.3041,0.9347180724143982
11201,0.3436,0.9197031259536743
11202,0.1264,0.9726027250289917
11203,0.1735,0.9586777091026306
11204,0.1908,0.9588035941123962
11205,0.1366,0.9690533876419067
11206,0.1672,0.9664732217788696
11207,0.2744,0.9358582496643066
11208,0.1389,0.9725463390350342
11209,0.2115,0.9499304294586182
11210,0.1913,0.9583333134651184
11211,0.2778,0.9434219598770142
11212,0.1771,0.9607017636299133
11213,0.1076,0.9760617613792419
11214,0.1646,0.9620742797851562
11215,0.1915,0.9470587968826294
11216,0.1898,0.9539422392845154
11217,0.3189,0.9183370471000671
11218,0.3007,0.9336283206939697
11219,0.2333,0.9356032609939575
11220,0.2355,0.9396751523017883
11221,0.1869,0.9548386931419373
11222,0.2887,0.9263157844543457
11223,0.1828,0.9592006802558899
11224,0.3061,0.9326298832893372
11225,0.325,0.9132530093193054
11226,0.2734,0.9257425665855408
11227,0.1878,0.9544211626052856
11228,0.2544,0.938971221446991
11229,0.2621,0.9298245906829834
11230,0.3088,0.9287598729133606
11231,0.2658,0.9356943368911743
11232,0.2729,0.9177449345588684
11233,0.2475,0.9404537081718445
11234,0.2703,0.939047634601593
11235,0.3635,0.9091751575469971
11236,0.3208,0.9257143139839172
11237,0.2754,0.9354187846183777
11238,0.3273,0.9177665114402771
11239,0.3154,0.9358569979667664
11240,0.2821,0.9334049224853516
11241,0.3392,0.917894721031189
11242,0.2701,0.9315217137336731
11243,0.1978,0.949999988079071
11244,0.2694,0.9320046901702881
11245,0.3388,0.9233409762382507
11246,0.2812,0.9347568154335022
11247,0.2729,0.9260172843933105
11248,0.296,0.9275904893875122
11249,0.3115,0.9178255200386047
11250,0.2725,0.9246088266372681
11251,0.0819,0.9788608551025391
11252,0.1406,0.9672280550003052
11253,0.1109,0.9748221039772034
11254,0.1439,0.9699332118034363
11255,0.1156,0.9722222089767456
11256,0.1244,0.9690909385681152
11257,0.1852,0.9532710313796997
11258,0.162,0.9614630937576294
11259,0.2054,0.948952853679657
11260,0.1742,0.9670329689979553
11261,0.2907,0.9322580695152283
11262,0.216,0.9510395526885986
11263,0.3012,0.9267605543136597
11264,0.2805,0.9291725158691406
11265,0.2427,0.9427773952484131
11266,0.2074,0.951816737651825
11267,0.1754,0.949921727180481
11268,0.2373,0.9536370635032654
11269,0.2345,0.9388545155525208
11270,0.2414,0.9446969628334045
11271,0.3089,0.9289660453796387
11272,0.205,0.9538066983222961
11273,0.1498,0.9598976373672485
11274,0.3059,0.9168664813041687
11275,0.2263,0.9423868060112
11276,0.2938,0.9185126423835754
11277,0.2326,0.945518434047699
11278,0.268,0.9310058355331421
11279,0.2945,0.9276486039161682
11280,0.2916,0.9364368915557861
11281,0.2926,0.9325432777404785
11282,0.3014,0.9332715272903442
11283,0.3051,0.9179304242134094
11284,0.3429,0.9090909361839294
11285,0.3263,0.9140698909759521
11286,0.2707,0.9310009479522705
11287,0.2099,0.9455851912498474
11288,0.3199,0.9052631855010986
11289,0.2753,0.926188051700592
11290,0.3074,0.9334027171134949
11291,0.2684,0.9331175684928894
11292,0.1972,0.9445701241493225
11293,0.2909,0.9272727370262146
11294,0.2164,0.9383155107498169
11295,0.31,0.9284890294075012
11296,0.2162,0.940334141254425
11297,0.2363,0.9510740041732788
11298,0.3412,0.9283950328826904
11299,0.2224,0.9532085657119751
11300,0.2417,0.942215085029602
11301,0.1071,0.9799394607543945
11302,0.1551,0.9648689031600952
11303,0.1697,0.9653244018554688
11304,0.1828,0.9584221839904785
11305,0.136,0.9735824465751648
11306,0.1293,0.9700934290885925
11307,0.221,0.9458763003349304
11308,0.1776,0.9583600163459778
11309,0.2376,0.9491193890571594
11310,0.2148,0.9508196711540222
11311,0.1831,0.9458128213882446
11312,0.2062,0.9524158239364624
11313,0.2377,0.9409593939781189
11314,0.2351,0.9384164214134216
11315,0.2696,0.9316725730895996
11316,0.2349,0.9352465271949768
11317,0.2641,0.9380664825439453
11318,0.1961,0.9557014107704163
11319,0.2432,0.9331703186035156
11320,0.2276,0.9379032254219055
11321,0.2833,0.9281678795814514
11322,0.2279,0.9442198872566223
11323,0.3071,0.9150793552398682
11324,0.3781,0.9110738039016724
11325,0.2783,0.9312393665313721
11326,0.2484,0.942241370677948
11327,0.2585,0.929492712020874
11328,0.3107,0.9188033938407898
11329,0.2541,0.9336134195327759
11330,0.3671,0.9030354022979736
11331,0.3454,0.9088518619537354
11332,0.3083,0.9286971688270569
11333,0.2778,0.9298245906829834
11334,0.279,0.9326473474502563
11335,0.3082,0.9232901930809021
11336,0.2854,0.9312748908996582
11337,0.2746,0.9368420839309692
11338,0.2556,0.9358451962471008
11339,0.3082,0.9299362897872925
11340,0.2783,0.9297520518302917
11341,0.2276,0.9406047463417053
11342,0.2513,0.9417142868041992
11343,0.3,0.9329608678817749
11344,0.2771,0.9241223335266113
11345,0.2809,0.9191918969154358
11346,0.2423,0.9392133355140686
11347,0.1945,0.9524999856948853
11348,0.3146,0.9256097674369812
11349,0.3333,0.9214929342269897
11350,0.2265,0.9429763555526733
11351,0.3378,0.9233139157295227
11352,0.1575,0.96546471118927
11353,0.1595,0.9647887349128723
11354,0.1433,0.9703153967857361
11355,0.1825,0.9528639912605286
11356,0.1746,0.9557692408561707
11357,0.1576,0.9606141448020935
11358,0.1486,0.9684931635856628
11359,0.263,0.932467520236969
11360,0.3291,0.9270620346069336
11361,0.3513,0.9178263545036316
11362,0.2171,0.9416208863258362
11363,0.2492,0.9404677748680115
11364,0.2377,0.9481202960014343
11365,0.2347,0.94386225938797
11366,0.2082,0.9452471733093262
11367,0.2257,0.9397590160369873
11368,0.1106,0.9696223139762878
11369,0.2647,0.9317460060119629
11370,0.1599,0.9595141410827637
11371,0.3297,0.9128696918487549
11372,0.3371,0.909439742565155
11373,0.261,0.9295546412467957
11374,0.2635,0.9356435537338257
11375,0.2482,0.9445910453796387
11376,0.1947,0.9587444067001343
11377,0.2303,0.9459698796272278
11378,0.3053,0.930232584476471
11379,0.2795,0.9252577424049377
11380,0.2191,0.9434661865234375
11381,0.2893,0.929170548915863
11382,0.2363,0.9322493076324463
11383,0.3161,0.9201793670654297
11384,0.2804,0.9268738627433777
11385,0.259,0.9338014125823975
11386,0.3037,0.9138576984405518
11387,0.2604,0.9324853420257568
11388,0.3375,0.9184629917144775
11389,0.3121,0.9250253438949585
11390,0.242,0.9301847815513611
11391,0.2325,0.9429494142532349
11392,0.2882,0.9353778958320618
11393,0.2626,0.9302586913108826
11394,0.3176,0.9119565486907959
11395,0.2774,0.9253393411636353
11396,0.1888,0.9443128108978271
11397,0.2752,0.9248826503753662
11398,0.2525,0.9324324131011963
11399,0.3037,0.9325000047683716
11400,0.2883,0.9319826364517212
11401,0.0934,0.9812173843383789
11402,0.1325,0.9694174528121948
11403,0.1098,0.975995659828186
11404,0.1943,0.952355146408081
11405,0.1191,0.9736546874046326
11406,0.1546,0.9666464328765869
11407,0.1355,0.9654731750488281
11408,0.1922,0.9468749761581421
11409,0.2297,0.9429312348365784
11410,0.2018,0.9520167112350464
11411,0.2465,0.9413723945617676
11412,0.1867,0.9476622343063354
11413,0.3129,0.92277991771698
11414,0.2296,0.9422382712364197
11415,0.2045,0.9430091381072998
11416,0.2887,0.924895703792572
11417,0.2446,0.9416282773017883
11418,0.2617,0.9307228922843933
11419,0.1506,0.9639564156532288
11420,0.232,0.9498007893562317
11421,0.3033,0.923930287361145
11422,0.2748,0.925212025642395
11423,0.2345,0.9442622661590576
11424,0.2739,0.9248417615890503
11425,0.2543,0.936170220375061
11426,0.2381,0.9408181309700012
11427,0.2796,0.924587607383728
11428,0.2576,0.9381625652313232
11429,0.3139,0.9164012670516968
11430,0.2735,0.9326333999633789
11431,0.3433,0.9064327478408813
11432,0.3119,0.9301121830940247
11433,0.256,0.9287003874778748
11434,0.204,0.9504854083061218
11435,0.2231,0.9384309649467468
11436,0.266,0.9306243658065796
11437,0.2925,0.9218031167984009
11438,0.3304,0.9163306355476379
11439,0.2979,0.9278897047042847
11440,0.2818,0.9318181872367859
11441,0.274,0.9273104667663574
11442,0.2643,0.9222344160079956
11443,0.2812,0.9363128542900085
11444,0.1955,0.945348858833313
11445,0.2646,0.9173272848129272
11446,0.2536,0.9367945790290833
11447,0.3611,0.9116607904434204
11448,0.31,0.9182927012443542
11449,0.2742,0.9288486242294312
11450,0.1534,0.961077868938446
11451,0.1109,0.9741212725639343
11452,0.1297,0.9691796898841858
11453,0.1094,0.9742212891578674
11454,0.1161,0.9727693796157837
11455,0.1573,0.9630769491195679
11456,0.2548,0.9402697682380676
11457,0.131,0.9697368144989014
11458,0.2015,0.9547635316848755
11459,0.1004,0.9764705896377563
11460,0.2273,0.9486623406410217
11461,0.1805,0.9528718590736389
11462,0.3381,0.9270758032798767
11463,0.1725,0.953184962272644
11464,0.2752,0.9364499449729919
11465,0.1695,0.9598997235298157
11466,0.3159,0.9236260056495667
11467,0.2702,0.9336889982223511
11468,0.2902,0.931902289390564
11469,0.2129,0.9516423344612122
11470,0.2804,0.9238461256027222
11471,0.2233,0.941226601600647
11472,0.2657,0.936170220375061
11473,0.2282,0.9356477856636047
11474,0.1896,0.9495128393173218
11475,0.3365,0.9189627170562744
11476,0.2549,0.9288929104804993
11477,0.286,0.9280270934104919
11478,0.2493,0.9373865723609924
11479,0.1817,0.951171875
11480,0.2903,0.936170220375061
11481,0.2797,0.9268069267272949
11482,0.2933,0.9264844655990601
11483,0.2705,0.9236640930175781
11484,0.293,0.9308357238769531
11485,0.2587,0.921531081199646
11486,0.2251,0.9388379454612732
11487,0.2268,0.9508021473884583
11488,0.286,0.9219067096710205
11489,0.2501,0.9365079402923584
11490,0.3021,0.9272727370262146
11491,0.2284,0.9440789222717285
11492,0.2875,0.9327548742294312
11493,0.2382,0.9392856955528259
11494,0.2471,0.9396051168441772
11495,0.3035,0.9245495200157166
11496,0.2632,0.9379475116729736
11497,0.2835,0.9342891573905945
11498,0.2445,0.9414694905281067
11499,0.2978,0.9348658919334412
11500,0.2226,0.9482993483543396
11501,0.1906,0.9563981294631958
11502,0.2164,0.9492003917694092
11503,0.189,0.9555449485778809
11504,0.1693,0.9674556255340576
11505,0.1419,0.9676064848899841
11506,0.1438,0.9668155908584595
11507,0.1735,0.9594594836235046
11508,0.15,0.9643320441246033
11509,0.1797,0.9588859677314758
11510,0.1872,0.9523169994354248
11511,0.274,0.9309231638908386
11512,0.2195,0.9538043737411499
11513,0.2051,0.9486638307571411
11514,0.1905,0.9526836276054382
11515,0.2544,0.9392491579055786
11516,0.1855,0.9536621570587158
11517,0.2028,0.9451263546943665
11518,0.2307,0.9378357529640198
11519,0.2187,0.9430091381072998
11520,0.3038,0.9199395775794983
11521,0.2504,0.9361198544502258
11522,0.3142,0.9240601658821106
11523,0.183,0.9560246467590332
11524,0.2598,0.9428104758262634
11525,0.2504,0.9372822046279907
11526,0.2552,0.939014196395874
11527,0.2512,0.939393937587738
11528,0.2515,0.9257425665855408
11529,0.2015,0.9441441297531128
11530,0.2133,0.9513564109802246
11531,0.2248,0.9417744874954224
11532,0.3739,0.9153713583946228
11533,0.2073,0.9494128227233887
11534,0.2229,0.9483082890510559
11535,0.3323,0.9122036695480347
11536,0.3203,0.9255813956260681
11537,0.1787,0.9535353779792786
11538,0.3772,0.9058501124382019
11539,0.2416,0.9356846213340759
11540,0.318,0.9284273982048035
11541,0.2316,0.936918318271637
11542,0.2919,0.9213362336158752
11543,0.3172,0.9294652938842773
11544,0.2677,0.9280089735984802
11545,0.305,0.9285714030265808
11546,0.274,0.9300458431243896
11547,0.2326,0.9469964504241943
11548,0.2644,0.9420289993286133
11549,0.2852,0.9290322661399841
11550,0.1962,0.9505094885826111
11551,0.0577,0.9843382835388184
11552,0.1827,0.9527198672294617
11553,0.1418,0.9665753245353699
11554,0.3023,0.9353099465370178
11555,0.1113,0.976729154586792
11556,0.1681,0.9600760340690613
11557,0.1998,0.9520876407623291
11558,0.1807,0.9502018690109253
11559,0.1852,0.9595082998275757
11560,0.2142,0.9529010057449341
11561,0.2256,0.9429945349693298
11562,0.225,0.9376750588417053
11563,0.2627,0.9367088675498962
11564,0.2781,0.9272468090057373
11565,0.2626,0.9352051615715027
11566,0.1993,0.9580364227294922
11567,0.2948,0.9225199222564697
11568,0.2151,0.9519152641296387
11569,0.2134,0.9449252486228943
11570,0.2867,0.926076352596283
11571,0.3387,0.9169992208480835
11572,0.2016,0.9572338461875916
11573,0.3252,0.917475700378418
11574,0.2234,0.9453744292259216
11575,0.2239,0.9410234093666077
11576,0.3373,0.9266784191131592
11577,0.2516,0.9442922472953796
11578,0.2465,0.9348416328430176
11579,0.2818,0.931506872177124
11580,0.2666,0.936550498008728
11581,0.2486,0.9333333373069763
11582,0.2663,0.9370952844619751
11583,0.3118,0.9273422360420227
11584,0.2413,0.934108555316925
11585,0.3559,0.9115384817123413
11586,0.2037,0.9410526156425476
11587,0.239,0.9438085556030273
11588,0.2882,0.9245472550392151
11589,0.2275,0.9436325430870056
11590,0.1862,0.9478827118873596
11591,0.2565,0.9411764740943909
11592,0.3063,0.9269356727600098
11593,0.3178,0.9111360907554626
11594,0.2129,0.9399293065071106
11595,0.2583,0.9403669834136963
11596,0.2526,0.9263521432876587
11597,0.3188,0.9100591540336609
11598,0.2674,0.9399744868278503
11599,0.279,0.928121030330658
11600,0.3043,0.9284603595733643
11601,0.1078,0.9737206101417542
11602,0.111,0.9734867215156555
11603,0.1528,0.9591731429100037
11604,0.1625,0.962104082107544
11605,0.1886,0.9565992951393127
11606,0.1474,0.9638258814811707
11607,0.2758,0.9338892102241516
11608,0.1543,0.9720559120178223
11609,0.241,0.9416195750236511
11610,0.2406,0.9433465003967285
11611,0.2063,0.948855996131897
11612,0.2327,0.9488078355789185
11613,0.1447,0.9611436724662781
11614,0.2456,0.9319180250167847
11615,0.2357,0.9373239278793335
11616,0.181,0.9515246152877808
11617,0.2505,0.9382807016372681
11618,0.2602,0.9418696165084839
11619,0.1979,0.9465944170951843
11620,0.2649,0.935742974281311
11621,0.1623,0.9557822942733765
11622,0.1743,0.9614065289497375
11623,0.241,0.946631669998169
11624,0.2273,0.9394190907478333
11625,0.2904,0.9278267621994019
11626,0.3136,0.922120988368988
11627,0.2498,0.9419299960136414
11628,0.3008,0.9291958212852478
11629,0.232,0.9373321533203125
11630,0.1945,0.9470198750495911
11631,0.3131,0.9230769276618958
11632,0.2324,0.946768045425415
11633,0.3343,0.9158547520637512
11634,0.2405,0.9372586607933044
11635,0.2062,0.9434523582458496
11636,0.2335,0.9349349141120911
11637,0.269,0.9313346147537231
11638,0.1818,0.9520333409309387
11639,0.2389,0.9482948184013367
11640,0.2827,0.9339622855186462
11641,0.2581,0.930425763130188
11642,0.2758,0.9276315569877625
11643,0.2619,0.9245901703834534
11644,0.243,0.9342560768127441
11645,0.2648,0.9276546239852905
11646,0.2231,0.9388489127159119
11647,0.2026,0.9484029412269592
11648,0.2562,0.9390243887901306
11649,0.2799,0.9203084707260132
11650,0.2948,0.9279999732971191
11651,0.1182,0.9787319302558899
11652,0.0992,0.9812087416648865
11653,0.1796,0.954935610294342
11654,0.1947,0.9550502300262451
11655,0.19,0.9584605693817139
11656,0.1354,0.9694085717201233
11657,0.1943,0.9478442072868347
11658,0.3065,0.9405080080032349
11659,0.2094,0.9477911591529846
11660,0.2018,0.9387186765670776
11661,0.1626,0.9604316353797913
11662,0.2184,0.9497717022895813
11663,0.1835,0.9515518546104431
11664,0.2185,0.9489051103591919
11665,0.3359,0.9130741953849792
11666,0.1442,0.9684210419654846
11667,0.2344,0.9491255879402161
11668,0.209,0.946841299533844
11669,0.2249,0.9500846266746521
11670,0.2174,0.9456342458724976
11671,0.2698,0.9346656203269958
11672,0.258,0.9299415946006775
11673,0.2816,0.9184314012527466
11674,0.2616,0.943379819393158
11675,0.309,0.9350982308387756
11676,0.2409,0.9435185194015503
11677,0.306,0.9280821681022644
11678,0.2811,0.9219798445701599
11679,0.291,0.9151670932769775
11680,0.2096,0.9454713463783264
11681,0.2613,0.9258266091346741
11682,0.2992,0.9239032864570618
11683,0.2432,0.9317535758018494
11684,0.3072,0.9224299192428589
11685,0.3084,0.9268527626991272
11686,0.239,0.9338598251342773
11687,0.2789,0.9262213110923767
11688,0.2611,0.9393628239631653
11689,0.2475,0.9324462413787842
11690,0.2284,0.9412955641746521
11691,0.2365,0.9294605851173401
11692,0.2567,0.9367631077766418
11693,0.3429,0.908306360244751
11694,0.2905,0.9327548742294312
11695,0.3016,0.9270833134651184
11696,0.2353,0.9419589042663574
11697,0.2424,0.9352428317070007
11698,0.2696,0.9304878115653992
11699,0.2547,0.9372549057006836
11700,0.2435,0.9441930651664734
11701,0.1287,0.9679999947547913
11702,0.1143,0.9722772240638733
11703,0.1417,0.9722549915313721
11704,0.17,0.9606708884239197
11705,0.1586,0.9641088843345642
11706,0.1419,0.9650302529335022
11707,0.1388,0.96712327003479
11708,0.1672,0.9625595808029175
11709,0.2524,0.9400544762611389
11710,0.1585,0.9615668654441833
11711,0.2545,0.9365954399108887
11712,0.2193,0.9521568417549133
11713,0.1984,0.9556260108947754
11714,0.1599,0.9600651860237122
11715,0.2727,0.9390708208084106
11716,0.2286,0.9379310607910156
11717,0.2161,0.9486755132675171
11718,0.1768,0.9595709443092346
11719,0.1834,0.9567700028419495
11720,0.2333,0.9443521499633789
11721,0.1453,0.9683257937431335
11722,0.2594,0.9265305995941162
11723,0.2186,0.9434276223182678
11724,0.2068,0.9440559148788452
11725,0.3425,0.9163314700126648
11726,0.167,0.9568345546722412
11727,0.3231,0.9213483333587646
11728,0.2613,0.9294425249099731
11729,0.314,0.9286987781524658
11730,0.2659,0.9314140677452087
11731,0.3011,0.9288929104804993
11732,0.2671,0.9282470345497131
11733,0.2123,0.9424951076507568
11734,0.2718,0.9375582337379456
11735,0.269,0.9304603338241577
11736,0.3295,0.9167502522468567
11737,0.3101,0.9239881634712219
11738,0.2901,0.9261603355407715
11739,0.2827,0.926188051700592
11740,0.2995,0.9219934940338135
11741,0.1649,0.9524862170219421
11742,0.2382,0.934684693813324
11743,0.1931,0.9508196711540222
11744,0.2253,0.9325714111328125
11745,0.2425,0.9341801404953003
11746,0.2941,0.9212051033973694
11747,0.2212,0.9410256147384644
11748,0.27,0.9422604441642761
11749,0.2538,0.9344262480735779
11750,0.2346,0.927344799041748
11751,0.1284,0.9697198867797852
11752,0.1296,0.9674220681190491
11753,0.1293,0.9672977328300476
11754,0.1739,0.9616036415100098
11755,0.1263,0.9737011194229126
11756,0.2132,0.950300395488739
11757,0.2817,0.9320732355117798
11758,0.2457,0.9377777576446533
11759,0.1684,0.9619492888450623
11760,0.2154,0.9490616917610168
11761,0.2158,0.9484260082244873
11762,0.2492,0.9396491050720215
11763,0.2116,0.9503649473190308
11764,0.2619,0.9326988458633423
11765,0.2366,0.9453303217887878
11766,0.2096,0.9501915574073792
11767,0.1683,0.9576138257980347
11768,0.1992,0.9477668404579163
11769,0.2748,0.9281935095787048
11770,0.1985,0.9478402733802795
11771,0.1625,0.9598976373672485
11772,0.3581,0.923383891582489
11773,0.1584,0.9624454379081726
11774,0.2598,0.9323553442955017
11775,0.2296,0.9400843977928162
11776,0.3501,0.9108659029006958
11777,0.1812,0.9535714387893677
11778,0.3052,0.9209855794906616
11779,0.2529,0.9329897165298462
11780,0.2507,0.9356883764266968
11781,0.3258,0.9139596223831177
11782,0.3025,0.9194079041481018
11783,0.2362,0.9438305497169495
11784,0.2283,0.9463937878608704
11785,0.2563,0.9302544593811035
11786,0.2343,0.9350775480270386
11787,0.2938,0.9234543442726135
11788,0.2353,0.9412331581115723
11789,0.2997,0.9316154718399048
11790,0.1961,0.9446808695793152
11791,0.321,0.9243070483207703
11792,0.2622,0.9305103421211243
11793,0.3447,0.9200000166893005
11794,0.2343,0.934684693813324
11795,0.2284,0.9400665760040283
11796,0.2714,0.9352179169654846
11797,0.2748,0.9289805293083191
11798,0.1826,0.9489672183990479
11799,0.2468,0.9376623630523682
11800,0.2238,0.9352617263793945
11801,0.0952,0.9762242436408997
11802,0.1234,0.9710366129875183
11803,0.1903,0.9543478488922119
11804,0.1396,0.966585636138916
11805,0.0901,0.9789540767669678
11806,0.1908,0.957590639591217
11807,0.1671,0.9539857506752014
11808,0.1892,0.9501347541809082
11809,0.169,0.9648745656013489
11810,0.2863,0.9297752976417542
11811,0.1699,0.9590517282485962
11812,0.2004,0.9470198750495911
11813,0.201,0.94985032081604
11814,0.2889,0.9357729554176331
11815,0.1807,0.9553030133247375
11816,0.3005,0.9322168827056885
11817,0.2073,0.9531915187835693
11818,0.255,0.9427450895309448
11819,0.2534,0.9441860318183899
11820,0.2198,0.9512194991111755
11821,0.3583,0.8941605687141418
11822,0.3283,0.9151090383529663
11823,0.25,0.9402356743812561
11824,0.2185,0.9411764740943909
11825,0.2888,0.9262152910232544
11826,0.2666,0.9332762956619263
11827,0.2234,0.936170220375061
11828,0.3082,0.9287671446800232
11829,0.2238,0.9411231875419617
11830,0.3293,0.9153005480766296
11831,0.2591,0.9399224519729614
11832,0.2517,0.93388432264328
11833,0.219,0.9521912336349487
11834,0.395,0.9157088398933411
11835,0.2002,0.9483614563941956
11836,0.3357,0.9259961843490601
11837,0.2039,0.9372340440750122
11838,0.2526,0.9341825842857361
11839,0.2265,0.9296375513076782
11840,0.22,0.937432587146759
11841,0.3384,0.9183456897735596
11842,0.2428,0.9451754093170166
11843,0.1665,0.9604191184043884
11844,0.2696,0.9318448901176453
11845,0.2137,0.9517078995704651
11846,0.3017,0.922897219657898
11847,0.2951,0.9300613403320312
11848,0.283,0.9242053627967834
11849,0.2533,0.9416342377662659
11850,0.2641,0.939577043056488
11851,0.0959,0.9800724387168884
11852,0.1507,0.9695929288864136
11853,0.1488,0.9653998613357544
11854,0.1809,0.9641176462173462
11855,0.1574,0.9545737504959106
11856,0.1601,0.9601286053657532
11857,0.2163,0.9491961598396301
11858,0.2064,0.9478147625923157
11859,0.1428,0.9665697813034058
11860,0.1937,0.9561994671821594
11861,0.207,0.952479362487793
11862,0.2807,0.92594975233078
11863,0.1972,0.9522760510444641
11864,0.2899,0.9275578856468201
11865,0.2531,0.9420186281204224
11866,0.1975,0.9491267800331116
11867,0.2832,0.9289855360984802
11868,0.1968,0.9536321759223938
11869,0.2145,0.948235273361206
11870,0.2266,0.9474979639053345
11871,0.1984,0.9529914259910583
11872,0.254,0.9358766078948975
11873,0.1613,0.9616695046424866
11874,0.2711,0.9352640509605408
11875,0.2254,0.9503985643386841
11876,0.1914,0.9535080194473267
11877,0.3098,0.917711615562439
11878,0.3046,0.9180601835250854
11879,0.2854,0.9261168241500854
11880,0.2657,0.9364368915557861
11881,0.3015,0.92328280210495
11882,0.1993,0.942344069480896
11883,0.2758,0.9306466579437256
11884,0.2653,0.9387370347976685
11885,0.3522,0.910815954208374
11886,0.3053,0.9273422360420227
11887,0.2185,0.9376218318939209
11888,0.2457,0.9373716711997986
11889,0.2657,0.9364407062530518
11890,0.247,0.9284210801124573
11891,0.2682,0.9356783628463745
11892,0.2356,0.9287257194519043
11893,0.2061,0.9458850026130676
11894,0.289,0.9371428489685059
11895,0.2816,0.9355932474136353
11896,0.2393,0.9336493015289307
11897,0.1995,0.9432799220085144
11898,0.3036,0.9259259104728699
11899,0.2399,0.9443725943565369
11900,0.2229,0.9401360750198364
11901,0.1263,0.973142683506012
11902,0.1231,0.970118522644043
11903,0.1487,0.9698890447616577
11904,0.1179,0.9733495116233826
11905,0.1186,0.9768652319908142
11906,0.1168,0.9735654592514038
11907,0.127,0.9738780856132507
11908,0.1547,0.9681528806686401
11909,0.2245,0.9503311514854431
11910,0.139,0.969525158405304
11911,0.1954,0.9508867859840393
11912,0.1676,0.9604105353355408
11913,0.1715,0.9583920836448669
11914,0.1996,0.9462365508079529
11915,0.1606,0.9597156643867493
11916,0.2156,0.947169840335846
11917,0.1742,0.9573973417282104
11918,0.182,0.9561200737953186
11919,0.1711,0.9599074721336365
11920,0.2918,0.9268115758895874
11921,0.2029,0.9425837397575378
11922,0.2824,0.9312452077865601
11923,0.2856,0.9305019378662109
11924,0.2676,0.930232584476471
11925,0.2856,0.9318735003471375
11926,0.294,0.9215359091758728
11927,0.2957,0.9307432174682617
11928,0.2559,0.9289891123771667
11929,0.2367,0.9364368915557861
11930,0.2304,0.9415094256401062
11931,0.2872,0.9328097701072693
11932,0.2737,0.9252251982688904
11933,0.2671,0.9302973747253418
11934,0.3436,0.9109461903572083
11935,0.3053,0.9269406199455261
11936,0.2167,0.9480651617050171
11937,0.3479,0.9187912940979004
11938,0.2716,0.9373103976249695
11939,0.2661,0.9223790168762207
11940,0.2398,0.9422459602355957
11941,0.2321,0.9357218146324158
11942,0.2361,0.9334085583686829
11943,0.2684,0.9245495200157166
11944,0.2521,0.9370629191398621
11945,0.2667,0.936904788017273
11946,0.3008,0.9246171712875366
11947,0.2767,0.9220463037490845
11948,0.2805,0.9226932525634766
11949,0.3128,0.9174311757087708
11950,0.2755,0.9388646483421326
11951,0.1111,0.9715621471405029
11952,0.1286,0.9724770784378052
11953,0.1791,0.9576399326324463
11954,0.1773,0.9611597657203674
11955,0.1466,0.9672130942344666
11956,0.2739,0.9366863965988159
11957,0.1675,0.9626229405403137
11958,0.2007,0.9529638886451721
11959,0.2551,0.936274528503418
11960,0.2803,0.9301861524581909
11961,0.1677,0.9620615839958191
11962,0.2864,0.9184993505477905
11963,0.3303,0.9185489416122437
11964,0.2288,0.9467930197715759
11965,0.2204,0.9458646774291992
11966,0.1908,0.9514331221580505
11967,0.2746,0.9375476241111755
11968,0.3412,0.9173313975334167
11969,0.1792,0.9527999758720398
11970,0.2712,0.9303797483444214
11971,0.2257,0.9425101280212402
11972,0.2613,0.9364686608314514
11973,0.2115,0.9506173133850098
11974,0.2585,0.9356966018676758
11975,0.2389,0.9375549554824829
11976,0.1717,0.9578368663787842
11977,0.2816,0.9295039176940918
11978,0.2603,0.9394205212593079
11979,0.2553,0.9435850977897644
11980,0.2787,0.9136013984680176
11981,0.2309,0.9388523101806641
11982,0.3363,0.9152215719223022
11983,0.3048,0.913364052772522
11984,0.268,0.9295238256454468
11985,0.2742,0.9285033345222473
11986,0.2903,0.9322034120559692
11987,0.2108,0.94669508934021
11988,0.2204,0.9475277662277222
11989,0.3171,0.9230769276618958
11990,0.2719,0.9280423521995544
11991,0.2234,0.9455930590629578
11992,0.2712,0.9221991896629333
11993,0.2428,0.9409722089767456
11994,0.2117,0.9336437582969666
11995,0.2423,0.9309523701667786
11996,0.2856,0.921545684337616
11997,0.2437,0.938606858253479
11998,0.3026,0.9266750812530518
11999,0.2784,0.9297573566436768
12000,0.266,0.9390420913696289
12001,0.1765,0.9544380903244019
12002,0.1592,0.9632317423820496
12003,0.1543,0.9665924310684204
12004,0.1341,0.9730700254440308
12005,0.1293,0.9717444777488708
12006,0.1191,0.9710144996643066
12007,0.1875,0.949999988079071
12008,0.1649,0.9595192670822144
12009,0.1143,0.9715254306793213
12010,0.1126,0.9732078313827515
12011,0.2021,0.9535353779792786
12012,0.1982,0.9464166164398193
12013,0.2397,0.9412171244621277
12014,0.23,0.9518518447875977
12015,0.2198,0.944767415523529
12016,0.21,0.9418103694915771
12017,0.243,0.9424354434013367
12018,0.3283,0.9306402206420898
12019,0.2785,0.9328808188438416
12020,0.3428,0.9090909361839294
12021,0.1721,0.950647234916687
12022,0.2191,0.9411270022392273
12023,0.2147,0.9432454109191895
12024,0.1674,0.9538066983222961
12025,0.2349,0.9452381134033203
12026,0.4402,0.8941176533699036
12027,0.2198,0.9355670213699341
12028,0.2362,0.9382071495056152
12029,0.1765,0.9572092890739441
12030,0.2784,0.9302926063537598
12031,0.2435,0.9379115700721741
12032,0.2851,0.9307282567024231
12033,0.295,0.9267364144325256
12034,0.2243,0.9434137344360352
12035,0.2602,0.9353281855583191
12036,0.2527,0.9343780875205994
12037,0.24,0.9412997961044312
12038,0.2778,0.9327983856201172
12039,0.2663,0.9397343993186951
12040,0.2599,0.9341003894805908
12041,0.2666,0.9292709231376648
12042,0.2181,0.953177273273468
12043,0.2581,0.9304347634315491
12044,0.2515,0.9356321692466736
12045,0.2526,0.9282352924346924
12046,0.2377,0.935251772403717
12047,0.2432,0.9430302977561951
12048,0.3362,0.9118012189865112
12049,0.2353,0.9426751732826233
12050,0.2873,0.9247159361839294
12051,0.1936,0.9524272084236145
12052,0.146,0.9638327956199646
12053,0.1158,0.9790096879005432
12054,0.231,0.9446685910224915
12055,0.124,0.974450409412384
12056,0.1795,0.9587507247924805
12057,0.1401,0.9723270535469055
12058,0.1566,0.9661803841590881
12059,0.1826,0.9614874124526978
12060,0.1221,0.9654198884963989
12061,0.243,0.9468013644218445
12062,0.1922,0.9458668828010559
12063,0.2685,0.9425531625747681
12064,0.187,0.9593985080718994
12065,0.208,0.9475574493408203
12066,0.1633,0.9563182592391968
12067,0.335,0.917597770690918
12068,0.1697,0.9572981595993042
12069,0.2597,0.9426551461219788
12070,0.2023,0.9561053514480591
12071,0.1891,0.951471745967865
12072,0.2591,0.9244232177734375
12073,0.2564,0.9385892152786255
12074,0.2646,0.9273327589035034
12075,0.2367,0.94017094373703
12076,0.2716,0.9402079582214355
12077,0.2099,0.9473684430122375
12078,0.2138,0.9475587606430054
12079,0.2419,0.9418931603431702
12080,0.2519,0.9371681213378906
12081,0.1963,0.9451162815093994
12082,0.2455,0.9409049153327942
12083,0.2853,0.9209091067314148
12084,0.3015,0.9279700517654419
12085,0.2906,0.9248608350753784
12086,0.2418,0.9250749349594116
12087,0.1991,0.9531737565994263
12088,0.3326,0.9130010008811951
12089,0.3527,0.9117063283920288
12090,0.2699,0.9313929080963135
12091,0.2384,0.9522258639335632
12092,0.3177,0.9242262244224548
12093,0.258,0.9328932762145996
12094,0.2532,0.9378530979156494
12095,0.2697,0.9320712685585022
12096,0.2175,0.9445100426673889
12097,0.2407,0.9441747665405273
12098,0.2891,0.9312499761581421
12099,0.2099,0.9475703239440918
12100,0.2544,0.9381294846534729
12101,0.0967,0.9794377088546753
12102,0.169,0.9665604829788208
12103,0.1398,0.968539297580719
12104,0.1932,0.9526285529136658
12105,0.1543,0.9617871642112732
12106,0.1728,0.9602731466293335
12107,0.135,0.9674185514450073
12108,0.2333,0.9455605745315552
12109,0.1851,0.9564597010612488
12110,0.1534,0.961408257484436
12111,0.1658,0.9581560492515564
12112,0.1737,0.9577968716621399
12113,0.2171,0.9526584148406982
12114,0.3327,0.923541247844696
12115,0.1354,0.9673826694488525
12116,0.2363,0.9349240660667419
12117,0.1714,0.9575289487838745
12118,0.2527,0.9321907758712769
12119,0.21,0.945395290851593
12120,0.2568,0.9257314205169678
12121,0.2278,0.9436026811599731
12122,0.2158,0.94590163230896
12123,0.2784,0.928402841091156
12124,0.2578,0.9294019937515259
12125,0.3346,0.9107551574707031
12126,0.3137,0.9192177057266235
12127,0.3006,0.9232067465782166
12128,0.3298,0.9179039597511292
12129,0.2392,0.9431111216545105
12130,0.2544,0.944343090057373
12131,0.2693,0.9357394576072693
12132,0.2597,0.9386385679244995
12133,0.2721,0.9286385178565979
12134,0.3021,0.9196676015853882
12135,0.3781,0.9125581383705139
12136,0.2706,0.9379310607910156
12137,0.2316,0.9412935376167297
12138,0.2229,0.9398573040962219
12139,0.2591,0.9300106167793274
12140,0.2622,0.9273104667663574
12141,0.3209,0.9209100604057312
12142,0.2524,0.9416216015815735
12143,0.2357,0.9435028433799744
12144,0.2757,0.9309551119804382
12145,0.3287,0.921612560749054
12146,0.2672,0.9296600222587585
12147,0.1921,0.9420468807220459
12148,0.2524,0.931076169013977
12149,0.2632,0.9253731369972229
12150,0.211,0.9425981640815735
12151,0.1136,0.9762147665023804
12152,0.1082,0.9762020111083984
12153,0.2694,0.9419485330581665
12154,0.1295,0.9727272987365723
12155,0.1854,0.9599745869636536
12156,0.1425,0.9658443927764893
12157,0.1802,0.9500609040260315
12158,0.2127,0.9484732747077942
12159,0.1753,0.9525691866874695
12160,0.1871,0.9607423543930054
12161,0.1983,0.9542728662490845
12162,0.2615,0.9350073933601379
12163,0.1831,0.9548693299293518
12164,0.2334,0.9479553699493408
12165,0.2294,0.9516128897666931
12166,0.182,0.9480122327804565
12167,0.1729,0.9562798142433167
12168,0.2423,0.938616931438446
12169,0.2409,0.9447557926177979
12170,0.2591,0.9383294582366943
12171,0.3388,0.9075568318367004
12172,0.1834,0.9496586918830872
12173,0.196,0.9509151577949524
12174,0.2699,0.9345425963401794
12175,0.2428,0.9351778626441956
12176,0.2179,0.9487410187721252
12177,0.199,0.9429065585136414
12178,0.1996,0.9486271142959595
12179,0.2106,0.9493212699890137
12180,0.2757,0.9294532537460327
12181,0.2301,0.9396628141403198
12182,0.2752,0.9288355112075806
12183,0.3128,0.9191918969154358
12184,0.2623,0.9350411891937256
12185,0.3409,0.9167429208755493
12186,0.2849,0.9279999732971191
12187,0.2459,0.9230769276618958
12188,0.3017,0.9261476993560791
12189,0.249,0.929896891117096
12190,0.2546,0.9389140009880066
12191,0.2896,0.9281997680664062
12192,0.2344,0.9378530979156494
12193,0.226,0.9401805996894836
12194,0.262,0.9256678223609924
12195,0.2719,0.9366940259933472
12196,0.3268,0.9275362491607666
12197,0.2168,0.9546599388122559
12198,0.2656,0.9448621273040771
12199,0.2571,0.9278350472450256
12200,0.1748,0.9592145085334778
12201,0.1289,0.9707317352294922
12202,0.1475,0.9627299308776855
12203,0.1412,0.9672466516494751
12204,0.256,0.9460784196853638
12205,0.155,0.9650430083274841
12206,0.1256,0.9682136178016663
12207,0.1851,0.9535759091377258
12208,0.1746,0.9570389986038208
12209,0.2238,0.9388924241065979
12210,0.1811,0.9575342535972595
12211,0.156,0.9664967060089111
12212,0.1594,0.9587412476539612
12213,0.2841,0.9248322248458862
12214,0.2343,0.9480056762695312
12215,0.1757,0.9554873108863831
12216,0.1831,0.9532567262649536
12217,0.2869,0.9300441741943359
12218,0.2416,0.9378029108047485
12219,0.2521,0.9415481686592102
12220,0.2909,0.934661328792572
12221,0.3144,0.9247226715087891
12222,0.3348,0.9202454090118408
12223,0.2793,0.9216151833534241
12224,0.3117,0.9342442154884338
12225,0.2037,0.9412738084793091
12226,0.2308,0.9325938820838928
12227,0.2266,0.9464609622955322
12228,0.208,0.9533213376998901
12229,0.2349,0.9390997290611267
12230,0.2534,0.9358386993408203
12231,0.2409,0.9342806339263916
12232,0.273,0.9345350861549377
12233,0.2136,0.9464816451072693
12234,0.2749,0.9258572459220886
12235,0.257,0.9419167637825012
12236,0.3359,0.9087523221969604
12237,0.2432,0.945919394493103
12238,0.3236,0.9116234183311462
12239,0.2606,0.9336787462234497
12240,0.2497,0.9286463856697083
12241,0.2193,0.9330543875694275
12242,0.2734,0.9184952974319458
12243,0.2318,0.9393605589866638
12244,0.2551,0.943566620349884
12245,0.244,0.9358974099159241
12246,0.3459,0.9269988536834717
12247,0.2397,0.9301204681396484
12248,0.2767,0.9359903335571289
12249,0.2469,0.9429987668991089
12250,0.2793,0.9407514333724976
12251,0.0915,0.9798608422279358
12252,0.1987,0.9526393413543701
12253,0.1557,0.9664320349693298
12254,0.1684,0.9650194048881531
12255,0.1331,0.9677018523216248
12256,0.1869,0.9583333134651184
12257,0.1581,0.9620419144630432
12258,0.1702,0.9607464671134949
12259,0.2587,0.9392881989479065
12260,0.2584,0.9392117857933044
12261,0.1675,0.9516594409942627
12262,0.3331,0.9222539067268372
12263,0.2115,0.9386152625083923
12264,0.2522,0.9320610761642456
12265,0.2273,0.9377316236495972
12266,0.2657,0.9331814646720886
12267,0.2213,0.9406021237373352
12268,0.3004,0.9240000247955322
12269,0.1892,0.9564502835273743
12270,0.2207,0.9404958486557007
12271,0.1515,0.9632792472839355
12272,0.2556,0.9402597546577454
12273,0.2289,0.942016065120697
12274,0.2329,0.9491978883743286
12275,0.2741,0.9301745891571045
12276,0.3326,0.9154589176177979
12277,0.3048,0.9237704873085022
12278,0.312,0.9264328479766846
12279,0.2309,0.9423255920410156
12280,0.3061,0.9234972596168518
12281,0.2962,0.9148351550102234
12282,0.2467,0.9309056997299194
12283,0.2679,0.9375591278076172
12284,0.2074,0.9403131008148193
12285,0.2876,0.9335232377052307
12286,0.2428,0.9396985173225403
12287,0.2968,0.919881284236908
12288,0.2654,0.9279835224151611
12289,0.2955,0.9251282215118408
12290,0.2189,0.9417475461959839
12291,0.2863,0.9233226776123047
12292,0.2107,0.9458239078521729
12293,0.2505,0.9408283829689026
12294,0.2743,0.922363817691803
12295,0.2481,0.9400230646133423
12296,0.2444,0.9387514591217041
12297,0.2788,0.9258373379707336
12298,0.2522,0.9290953278541565
12299,0.2651,0.9447301030158997
12300,0.257,0.932650089263916
12301,0.177,0.957531750202179
12302,0.1873,0.9575449824333191
12303,0.1725,0.9565683603286743
12304,0.1245,0.9735015630722046
12305,0.1623,0.9677619338035583
12306,0.1463,0.9665403962135315
12307,0.1272,0.9689676761627197
12308,0.198,0.9548095464706421
12309,0.2138,0.9519420862197876
12310,0.2095,0.9544270634651184
12311,0.1917,0.9507286548614502
12312,0.24,0.9485672116279602
12313,0.1543,0.9666401743888855
12314,0.2433,0.9367647171020508
12315,0.2124,0.9470404982566833
12316,0.2175,0.9471726417541504
12317,0.177,0.9548022747039795
12318,0.2244,0.9514003396034241
12319,0.2794,0.9273256063461304
12320,0.2724,0.9344391822814941
12321,0.1393,0.9654300212860107
12322,0.1929,0.9504273533821106
12323,0.2729,0.934385359287262
12324,0.2222,0.937190055847168
12325,0.1498,0.9664247035980225
12326,0.2537,0.9349871873855591
12327,0.2868,0.9313043355941772
12328,0.1855,0.9547596573829651
12329,0.2476,0.9368709921836853
12330,0.2306,0.9460465312004089
12331,0.3024,0.9231433272361755
12332,0.2285,0.934472918510437
12333,0.2946,0.9254013299942017
12334,0.2925,0.9320865869522095
12335,0.2214,0.9375
12336,0.3004,0.9247967600822449
12337,0.2653,0.921793520450592
12338,0.3502,0.9154929518699646
12339,0.3427,0.922340452671051
12340,0.268,0.9299895763397217
12341,0.2859,0.9205155968666077
12342,0.2449,0.946943461894989
12343,0.2568,0.927489161491394
12344,0.3461,0.9135802388191223
12345,0.2412,0.9407582879066467
12346,0.1836,0.948317289352417
12347,0.2273,0.9345454573631287
12348,0.2759,0.9230769276618958
12349,0.2578,0.9343434572219849
12350,0.1709,0.9583333134651184
12351,0.2119,0.946513831615448
12352,0.1278,0.9659798741340637
12353,0.0985,0.9720605611801147
12354,0.1913,0.9542631506919861
12355,0.1668,0.9578567147254944
12356,0.1575,0.9616135358810425
12357,0.2961,0.930078387260437
12358,0.1918,0.9528865218162537
12359,0.2039,0.9502550959587097
12360,0.1123,0.9746376872062683
12361,0.1778,0.9593908786773682
12362,0.2203,0.9377115964889526
12363,0.1662,0.9644181132316589
12364,0.1705,0.9528228640556335
12365,0.1964,0.95033860206604
12366,0.2177,0.9478127360343933
12367,0.2429,0.9368932247161865
12368,0.2142,0.943351686000824
12369,0.2521,0.9360613822937012
12370,0.2243,0.9400778412818909
12371,0.2582,0.9242540001869202
12372,0.2107,0.9476309418678284
12373,0.2236,0.9449465870857239
12374,0.2488,0.9334897994995117
12375,0.2804,0.9231411814689636
12376,0.2491,0.9447368383407593
12377,0.3117,0.9291666746139526
12378,0.2366,0.9414374232292175
12379,0.1472,0.961002767086029
12380,0.2454,0.9339285492897034
12381,0.2642,0.9400966167449951
12382,0.2241,0.9383177757263184
12383,0.1894,0.9589694738388062
12384,0.3053,0.9269870519638062
12385,0.2678,0.9184834361076355
12386,0.2347,0.9443872570991516
12387,0.2728,0.9214063882827759
12388,0.251,0.9414732456207275
12389,0.2634,0.932712197303772
12390,0.2607,0.9349504113197327
12391,0.2317,0.9422222375869751
12392,0.1952,0.9478563070297241
12393,0.2854,0.9233297109603882
12394,0.2734,0.9404205679893494
12395,0.2665,0.9230769276618958
12396,0.2846,0.9253208637237549
12397,0.2795,0.9340400695800781
12398,0.2703,0.9414694905281067
12399,0.2652,0.9308642148971558
12400,0.2276,0.9455307126045227
12401,0.1067,0.9755231142044067
12402,0.2335,0.9535573124885559
12403,0.1058,0.9752447009086609
12404,0.2468,0.9454646706581116
12405,0.1248,0.9719687104225159
12406,0.1478,0.9625234007835388
12407,0.1249,0.9739726185798645
12408,0.2104,0.9476158618927002
12409,0.2023,0.9453125
12410,0.2276,0.9416949152946472
12411,0.1243,0.9671428799629211
12412,0.2701,0.9342857003211975
12413,0.312,0.9223580360412598
12414,0.2357,0.9482507109642029
12415,0.2282,0.945588231086731
12416,0.2303,0.9455370903015137
12417,0.1702,0.9550118446350098
12418,0.2439,0.942148745059967
12419,0.2601,0.9409961700439453
12420,0.2617,0.9371606111526489
12421,0.276,0.9309006333351135
12422,0.2083,0.9528706073760986
12423,0.1604,0.9648648500442505
12424,0.2837,0.9343003630638123
12425,0.293,0.9270998239517212
12426,0.1986,0.9487632513046265
12427,0.2133,0.9425386190414429
12428,0.1903,0.9522935748100281
12429,0.2636,0.9260563254356384
12430,0.2425,0.9298893213272095
12431,0.2459,0.9327957034111023
12432,0.2109,0.9512635469436646
12433,0.307,0.9181585907936096
12434,0.2037,0.9489893913269043
12435,0.3139,0.9236640930175781
12436,0.2623,0.9318403005599976
12437,0.2143,0.9418367147445679
12438,0.2595,0.9368104338645935
12439,0.2144,0.9456740617752075
12440,0.2922,0.93482905626297
12441,0.3274,0.9136460423469543
12442,0.1914,0.954954981803894
12443,0.2417,0.9303097128868103
12444,0.2122,0.945067286491394
12445,0.2686,0.9300000071525574
12446,0.2653,0.9413833618164062
12447,0.2445,0.9389671087265015
12448,0.2944,0.9289215803146362
12449,0.2524,0.9395465850830078
12450,0.2817,0.9348127841949463
12451,0.144,0.963718056678772
12452,0.1261,0.9672762155532837
12453,0.1287,0.9671804904937744
12454,0.1997,0.9466139674186707
12455,0.1913,0.957040548324585
12456,0.1523,0.9672337770462036
12457,0.133,0.9652286171913147
12458,0.1605,0.9609375
12459,0.187,0.9569313526153564
12460,0.2472,0.9395790696144104
12461,0.2125,0.9465050101280212
12462,0.2538,0.940443217754364
12463,0.2427,0.9426229596138
12464,0.2036,0.9518796801567078
12465,0.2481,0.9405869841575623
12466,0.2837,0.9303030371665955
12467,0.1484,0.9648118019104004
12468,0.2024,0.9483036994934082
12469,0.3148,0.9177358746528625
12470,0.2201,0.9393694400787354
12471,0.1987,0.9494949579238892
12472,0.3223,0.9244548082351685
12473,0.2894,0.925203263759613
12474,0.2868,0.923201322555542
12475,0.2778,0.9253731369972229
12476,0.2515,0.9347646832466125
12477,0.2005,0.9520295262336731
12478,0.2783,0.9339622855186462
12479,0.3067,0.9250425696372986
12480,0.2003,0.9461756348609924
12481,0.2418,0.9330188632011414
12482,0.3214,0.9224652051925659
12483,0.3524,0.920036792755127
12484,0.3159,0.9185938835144043
12485,0.2296,0.9451913237571716
12486,0.2167,0.9419552087783813
12487,0.2539,0.9284294247627258
12488,0.288,0.9364583492279053
12489,0.2548,0.9347150325775146
12490,0.2662,0.9402173757553101
12491,0.1742,0.9578106999397278
12492,0.2536,0.9371554851531982
12493,0.2077,0.9437652826309204
12494,0.2834,0.9293849468231201
12495,0.3233,0.9239904880523682
12496,0.2267,0.9416767954826355
12497,0.2797,0.9280575513839722
12498,0.2801,0.9339975118637085
12499,0.2516,0.9445178508758545
12500,0.2463,0.9442059993743896
12501,0.1669,0.9570552110671997
12502,0.115,0.9729453921318054
12503,0.166,0.9618037343025208
12504,0.1582,0.9634146094322205
12505,0.1802,0.9574840068817139
12506,0.1486,0.9692110419273376
12507,0.2725,0.9316136837005615
12508,0.1717,0.9568965435028076
12509,0.1889,0.9563822746276855
12510,0.1336,0.9705055952072144
12511,0.2034,0.9521858096122742
12512,0.1643,0.962509036064148
12513,0.1765,0.9580369591712952
12514,0.17,0.9600296020507812
12515,0.1606,0.9612756371498108
12516,0.2682,0.9416666626930237
12517,0.1603,0.9658187627792358
12518,0.3263,0.9141016602516174
12519,0.2013,0.9478127360343933
12520,0.292,0.9357366561889648
12521,0.2162,0.9410319328308105
12522,0.1748,0.9519071578979492
12523,0.2699,0.9313482046127319
12524,0.2671,0.935215950012207
12525,0.2963,0.9260450005531311
12526,0.2175,0.9371283054351807
12527,0.3045,0.9286359548568726
12528,0.212,0.9450945258140564
12529,0.2688,0.9302735924720764
12530,0.2454,0.9389097690582275
12531,0.2541,0.9376718401908875
12532,0.2647,0.9320930242538452
12533,0.3013,0.924440324306488
12534,0.2327,0.9406307935714722
12535,0.3643,0.9074243903160095
12536,0.2584,0.9325955510139465
12537,0.2207,0.9364102482795715
12538,0.3106,0.9169139266014099
12539,0.303,0.9274193644523621
12540,0.2587,0.929100513458252
12541,0.344,0.9155510067939758
12542,0.3198,0.9277238249778748
12543,0.2358,0.9389312863349915
12544,0.3091,0.9133333563804626
12545,0.2798,0.936170220375061
12546,0.2398,0.9325301051139832
12547,0.2388,0.9386503100395203
12548,0.24,0.9426020383834839
12549,0.2779,0.930232584476471
12550,0.2009,0.9556868672370911
12551,0.1137,0.9739130139350891
12552,0.1225,0.9703517556190491
12553,0.1071,0.9701882600784302
12554,0.1766,0.9585062265396118
12555,0.148,0.9629408121109009
12556,0.1807,0.955703854560852
12557,0.2142,0.9459295272827148
12558,0.1365,0.9681404232978821
12559,0.2464,0.940832257270813
12560,0.2182,0.9460013508796692
12561,0.2041,0.9493497610092163
12562,0.2419,0.936924159526825
12563,0.2739,0.9294437170028687
12564,0.1954,0.9587852358818054
12565,0.2193,0.9515625238418579
12566,0.19,0.9465944170951843
12567,0.2666,0.9277372360229492
12568,0.2554,0.9438652992248535
12569,0.1786,0.9564183950424194
12570,0.2386,0.9399519562721252
12571,0.2234,0.9431999921798706
12572,0.2632,0.9417003989219666
12573,0.1773,0.9508196711540222
12574,0.1833,0.9581817984580994
12575,0.1786,0.9584805369377136
12576,0.2571,0.9305555820465088
12577,0.2614,0.9424585700035095
12578,0.2687,0.934440553188324
12579,0.2755,0.9355992674827576
12580,0.2752,0.9290206432342529
12581,0.3434,0.9103019833564758
12582,0.2689,0.9330954551696777
12583,0.2469,0.9333333373069763
12584,0.2517,0.9419167637825012
12585,0.2283,0.9444975852966309
12586,0.2309,0.9386046528816223
12587,0.2845,0.9213051795959473
12588,0.2249,0.926706850528717
12589,0.2248,0.9266055226325989
12590,0.2732,0.9305834770202637
12591,0.272,0.9265477657318115
12592,0.2664,0.937701404094696
12593,0.2692,0.9283351898193359
12594,0.2578,0.9252232313156128
12595,0.1927,0.9474886059761047
12596,0.2531,0.9293981194496155
12597,0.3036,0.9312424659729004
12598,0.2203,0.9467162489891052
12599,0.3005,0.9226044416427612
12600,0.279,0.9290780425071716
12601,0.1521,0.9654558300971985
12602,0.1088,0.976190447807312
12603,0.1207,0.9731428623199463
12604,0.1536,0.9688808917999268
12605,0.1702,0.9596962332725525
12606,0.1257,0.9664596319198608
12607,0.1405,0.963683545589447
12608,0.1789,0.9522875547409058
12609,0.2402,0.9467265605926514
12610,0.172,0.9548254609107971
12611,0.1623,0.9605077505111694
12612,0.1704,0.9656934142112732
12613,0.1714,0.9627039432525635
12614,0.1594,0.9662576913833618
12615,0.2708,0.9382529854774475
12616,0.2833,0.9314285516738892
12617,0.1983,0.9510703086853027
12618,0.3329,0.9161148071289062
12619,0.1966,0.9531880617141724
12620,0.3358,0.9072315692901611
12621,0.3358,0.9141700267791748
12622,0.2308,0.9480069279670715
12623,0.1911,0.9524214267730713
12624,0.1634,0.9611157774925232
12625,0.189,0.9607173204421997
12626,0.3343,0.9251760840415955
12627,0.258,0.9338487982749939
12628,0.2684,0.9380053877830505
12629,0.2241,0.9446922540664673
12630,0.2726,0.9356260895729065
12631,0.2722,0.9298245906829834
12632,0.2462,0.9339874982833862
12633,0.2389,0.9363296031951904
12634,0.2857,0.9247910976409912
12635,0.2779,0.9308411478996277
12636,0.2365,0.940891444683075
12637,0.2399,0.935451865196228
12638,0.2989,0.9146459698677063
12639,0.2107,0.9404255151748657
12640,0.3446,0.9090909361839294
12641,0.2424,0.9439050555229187
12642,0.2389,0.9389978051185608
12643,0.2243,0.943016767501831
12644,0.2779,0.9253065586090088
12645,0.2629,0.9364895820617676
12646,0.294,0.9268004894256592
12647,0.2968,0.9208381772041321
12648,0.2161,0.9364303350448608
12649,0.3064,0.9226869344711304
12650,0.2922,0.9327957034111023
12651,0.1208,0.9709091186523438
12652,0.0858,0.9756211638450623
12653,0.166,0.9629237055778503
12654,0.1506,0.962213933467865
12655,0.1777,0.9588298797607422
12656,0.1484,0.9682063460350037
12657,0.1069,0.9743926525115967
12658,0.2382,0.942295491695404
12659,0.1665,0.958167314529419
12660,0.1443,0.9657632112503052
12661,0.1827,0.9531885981559753
12662,0.2909,0.931506872177124
12663,0.1395,0.9620714783668518
12664,0.2342,0.9431896209716797
12665,0.2318,0.9548192620277405
12666,0.2826,0.9296987056732178
12667,0.1783,0.9613837599754333
12668,0.3218,0.9231939315795898
12669,0.1855,0.9613487124443054
12670,0.1965,0.949999988079071
12671,0.1382,0.962199330329895
12672,0.2238,0.9355372190475464
12673,0.2686,0.9381611347198486
12674,0.1712,0.955974817276001
12675,0.1894,0.9528889060020447
12676,0.3578,0.905940592288971
12677,0.3309,0.9307692050933838
12678,0.1929,0.948924720287323
12679,0.2401,0.9423903822898865
12680,0.2759,0.9328621625900269
12681,0.1785,0.9574074149131775
12682,0.4152,0.9058098793029785
12683,0.3046,0.9221128225326538
12684,0.2667,0.9258589744567871
12685,0.2352,0.9347015023231506
12686,0.2585,0.9377358555793762
12687,0.2412,0.9408341646194458
12688,0.2553,0.9283639788627625
12689,0.263,0.9322519302368164
12690,0.2491,0.9422492384910583
12691,0.2052,0.9449735283851624
12692,0.2598,0.9305699467658997
12693,0.2023,0.9416941404342651
12694,0.2655,0.9328107237815857
12695,0.2668,0.932792603969574
12696,0.261,0.9372861981391907
12697,0.2327,0.9330143332481384
12698,0.2494,0.9419752955436707
12699,0.2333,0.947169840335846
12700,0.3083,0.922096312046051
12701,0.2446,0.9383561611175537
12702,0.0771,0.9841422438621521
12703,0.1412,0.9647554159164429
12704,0.1732,0.956916093826294
12705,0.3068,0.9312602281570435
12706,0.1087,0.9748901724815369
12707,0.1971,0.9608099460601807
12708,0.1624,0.959235668182373
12709,0.1277,0.969072163105011
12710,0.2466,0.9341432452201843
12711,0.2593,0.9383202195167542
12712,0.1516,0.9639249444007874
12713,0.2062,0.9546805620193481
12714,0.1621,0.9656301140785217
12715,0.1249,0.9696727991104126
12716,0.1991,0.9608433842658997
12717,0.1229,0.9734439849853516
12718,0.2264,0.9422764182090759
12719,0.2159,0.9508326649665833
12720,0.3227,0.9155653715133667
12721,0.1924,0.9512194991111755
12722,0.3309,0.9141150116920471
12723,0.2063,0.9493269920349121
12724,0.169,0.957092821598053
12725,0.2232,0.94112628698349
12726,0.1806,0.9618386626243591
12727,0.1865,0.9542601108551025
12728,0.2209,0.9389380812644958
12729,0.2315,0.9444444179534912
12730,0.2644,0.9365941882133484
12731,0.3153,0.9214840531349182
12732,0.2326,0.9419475793838501
12733,0.1537,0.9576354622840881
12734,0.2688,0.9287671446800232
12735,0.3157,0.9189189076423645
12736,0.329,0.9141221642494202
12737,0.2443,0.9462943077087402
12738,0.2321,0.9358177781105042
12739,0.2477,0.9359756112098694
12740,0.2502,0.9377682209014893
12741,0.2216,0.9390374422073364
12742,0.338,0.9131379127502441
12743,0.2444,0.9401805996894836
12744,0.2453,0.946107804775238
12745,0.2932,0.9266365766525269
12746,0.2314,0.944378674030304
12747,0.2348,0.932692289352417
12748,0.2216,0.9432534575462341
12749,0.2319,0.9471649527549744
12750,0.256,0.9325997233390808
12751,0.1878,0.9499809145927429
12752,0.125,0.9711014032363892
12753,0.1377,0.9685466289520264
12754,0.1637,0.9595959782600403
12755,0.2843,0.9325775504112244
12756,0.1374,0.9674479365348816
12757,0.1801,0.9556425213813782
12758,0.1624,0.9551239013671875
12759,0.228,0.9457626938819885
12760,0.1934,0.9581331610679626
12761,0.2402,0.9375
12762,0.1072,0.9789555668830872
12763,0.2576,0.9417613744735718
12764,0.2228,0.9376391768455505
12765,0.1163,0.9736024737358093
12766,0.188,0.9450631141662598
12767,0.1819,0.9539170265197754
12768,0.3156,0.9185393452644348
12769,0.2701,0.9414032101631165
12770,0.2381,0.9474497437477112
12771,0.1993,0.9522613286972046
12772,0.1722,0.9533898234367371
12773,0.3236,0.91288161277771
12774,0.2047,0.9502999186515808
12775,0.2831,0.9284566044807434
12776,0.2614,0.933920681476593
12777,0.264,0.9337860941886902
12778,0.3442,0.9130801558494568
12779,0.1749,0.9500454068183899
12780,0.2624,0.9280701875686646
12781,0.2558,0.934036910533905
12782,0.2062,0.9526462554931641
12783,0.3046,0.9148550629615784
12784,0.2725,0.9284420013427734
12785,0.2682,0.9300000071525574
12786,0.2232,0.9450660943984985
12787,0.3006,0.9245098233222961
12788,0.194,0.947692334651947
12789,0.2675,0.9266055226325989
12790,0.2575,0.9338478446006775
12791,0.2423,0.9388889074325562
12792,0.207,0.9428571462631226
12793,0.2695,0.9417142868041992
12794,0.2906,0.9243603944778442
12795,0.1994,0.9484777450561523
12796,0.2188,0.9373522400856018
12797,0.27,0.9333333373069763
12798,0.27,0.9337499737739563
12799,0.2621,0.9390863180160522
12800,0.157,0.9583911299705505
12801,0.3587,0.9149441123008728
12802,0.0827,0.9841269850730896
12803,0.1788,0.9588268399238586
12804,0.2778,0.9440476298332214
12805,0.1438,0.9669522643089294
12806,0.1154,0.9755936861038208
12807,0.151,0.9655172228813171
12808,0.299,0.9274884462356567
12809,0.1743,0.9619640111923218
12810,0.2946,0.932519257068634
12811,0.2368,0.9380165338516235
12812,0.2941,0.9285714030265808
12813,0.2468,0.9311543703079224
12814,0.2619,0.9378654956817627
12815,0.1633,0.957446813583374
12816,0.2112,0.9533169269561768
12817,0.1745,0.9539316892623901
12818,0.2146,0.9404289126396179
12819,0.2639,0.9214993119239807
12820,0.1996,0.9596219658851624
12821,0.2236,0.9502852559089661
12822,0.2709,0.9345088005065918
12823,0.1969,0.9503849148750305
12824,0.2438,0.9322034120559692
12825,0.2314,0.9476103186607361
12826,0.205,0.9446367025375366
12827,0.174,0.9572338461875916
12828,0.3912,0.9179487228393555
12829,0.2785,0.9323968291282654
12830,0.2853,0.930828332901001
12831,0.1787,0.955268383026123
12832,0.2536,0.9283053874969482
12833,0.2149,0.9440694451332092
12834,0.2245,0.9473684430122375
12835,0.2271,0.9494438767433167
12836,0.2563,0.9399014711380005
12837,0.2809,0.9235976934432983
12838,0.2489,0.9316770434379578
12839,0.2865,0.9299014210700989
12840,0.2755,0.9359115958213806
12841,0.2052,0.9454342722892761
12842,0.3236,0.924708366394043
12843,0.1854,0.9500567317008972
12844,0.2966,0.9188888669013977
12845,0.2785,0.9320046901702881
12846,0.2494,0.9324644804000854
12847,0.2729,0.9272727370262146
12848,0.3727,0.9160493612289429
12849,0.2809,0.9304677844047546
12850,0.2518,0.9408369660377502
12851,0.1812,0.9593796133995056
12852,0.1408,0.9705029129981995
12853,0.1839,0.9575026035308838
12854,0.1542,0.9651627540588379
12855,0.1993,0.9541763067245483
12856,0.1553,0.9630541801452637
12857,0.1622,0.9622516632080078
12858,0.1432,0.9622252583503723
12859,0.1657,0.9608233571052551
12860,0.1078,0.9761560559272766
12861,0.1892,0.9611360430717468
12862,0.1902,0.954310953617096
12863,0.2554,0.9341926574707031
12864,0.1858,0.9546485543251038
12865,0.1353,0.9645881652832031
12866,0.1992,0.9570983052253723
12867,0.1531,0.9630845189094543
12868,0.1813,0.9533964991569519
12869,0.2621,0.9330769181251526
12870,0.1835,0.9549180269241333
12871,0.2624,0.9251543283462524
12872,0.145,0.9651376008987427
12873,0.2346,0.9359487295150757
12874,0.1524,0.9590235352516174
12875,0.2238,0.9453125
12876,0.1944,0.9505736827850342
12877,0.2512,0.9378673434257507
12878,0.1936,0.9522091746330261
12879,0.2687,0.9311270117759705
12880,0.3114,0.9102667570114136
12881,0.1853,0.9531100392341614
12882,0.2713,0.9260908365249634
12883,0.2984,0.9143897891044617
12884,0.3003,0.9305555820465088
12885,0.255,0.9353281855583191
12886,0.2658,0.9294003844261169
12887,0.2413,0.9427987933158875
12888,0.2508,0.9368420839309692
12889,0.2654,0.9456290006637573
12890,0.2513,0.9408766627311707
12891,0.2905,0.930425763130188
12892,0.2872,0.9277108311653137
12893,0.2184,0.9502262473106384
12894,0.2739,0.9288889169692993
12895,0.2452,0.9377828240394592
12896,0.2179,0.9364162087440491
12897,0.221,0.9482323527336121
12898,0.251,0.9365671873092651
12899,0.1979,0.9550858736038208
12900,0.1838,0.9548022747039795
12901,0.0582,0.984947919845581
12902,0.1829,0.9545454382896423
12903,0.1161,0.9651460647583008
12904,0.1579,0.9679415225982666
12905,0.1031,0.9740808010101318
12906,0.188,0.959057092666626
12907,0.1934,0.9554355144500732
12908,0.1605,0.9616883397102356
12909,0.316,0.9246264100074768
12910,0.2112,0.9476158618927002
12911,0.1181,0.9681390523910522
12912,0.1232,0.9678407311439514
12913,0.2604,0.9340425729751587
12914,0.1905,0.9515287280082703
12915,0.206,0.9431906342506409
12916,0.1587,0.9643449187278748
12917,0.2672,0.9312919974327087
12918,0.2782,0.9274073839187622
12919,0.3203,0.9073097109794617
12920,0.2112,0.9521104097366333
12921,0.2109,0.9505358338356018
12922,0.2371,0.9387917518615723
12923,0.3476,0.9175911545753479
12924,0.2139,0.9426301717758179
12925,0.2304,0.9430543780326843
12926,0.2003,0.9492431282997131
12927,0.1892,0.9538878798484802
12928,0.2063,0.9501360058784485
12929,0.2797,0.9403541684150696
12930,0.2617,0.9313910007476807
12931,0.2411,0.9385281205177307
12932,0.1986,0.9448345303535461
12933,0.2313,0.9421641826629639
12934,0.2443,0.9354528188705444
12935,0.2131,0.952858567237854
12936,0.2624,0.9363296031951904
12937,0.2786,0.9297401309013367
12938,0.2388,0.9376277923583984
12939,0.2261,0.9419552087783813
12940,0.3393,0.9143446683883667
12941,0.199,0.9447454214096069
12942,0.2605,0.9441340565681458
12943,0.3611,0.9235668778419495
12944,0.2397,0.9383407831192017
12945,0.2258,0.9387283325195312
12946,0.2327,0.9414634108543396
12947,0.2785,0.929928719997406
12948,0.2498,0.9335006475448608
12949,0.2459,0.936855673789978
12950,0.2533,0.9367977380752563
12951,0.1124,0.9763050675392151
12952,0.0994,0.9742191433906555
12953,0.146,0.9670520424842834
12954,0.1564,0.9643493890762329
12955,0.2062,0.9482570886611938
12956,0.1691,0.9550632834434509
12957,0.1493,0.966812789440155
12958,0.1113,0.9732326865196228
12959,0.2288,0.9431968331336975
12960,0.2299,0.9417738914489746
12961,0.2737,0.9290586709976196
12962,0.1575,0.9595457911491394
12963,0.1569,0.9573033452033997
12964,0.216,0.9533751010894775
12965,0.2892,0.9287211894989014
12966,0.309,0.9271708726882935
12967,0.1773,0.9577015042304993
12968,0.2577,0.9352574348449707
12969,0.2702,0.9366196990013123
12970,0.1444,0.96517413854599
12971,0.2675,0.9357081055641174
12972,0.2597,0.9397024512290955
12973,0.2157,0.9506579041481018
12974,0.1924,0.9558058977127075
12975,0.2204,0.940403163433075
12976,0.3235,0.9251810312271118
12977,0.2754,0.9305053949356079
12978,0.2023,0.943493127822876
12979,0.2875,0.926763117313385
12980,0.1897,0.9467787146568298
12981,0.2446,0.9432623982429504
12982,0.298,0.9208889007568359
12983,0.2589,0.9379178881645203
12984,0.3343,0.914932131767273
12985,0.2319,0.9343629479408264
12986,0.2656,0.9311004877090454
12987,0.2316,0.9408817887306213
12988,0.2591,0.931174099445343
12989,0.2488,0.9331275820732117
12990,0.2434,0.9440338015556335
12991,0.2483,0.9392624497413635
12992,0.2486,0.9409871101379395
12993,0.2735,0.9431818127632141
12994,0.3275,0.9143492579460144
12995,0.2875,0.9289678335189819
12996,0.2697,0.9431952834129333
12997,0.2261,0.9389788508415222
12998,0.2771,0.9299123883247375
12999,0.2064,0.9450128078460693
13000,0.2729,0.9370315074920654
13001,0.1135,0.9782450795173645
13002,0.0863,0.9781619906425476
13003,0.1253,0.973738431930542
13004,0.2191,0.9526288509368896
13005,0.1509,0.9608723521232605
13006,0.1519,0.9659574627876282
13007,0.1692,0.9516752362251282
13008,0.1431,0.970039963722229
13009,0.1535,0.9626104831695557
13010,0.1221,0.9707865118980408
13011,0.1805,0.956695556640625
13012,0.142,0.963810920715332
13013,0.2582,0.9384615421295166
13014,0.1812,0.9540559649467468
13015,0.1914,0.9537237882614136
13016,0.2232,0.9451540112495422
13017,0.2657,0.9289340376853943
13018,0.1819,0.954222559928894
13019,0.148,0.9674796462059021
13020,0.2141,0.9421423077583313
13021,0.2504,0.9367771744728088
13022,0.283,0.9319248795509338
13023,0.2022,0.9471919536590576
13024,0.203,0.9556285738945007
13025,0.2178,0.9501267671585083
13026,0.2297,0.9449300765991211
13027,0.2888,0.9245439171791077
13028,0.2089,0.9448819160461426
13029,0.2781,0.9321148991584778
13030,0.2685,0.9334485530853271
13031,0.2628,0.9340054988861084
13032,0.2921,0.9279112815856934
13033,0.2695,0.9334516525268555
13034,0.3161,0.9168173670768738
13035,0.2914,0.9252767562866211
13036,0.336,0.9239543676376343
13037,0.2475,0.9359844923019409
13038,0.2899,0.9258536696434021
13039,0.1705,0.9553942084312439
13040,0.3157,0.9198396801948547
13041,0.2059,0.9477611780166626
13042,0.182,0.9531079530715942
13043,0.2349,0.9344262480735779
13044,0.2328,0.9372146129608154
13045,0.2935,0.9315849542617798
13046,0.2641,0.9330199956893921
13047,0.2705,0.9285714030265808
13048,0.2692,0.935757577419281
13049,0.2479,0.9466328024864197
13050,0.2288,0.9343065619468689
13051,0.1022,0.9794285893440247
13052,0.1369,0.971230685710907
13053,0.1829,0.9490304589271545
13054,0.1552,0.9653284549713135
13055,0.1151,0.9747572541236877
13056,0.2976,0.9419272541999817
13057,0.1589,0.9614343643188477
13058,0.1132,0.9702251553535461
13059,0.2102,0.9519094824790955
13060,0.1829,0.9551414847373962
13061,0.2497,0.9419889450073242
13062,0.2096,0.9443284869194031
13063,0.1716,0.9468008875846863
13064,0.269,0.9344146847724915
13065,0.2719,0.9336315989494324
13066,0.2034,0.9413974285125732
13067,0.1684,0.9512937664985657
13068,0.2438,0.9409056305885315
13069,0.1874,0.954081654548645
13070,0.3571,0.9117421507835388
13071,0.2431,0.9444444179534912
13072,0.1511,0.9690189361572266
13073,0.2549,0.9319671988487244
13074,0.2186,0.9422110319137573
13075,0.1989,0.9446883201599121
13076,0.1931,0.9514925479888916
13077,0.333,0.9245115518569946
13078,0.229,0.9504587054252625
13079,0.224,0.9481417536735535
13080,0.232,0.9384756684303284
13081,0.281,0.9335695505142212
13082,0.2664,0.9293712377548218
13083,0.1554,0.9592628479003906
13084,0.2484,0.9389534592628479
13085,0.2471,0.9475247263908386
13086,0.2982,0.914009690284729
13087,0.2292,0.9386562705039978
13088,0.3536,0.9143145084381104
13089,0.2892,0.9210526347160339
13090,0.2317,0.9333333373069763
13091,0.2202,0.9469214677810669
13092,0.2875,0.9268292784690857
13093,0.2838,0.9298056364059448
13094,0.2615,0.9305402636528015
13095,0.3159,0.9241757988929749
13096,0.3297,0.9164733290672302
13097,0.2204,0.9479553699493408
13098,0.2715,0.9302030205726624
13099,0.2823,0.9300873875617981
13100,0.2471,0.9478873014450073
13101,0.113,0.9742504358291626
13102,0.0705,0.9824385643005371
13103,0.1273,0.975026547908783
13104,0.1357,0.9655172228813171
13105,0.1423,0.9733171463012695
13106,0.1542,0.9679673910140991
13107,0.1907,0.9530369639396667
13108,0.1315,0.9723346829414368
13109,0.1168,0.9733059406280518
13110,0.3157,0.931403398513794
13111,0.2329,0.9405155181884766
13112,0.1739,0.9629111289978027
13113,0.2693,0.9244652390480042
13114,0.2522,0.9355062246322632
13115,0.138,0.9649681448936462
13116,0.245,0.9441896080970764
13117,0.1871,0.9508326649665833
13118,0.2329,0.9543634653091431
13119,0.2754,0.9322916865348816
13120,0.219,0.9504716992378235
13121,0.2991,0.927747905254364
13122,0.2587,0.9472803473472595
13123,0.2617,0.9307392835617065
13124,0.188,0.9564489126205444
13125,0.2986,0.9217252135276794
13126,0.2504,0.935215950012207
13127,0.3302,0.9175000190734863
13128,0.2429,0.9327005743980408
13129,0.3335,0.9209876656532288
13130,0.2031,0.9583333134651184
13131,0.2257,0.9388489127159119
13132,0.2255,0.9385574460029602
13133,0.2652,0.9283795952796936
13134,0.2528,0.9390715956687927
13135,0.2243,0.9506769776344299
13136,0.2191,0.942270040512085
13137,0.2282,0.9384459853172302
13138,0.2989,0.9263984560966492
13139,0.2617,0.9305962920188904
13140,0.2892,0.9207136034965515
13141,0.3061,0.9233038425445557
13142,0.2267,0.9437837600708008
13143,0.2088,0.9403315186500549
13144,0.2628,0.9318681359291077
13145,0.2057,0.9456647634506226
13146,0.234,0.9414466023445129
13147,0.2352,0.9317904710769653
13148,0.3012,0.9307411909103394
13149,0.2715,0.9382093548774719
13150,0.2716,0.9223300814628601
13151,0.1941,0.9545454382896423
13152,0.1805,0.9564240574836731
13153,0.1256,0.9718384742736816
13154,0.3541,0.9244060516357422
13155,0.189,0.9556049108505249
13156,0.1947,0.9513353109359741
13157,0.132,0.9708549380302429
13158,0.2292,0.9452054500579834
13159,0.1765,0.9516023397445679
13160,0.1405,0.9692197442054749
13161,0.1391,0.9694010615348816
13162,0.225,0.9431009888648987
13163,0.2998,0.9304053783416748
13164,0.1724,0.9585492014884949
13165,0.262,0.9354120492935181
13166,0.2284,0.9459459185600281
13167,0.214,0.9482071995735168
13168,0.2723,0.9321075081825256
13169,0.3076,0.9231348633766174
13170,0.1526,0.9649415612220764
13171,0.2125,0.9504870176315308
13172,0.2454,0.9416058659553528
13173,0.2695,0.9352226853370667
13174,0.2372,0.943527340888977
13175,0.3,0.9256535768508911
13176,0.2317,0.945485532283783
13177,0.2725,0.9294306039810181
13178,0.2433,0.9244663119316101
13179,0.2119,0.9450740814208984
13180,0.2696,0.9232804179191589
13181,0.3618,0.9037478566169739
13182,0.2601,0.9285714030265808
13183,0.339,0.9167404770851135
13184,0.2174,0.9370370507240295
13185,0.2347,0.936170220375061
13186,0.2487,0.9332129955291748
13187,0.1963,0.9588173031806946
13188,0.256,0.9361914396286011
13189,0.2525,0.9371781945228577
13190,0.2431,0.9324894547462463
13191,0.2852,0.9305413961410522
13192,0.3494,0.9170082211494446
13193,0.2306,0.9377049207687378
13194,0.2535,0.940021812915802
13195,0.2,0.9504504799842834
13196,0.2547,0.9364705681800842
13197,0.3161,0.9181286692619324
13198,0.2715,0.9341317415237427
13199,0.2155,0.946959912776947
13200,0.1654,0.9559228420257568
13201,0.2101,0.9511817097663879
13202,0.158,0.9720244407653809
13203,0.1515,0.9625246524810791
13204,0.1352,0.9625073075294495
13205,0.309,0.9379027485847473
13206,0.1077,0.9764785170555115
13207,0.2127,0.947139322757721
13208,0.1875,0.9544887542724609
13209,0.235,0.9343936443328857
13210,0.2266,0.9329230785369873
13211,0.1355,0.9662446975708008
13212,0.2453,0.943124532699585
13213,0.1695,0.9524837732315063
13214,0.1994,0.9537177681922913
13215,0.1568,0.9572784900665283
13216,0.2106,0.9491398930549622
13217,0.2079,0.9514046907424927
13218,0.2382,0.9422776699066162
13219,0.2446,0.9411764740943909
13220,0.1694,0.9598326086997986
13221,0.2127,0.9442198872566223
13222,0.2559,0.9342948794364929
13223,0.1899,0.9527897238731384
13224,0.1744,0.9571558833122253
13225,0.2511,0.9350982308387756
13226,0.2805,0.9235520958900452
13227,0.2557,0.9458483457565308
13228,0.2386,0.9367201328277588
13229,0.2004,0.9480851292610168
13230,0.2306,0.9460176825523376
13231,0.2751,0.9363468885421753
13232,0.2279,0.9402573704719543
13233,0.2388,0.9337068200111389
13234,0.3116,0.9192660450935364
13235,0.364,0.9124643206596375
13236,0.2604,0.9352881908416748
13237,0.1885,0.9516128897666931
13238,0.2698,0.9349112510681152
13239,0.2145,0.9405737519264221
13240,0.2832,0.9219367504119873
13241,0.2712,0.9298245906829834
13242,0.2729,0.9331896305084229
13243,0.2515,0.937428891658783
13244,0.2895,0.931891918182373
13245,0.2644,0.9289044141769409
13246,0.2465,0.9407582879066467
13247,0.2521,0.9419035911560059
13248,0.2267,0.9445129632949829
13249,0.255,0.9386423230171204
13250,0.2234,0.9508670568466187
13251,0.1745,0.9580900073051453
13252,0.216,0.9526112079620361
13253,0.1151,0.97559654712677
13254,0.1153,0.9717904329299927
13255,0.1384,0.963186502456665
13256,0.1991,0.9558731913566589
13257,0.1614,0.9611111283302307
13258,0.1327,0.9702380895614624
13259,0.1949,0.9578595161437988
13260,0.1723,0.9570934176445007
13261,0.2422,0.9397506713867188
13262,0.248,0.938144326210022
13263,0.1678,0.9584277868270874
13264,0.1565,0.9641148447990417
13265,0.1906,0.9578782916069031
13266,0.1881,0.9474522471427917
13267,0.172,0.9505703449249268
13268,0.2387,0.9457364082336426
13269,0.297,0.9200310707092285
13270,0.1403,0.9672276377677917
13271,0.2099,0.9516128897666931
13272,0.2344,0.9431630969047546
13273,0.252,0.9464740753173828
13274,0.2069,0.9459459185600281
13275,0.2655,0.9339622855186462
13276,0.2816,0.9262229204177856
13277,0.2682,0.9321607947349548
13278,0.2267,0.9454209208488464
13279,0.3607,0.9057412147521973
13280,0.269,0.9288225173950195
13281,0.2556,0.9395017623901367
13282,0.1834,0.9609455466270447
13283,0.2587,0.9299905300140381
13284,0.2632,0.9274269342422485
13285,0.2248,0.9436758756637573
13286,0.2787,0.9288424849510193
13287,0.3273,0.9231536984443665
13288,0.1947,0.9473129510879517
13289,0.2578,0.9343589544296265
13290,0.2999,0.9160621762275696
13291,0.2617,0.9312638640403748
13292,0.1956,0.9506314396858215
13293,0.3033,0.9268559217453003
13294,0.2386,0.9338564872741699
13295,0.2056,0.9332552552223206
13296,0.219,0.940119743347168
13297,0.2001,0.9458128213882446
13298,0.2291,0.9395465850830078
13299,0.244,0.9341935515403748
13300,0.1831,0.9495677351951599
13301,0.1246,0.9673950672149658
13302,0.1421,0.9666064977645874
13303,0.1477,0.9671289324760437
13304,0.1573,0.9618943929672241
13305,0.172,0.9583836197853088
13306,0.1126,0.9769888520240784
13307,0.1163,0.9714471101760864
13308,0.1793,0.9620334506034851
13309,0.1204,0.9676113128662109
13310,0.1724,0.9593604207038879
13311,0.1765,0.9623430967330933
13312,0.1465,0.9649248123168945
13313,0.1804,0.9616236090660095
13314,0.2812,0.9261323809623718
13315,0.1737,0.9620553255081177
13316,0.2461,0.9443155527114868
13317,0.1827,0.9600920677185059
13318,0.1738,0.9577358365058899
13319,0.2668,0.9296817183494568
13320,0.1922,0.9531635046005249
13321,0.2,0.9490703344345093
13322,0.1781,0.9593432545661926
13323,0.2396,0.9383775591850281
13324,0.2273,0.9424168467521667
13325,0.2419,0.9369951486587524
13326,0.2092,0.9428808093070984
13327,0.219,0.9346185922622681
13328,0.2236,0.9496910572052002
13329,0.2794,0.9206598401069641
13330,0.2382,0.939471423625946
13331,0.2313,0.9449954628944397
13332,0.2418,0.9357208609580994
13333,0.3491,0.909326434135437
13334,0.2289,0.9483934044837952
13335,0.2156,0.956204354763031
13336,0.2452,0.9374389052391052
13337,0.2293,0.9455252885818481
13338,0.2198,0.9358074069023132
13339,0.2269,0.9459735155105591
13340,0.2778,0.9330543875694275
13341,0.3136,0.9147608876228333
13342,0.239,0.9293597936630249
13343,0.203,0.9466515183448792
13344,0.2588,0.9369988441467285
13345,0.2463,0.9386845231056213
13346,0.3104,0.9304447174072266
13347,0.2279,0.9314079284667969
13348,0.2737,0.9378048777580261
13349,0.2935,0.9302030205726624
13350,0.2789,0.9355300664901733
13351,0.1915,0.9602917432785034
13352,0.1836,0.9510453939437866
13353,0.2004,0.9512555599212646
13354,0.1761,0.9605993628501892
13355,0.1645,0.9578425288200378
13356,0.2012,0.9566049575805664
13357,0.1868,0.9530244469642639
13358,0.1729,0.9588195085525513
13359,0.2124,0.9497022032737732
13360,0.1826,0.9570339322090149
13361,0.194,0.9497522711753845
13362,0.1134,0.9690476059913635
13363,0.2182,0.9378238320350647
13364,0.2559,0.9368499517440796
13365,0.2089,0.9528443217277527
13366,0.2248,0.9352290630340576
13367,0.2538,0.9380325078964233
13368,0.2884,0.931034505367279
13369,0.1437,0.9675270318984985
13370,0.2741,0.9409509301185608
13371,0.2311,0.9485530257225037
13372,0.2976,0.9186567068099976
13373,0.2289,0.9463372826576233
13374,0.3772,0.9021497368812561
13375,0.177,0.9480409026145935
13376,0.134,0.9598085880279541
13377,0.2862,0.9250624775886536
13378,0.2635,0.9342105388641357
13379,0.2228,0.9423247575759888
13380,0.2667,0.930656909942627
13381,0.3078,0.9191745519638062
13382,0.2341,0.947119951248169
13383,0.2485,0.9357622265815735
13384,0.1706,0.9473150968551636
13385,0.2476,0.9255419373512268
13386,0.232,0.9382715821266174
13387,0.2807,0.9243453145027161
13388,0.218,0.9456967115402222
13389,0.2738,0.927234947681427
13390,0.2389,0.9399999976158142
13391,0.2522,0.9436464309692383
13392,0.2525,0.9346110224723816
13393,0.2457,0.9270718097686768
13394,0.2794,0.9188275337219238
13395,0.2594,0.9338654279708862
13396,0.2573,0.9280575513839722
13397,0.276,0.9365853667259216
13398,0.2217,0.9436795711517334
13399,0.2192,0.9391191601753235
13400,0.1602,0.9522472023963928
13401,0.1202,0.973902702331543
13402,0.1377,0.9687654972076416
13403,0.2053,0.955475926399231
13404,0.1509,0.9694570302963257
13405,0.1727,0.957151472568512
13406,0.1385,0.9657577872276306
13407,0.1593,0.9674902558326721
13408,0.1206,0.9726119041442871
13409,0.1269,0.9726235866546631
13410,0.218,0.9433198571205139
13411,0.2255,0.9394155144691467
13412,0.1775,0.957602322101593
13413,0.1398,0.970802903175354
13414,0.1493,0.9550735950469971
13415,0.2199,0.9407796263694763
13416,0.2779,0.9287769794464111
13417,0.1841,0.9518672227859497
13418,0.237,0.9294026494026184
13419,0.3342,0.9141150116920471
13420,0.1729,0.9523026347160339
13421,0.2721,0.926619827747345
13422,0.2067,0.9455894231796265
13423,0.2035,0.9405267834663391
13424,0.2519,0.9373390674591064
13425,0.2161,0.9525395631790161
13426,0.193,0.9527702331542969
13427,0.2313,0.94921875
13428,0.1715,0.958563506603241
13429,0.2248,0.9469194412231445
13430,0.2447,0.9288225173950195
13431,0.2981,0.9276556968688965
13432,0.2953,0.92328280210495
13433,0.1974,0.95219886302948
13434,0.2323,0.9466263651847839
13435,0.2546,0.9366196990013123
13436,0.1932,0.9529170989990234
13437,0.3024,0.9259634613990784
13438,0.204,0.9382321834564209
13439,0.271,0.9336787462234497
13440,0.2615,0.9375684261322021
13441,0.2379,0.9410480260848999
13442,0.2469,0.9331873059272766
13443,0.2336,0.9393258690834045
13444,0.2255,0.9394285678863525
13445,0.2465,0.9445086717605591
13446,0.3393,0.9164648652076721
13447,0.2193,0.940334141254425
13448,0.3059,0.9289940595626831
13449,0.2593,0.9313358068466187
13450,0.2961,0.9159420132637024
13451,0.1082,0.9779900312423706
13452,0.1674,0.9570552110671997
13453,0.1047,0.9767981171607971
13454,0.1685,0.963443398475647
13455,0.1736,0.9560505747795105
13456,0.1746,0.9654955863952637
13457,0.1819,0.9581185579299927
13458,0.1583,0.9612352252006531
13459,0.153,0.9614835977554321
13460,0.1085,0.9719101190567017
13461,0.1192,0.9704096913337708
13462,0.2457,0.9365645051002502
13463,0.1977,0.9479095339775085
13464,0.2198,0.9546805620193481
13465,0.2392,0.9387755393981934
13466,0.2328,0.9469753503799438
13467,0.2116,0.9527497887611389
13468,0.2219,0.9405622482299805
13469,0.2512,0.9494071006774902
13470,0.2458,0.931189239025116
13471,0.2203,0.9361370801925659
13472,0.2354,0.9323248267173767
13473,0.2733,0.9290416836738586
13474,0.3086,0.9241935610771179
13475,0.2593,0.9370805621147156
13476,0.1634,0.9552919864654541
13477,0.2709,0.941027820110321
13478,0.1869,0.9458763003349304
13479,0.2602,0.9385026693344116
13480,0.2717,0.9334501028060913
13481,0.2508,0.9375582337379456
13482,0.2223,0.9469547867774963
13483,0.2648,0.9335759878158569
13484,0.2119,0.9479371309280396
13485,0.2241,0.9434495568275452
13486,0.2615,0.9350393414497375
13487,0.2002,0.9489402770996094
13488,0.3064,0.9190000295639038
13489,0.2191,0.9429460763931274
13490,0.2723,0.9267516136169434
13491,0.2551,0.9406150579452515
13492,0.2662,0.928260862827301
13493,0.2585,0.9369266033172607
13494,0.2474,0.9448275566101074
13495,0.1922,0.9497076272964478
13496,0.2327,0.9334098696708679
13497,0.2618,0.9267139434814453
13498,0.2133,0.9469135999679565
13499,0.2545,0.9348658919334412
13500,0.2515,0.9443585872650146
13501,0.0798,0.9821556210517883
13502,0.1404,0.9644768834114075
13503,0.0992,0.9769503474235535
13504,0.1056,0.9800703525543213
13505,0.134,0.9689024686813354
13506,0.1496,0.965865969657898
13507,0.1868,0.9566808938980103
13508,0.1887,0.9592908620834351
13509,0.1756,0.9628610610961914
13510,0.1435,0.9633088707923889
13511,0.2586,0.9416832327842712
13512,0.2092,0.9484463334083557
13513,0.1793,0.9571955800056458
13514,0.1936,0.9512915015220642
13515,0.1206,0.9698652029037476
13516,0.2048,0.9458646774291992
13517,0.2215,0.9434239268302917
13518,0.1663,0.9593432545661926
13519,0.293,0.9284692406654358
13520,0.3097,0.9240143299102783
13521,0.2356,0.9395349025726318
13522,0.2086,0.9506579041481018
13523,0.1682,0.9527145624160767
13524,0.204,0.9423239827156067
13525,0.1516,0.9660550355911255
13526,0.2422,0.9460825324058533
13527,0.3092,0.9219001531600952
13528,0.2828,0.9335634112358093
13529,0.1966,0.9501953125
13530,0.2472,0.9331550598144531
13531,0.2574,0.9369602799415588
13532,0.2078,0.9482758641242981
13533,0.2213,0.9445525407791138
13534,0.2505,0.9390243887901306
13535,0.1763,0.9515810012817383
13536,0.2097,0.9404869079589844
13537,0.2729,0.9349904656410217
13538,0.2633,0.9272369742393494
13539,0.1746,0.9601722359657288
13540,0.2979,0.9244306683540344
13541,0.217,0.9431818127632141
13542,0.1945,0.9582887887954712
13543,0.2553,0.9289558529853821
13544,0.2508,0.9397727251052856
13545,0.2058,0.9523255825042725
13546,0.2629,0.9345794320106506
13547,0.2232,0.9473039507865906
13548,0.2243,0.9363296031951904
13549,0.1984,0.9498680830001831
13550,0.2286,0.9428172707557678
13551,0.134,0.9623802900314331
13552,0.12,0.968909502029419
13553,0.1546,0.9604519605636597
13554,0.1382,0.9718066453933716
13555,0.1807,0.9618496894836426
13556,0.1167,0.9715522527694702
13557,0.2312,0.9422275424003601
13558,0.1476,0.9648774266242981
13559,0.1324,0.9650924205780029
13560,0.1369,0.9667128920555115
13561,0.1871,0.9555403590202332
13562,0.1381,0.96783846616745
13563,0.1138,0.9722864031791687
13564,0.3222,0.9277357459068298
13565,0.2055,0.9525495767593384
13566,0.2692,0.9382807016372681
13567,0.3005,0.9308790564537048
13568,0.2395,0.9442815184593201
13569,0.1873,0.9591194987297058
13570,0.3036,0.9285714030265808
13571,0.315,0.9238884449005127
13572,0.2109,0.9460547566413879
13573,0.2525,0.9388254284858704
13574,0.2366,0.937133252620697
13575,0.2437,0.9376053810119629
13576,0.1825,0.9497354626655579
13577,0.2885,0.9217318892478943
13578,0.2316,0.941074550151825
13579,0.1602,0.9603399634361267
13580,0.2002,0.9476190209388733
13581,0.3158,0.9222614765167236
13582,0.1805,0.9561403393745422
13583,0.2624,0.9383698105812073
13584,0.2573,0.9305816292762756
13585,0.2649,0.9444444179534912
13586,0.2474,0.9447138905525208
13587,0.194,0.9419496059417725
13588,0.2388,0.9386503100395203
13589,0.2942,0.920619547367096
13590,0.2887,0.9202020168304443
13591,0.2528,0.9363732933998108
13592,0.2658,0.9320175647735596
13593,0.2648,0.9358407258987427
13594,0.3119,0.9204419851303101
13595,0.2701,0.9285714030265808
13596,0.2801,0.9264877438545227
13597,0.2417,0.9382284283638
13598,0.2316,0.9460431933403015
13599,0.2672,0.9355670213699341
13600,0.2165,0.9432132840156555
13601,0.1007,0.9788323640823364
13602,0.1011,0.9788199663162231
13603,0.1258,0.974124014377594
13604,0.1434,0.9645070433616638
13605,0.1263,0.9701776504516602
13606,0.1757,0.9593974947929382
13607,0.1751,0.9617834687232971
13608,0.1821,0.9557755589485168
13609,0.1983,0.9567039012908936
13610,0.1244,0.9694656729698181
13611,0.1745,0.9611436724662781
13612,0.1994,0.9544498920440674
13613,0.2911,0.9243641495704651
13614,0.2069,0.9536321759223938
13615,0.0918,0.978330671787262
13616,0.2188,0.9443173408508301
13617,0.1858,0.9580644965171814
13618,0.2614,0.9313367605209351
13619,0.2879,0.9333333373069763
13620,0.1409,0.9661590456962585
13621,0.2163,0.9449012875556946
13622,0.2553,0.9424290060997009
13623,0.2251,0.9445350766181946
13624,0.2443,0.9431630969047546
13625,0.2314,0.9372881650924683
13626,0.2643,0.9414225816726685
13627,0.2693,0.9314049482345581
13628,0.2305,0.9431408047676086
13629,0.2228,0.933456540107727
13630,0.2579,0.9343389272689819
13631,0.2742,0.9330316781997681
13632,0.3277,0.9152691960334778
13633,0.198,0.9526627063751221
13634,0.2031,0.9481037855148315
13635,0.2427,0.9424390196800232
13636,0.2391,0.9315589070320129
13637,0.2006,0.9486653208732605
13638,0.2933,0.921999990940094
13639,0.1973,0.9541284441947937
13640,0.2109,0.9575418829917908
13641,0.2365,0.9455709457397461
13642,0.2846,0.9287233948707581
13643,0.2456,0.9306930899620056
13644,0.1918,0.9440089464187622
13645,0.2438,0.9421296119689941
13646,0.2652,0.9338147044181824
13647,0.2755,0.931506872177124
13648,0.2941,0.9355246424674988
13649,0.2052,0.9443690776824951
13650,0.193,0.95158851146698
13651,0.3065,0.9324599504470825
13652,0.0866,0.9785366058349609
13653,0.1115,0.9762824177742004
13654,0.1602,0.9562289714813232
13655,0.0704,0.9862294793128967
13656,0.1311,0.9701017737388611
13657,0.1201,0.9721300601959229
13658,0.1371,0.9653102159500122
13659,0.2605,0.9355524182319641
13660,0.224,0.9409745931625366
13661,0.2279,0.9485753774642944
13662,0.1114,0.9737434387207031
13663,0.1855,0.9564597010612488
13664,0.1993,0.9554044008255005
13665,0.2085,0.948888897895813
13666,0.1635,0.9624723792076111
13667,0.2177,0.943355143070221
13668,0.1697,0.956486701965332
13669,0.2088,0.9508716464042664
13670,0.2995,0.9265578389167786
13671,0.2449,0.9400606751441956
13672,0.2442,0.9432348608970642
13673,0.2075,0.9488986730575562
13674,0.2282,0.9404861927032471
13675,0.2188,0.9407783150672913
13676,0.2693,0.9354838728904724
13677,0.1446,0.9615032076835632
13678,0.2627,0.9368600845336914
13679,0.2567,0.9400352835655212
13680,0.2875,0.9296013712882996
13681,0.2285,0.9470644593238831
13682,0.2202,0.9501879811286926
13683,0.2211,0.936492919921875
13684,0.2279,0.9485714435577393
13685,0.2766,0.9319999814033508
13686,0.2576,0.9375
13687,0.2301,0.9432835578918457
13688,0.2023,0.9523809552192688
13689,0.2649,0.9287211894989014
13690,0.1994,0.9429778456687927
13691,0.2259,0.9381107687950134
13692,0.2992,0.9251925349235535
13693,0.2491,0.9304932951927185
13694,0.3023,0.9186440706253052
13695,0.2497,0.9343148469924927
13696,0.2824,0.9305064678192139
13697,0.2259,0.9416058659553528
13698,0.2518,0.9410319328308105
13699,0.2701,0.9464752078056335
13700,0.2129,0.9474474191665649
13701,0.1168,0.9713388085365295
13702,0.1058,0.9739530086517334
13703,0.1003,0.9761605858802795
13704,0.2212,0.9537914395332336
13705,0.1331,0.9660912156105042
13706,0.2362,0.9376181364059448
13707,0.1352,0.9689399003982544
13708,0.1835,0.9566495418548584
13709,0.1065,0.9702127575874329
13710,0.2502,0.9420494437217712
13711,0.1906,0.9542772769927979
13712,0.1572,0.9624900221824646
13713,0.2595,0.9421245455741882
13714,0.1256,0.9691057205200195
13715,0.2205,0.9386646151542664
13716,0.2198,0.940625011920929
13717,0.2569,0.9432079792022705
13718,0.238,0.9409538507461548
13719,0.2412,0.9317647218704224
13720,0.1752,0.9571678042411804
13721,0.2033,0.9532871842384338
13722,0.193,0.9460154175758362
13723,0.2948,0.926948070526123
13724,0.1914,0.9470945596694946
13725,0.2729,0.9290484189987183
13726,0.2123,0.9571810960769653
13727,0.3143,0.9222972989082336
13728,0.2971,0.9190992712974548
13729,0.2539,0.9385884404182434
13730,0.2699,0.923677384853363
13731,0.1942,0.9404216408729553
13732,0.2193,0.9405099153518677
13733,0.2511,0.9326047301292419
13734,0.3542,0.9147778749465942
13735,0.1735,0.9600798487663269
13736,0.291,0.9283639788627625
13737,0.2413,0.9411167502403259
13738,0.3002,0.9297893643379211
13739,0.2875,0.9356486201286316
13740,0.2475,0.9366120100021362
13741,0.2449,0.9327641129493713
13742,0.2569,0.9337748289108276
13743,0.2534,0.932372510433197
13744,0.2778,0.9256756901741028
13745,0.2692,0.9308390021324158
13746,0.2562,0.9413833618164062
13747,0.2868,0.9248210191726685
13748,0.2848,0.9231722354888916
13749,0.242,0.9392764568328857
13750,0.305,0.9404934644699097
13751,0.1216,0.9683505892753601
13752,0.099,0.9814197421073914
13753,0.1174,0.9738277196884155
13754,0.2072,0.9477890133857727
13755,0.1145,0.9743589758872986
13756,0.138,0.9669724702835083
13757,0.1468,0.9578742980957031
13758,0.1434,0.9669474959373474
13759,0.1169,0.975944995880127
13760,0.2286,0.9490121006965637
13761,0.1575,0.9647318124771118
13762,0.2029,0.9561082720756531
13763,0.2313,0.9420821070671082
13764,0.1647,0.954402506351471
13765,0.2352,0.938167929649353
13766,0.2695,0.9284148812294006
13767,0.2546,0.9388971924781799
13768,0.2679,0.9370735287666321
13769,0.1953,0.953177273273468
13770,0.2358,0.9391513466835022
13771,0.3268,0.9233716726303101
13772,0.2025,0.9558948278427124
13773,0.2843,0.9318364262580872
13774,0.2307,0.9417309165000916
13775,0.2075,0.9496337175369263
13776,0.2427,0.9403747916221619
13777,0.281,0.9348010420799255
13778,0.3026,0.9145077466964722
13779,0.2721,0.926534116268158
13780,0.2458,0.9292196035385132
13781,0.2277,0.9435028433799744
13782,0.2249,0.951886773109436
13783,0.221,0.9420018792152405
13784,0.2527,0.9313543438911438
13785,0.1668,0.9567510485649109
13786,0.2251,0.9425641298294067
13787,0.1847,0.944676399230957
13788,0.2592,0.9380252361297607
13789,0.2293,0.9370558261871338
13790,0.2118,0.9471365809440613
13791,0.2378,0.9458023309707642
13792,0.2403,0.9409799575805664
13793,0.3317,0.9048672318458557
13794,0.3364,0.927293062210083
13795,0.2378,0.934959352016449
13796,0.1956,0.9439140558242798
13797,0.2397,0.9389221668243408
13798,0.3087,0.9218559265136719
13799,0.2184,0.9427480697631836
13800,0.1999,0.9478138089179993
13801,0.2042,0.9509446620941162
13802,0.0888,0.9796609878540039
13803,0.0826,0.982598602771759
13804,0.1636,0.96251380443573
13805,0.1328,0.9732420444488525
13806,0.1287,0.9720960259437561
13807,0.127,0.9676353931427002
13808,0.158,0.9627623558044434
13809,0.1049,0.9801762104034424
13810,0.2089,0.9496688842773438
13811,0.1917,0.9551799893379211
13812,0.1632,0.9649379253387451
13813,0.1896,0.9556213021278381
13814,0.2209,0.9413841962814331
13815,0.2055,0.947568416595459
13816,0.2245,0.9413110017776489
13817,0.1774,0.9570063948631287
13818,0.1996,0.9442771077156067
13819,0.2811,0.9292101263999939
13820,0.3147,0.9281200766563416
13821,0.2133,0.9548439979553223
13822,0.1946,0.9472855925559998
13823,0.3158,0.9251543283462524
13824,0.2592,0.9441100358963013
13825,0.2075,0.9440000057220459
13826,0.1426,0.9629629850387573
13827,0.25,0.9413309693336487
13828,0.2176,0.9411240220069885
13829,0.2908,0.9233971834182739
13830,0.1937,0.9429622888565063
13831,0.2693,0.9309701323509216
13832,0.2404,0.9406220316886902
13833,0.2663,0.9246935248374939
13834,0.1914,0.940057098865509
13835,0.2769,0.9388889074325562
13836,0.2632,0.936251163482666
13837,0.2424,0.9332004189491272
13838,0.2533,0.9275970458984375
13839,0.2213,0.944676399230957
13840,0.2109,0.9474860429763794
13841,0.3264,0.9219409227371216
13842,0.2505,0.9458239078521729
13843,0.2044,0.9439461827278137
13844,0.1976,0.9478563070297241
13845,0.2902,0.92984539270401
13846,0.2269,0.9413173794746399
13847,0.2747,0.9330943822860718
13848,0.2345,0.938725471496582
13849,0.2592,0.9363057613372803
13850,0.1977,0.9506347179412842
13851,0.3362,0.9263193011283875
13852,0.1351,0.9680324196815491
13853,0.1872,0.9544962048530579
13854,0.1402,0.9659027457237244
13855,0.1636,0.9626280665397644
13856,0.1235,0.9708914756774902
13857,0.139,0.962205708026886
13858,0.1671,0.9568527936935425
13859,0.1271,0.9727272987365723
13860,0.1834,0.9583333134651184
13861,0.2304,0.9446390867233276
13862,0.1928,0.9558823704719543
13863,0.1438,0.958122730255127
13864,0.192,0.9595588445663452
13865,0.1978,0.9486196041107178
13866,0.2225,0.9390420913696289
13867,0.2293,0.9511077404022217
13868,0.1692,0.9635332226753235
13869,0.1838,0.9509881138801575
13870,0.2104,0.9414594769477844
13871,0.1567,0.9542708992958069
13872,0.2405,0.9448946714401245
13873,0.2936,0.9348689317703247
13874,0.2268,0.9386252164840698
13875,0.1973,0.953630805015564
13876,0.3123,0.9146644473075867
13877,0.2447,0.9348561763763428
13878,0.2489,0.935512363910675
13879,0.2333,0.9385426044464111
13880,0.1978,0.9544131755828857
13881,0.2584,0.9344115257263184
13882,0.3454,0.922735333442688
13883,0.2423,0.9312906265258789
13884,0.2133,0.9531707167625427
13885,0.2635,0.9365994334220886
13886,0.2296,0.9408224821090698
13887,0.1984,0.9491525292396545
13888,0.2358,0.9312064051628113
13889,0.2384,0.9402229189872742
13890,0.2143,0.9467969536781311
13891,0.2708,0.9207507967948914
13892,0.2432,0.9356912970542908
13893,0.2209,0.9465301632881165
13894,0.2393,0.9328782558441162
13895,0.2289,0.9433525800704956
13896,0.2769,0.9205607771873474
13897,0.2837,0.9266272187232971
13898,0.2004,0.9395465850830078
13899,0.2162,0.9374217987060547
13900,0.2552,0.9382352828979492
13901,0.1,0.9812843799591064
13902,0.2038,0.9504331350326538
13903,0.0857,0.9794961810112
13904,0.1018,0.9735894203186035
13905,0.1673,0.9561998844146729
13906,0.3041,0.9291338324546814
13907,0.1262,0.9740518927574158
13908,0.2216,0.9536290168762207
13909,0.2873,0.9241555333137512
13910,0.2426,0.9477257132530212
13911,0.2233,0.9431664347648621
13912,0.2434,0.9314516186714172
13913,0.198,0.9472543597221375
13914,0.2238,0.9455977082252502
13915,0.112,0.9730831980705261
13916,0.2641,0.9336384534835815
13917,0.2065,0.9497206807136536
13918,0.1465,0.9679937362670898
13919,0.2442,0.9428334832191467
13920,0.2728,0.9335370659828186
13921,0.181,0.953125
13922,0.2529,0.9186992049217224
13923,0.1943,0.9493783116340637
13924,0.1861,0.9541779160499573
13925,0.3556,0.9245283007621765
13926,0.2618,0.9337860941886902
13927,0.2688,0.9256938099861145
13928,0.2788,0.9262152910232544
13929,0.1998,0.950276255607605
13930,0.2752,0.9288225173950195
13931,0.2568,0.9366071224212646
13932,0.2418,0.9361135959625244
13933,0.1854,0.9482758641242981
13934,0.2535,0.9331449866294861
13935,0.2496,0.9388349652290344
13936,0.2937,0.9312681555747986
13937,0.2622,0.9398573040962219
13938,0.2803,0.9349112510681152
13939,0.2931,0.9245867729187012
13940,0.2735,0.9317023158073425
13941,0.259,0.9386436939239502
13942,0.2174,0.9552572965621948
13943,0.2771,0.929844081401825
13944,0.2487,0.9355190992355347
13945,0.1538,0.9596577286720276
13946,0.2117,0.9458483457565308
13947,0.2503,0.940334141254425
13948,0.2383,0.9386503100395203
13949,0.3132,0.9276649951934814
13950,0.2987,0.9345238208770752
13951,0.1467,0.9688779711723328
13952,0.119,0.9743589758872986
13953,0.1211,0.9715560674667358
13954,0.1765,0.957151472568512
13955,0.101,0.9712499976158142
13956,0.1327,0.9684625267982483
13957,0.1141,0.9727979302406311
13958,0.1844,0.9569495916366577
13959,0.2177,0.9433333277702332
13960,0.2398,0.9369720816612244
13961,0.148,0.9599999785423279
13962,0.2232,0.9448979496955872
13963,0.1713,0.9592894315719604
13964,0.0953,0.9805296063423157
13965,0.1782,0.9571122527122498
13966,0.2405,0.937723696231842
13967,0.2335,0.9388071298599243
13968,0.1945,0.9579365253448486
13969,0.1871,0.9477977156639099
13970,0.2484,0.9419913291931152
13971,0.1603,0.9573268890380859
13972,0.202,0.9493355751037598
13973,0.201,0.9543946981430054
13974,0.2435,0.938524603843689
13975,0.2804,0.9316375255584717
13976,0.225,0.9555555582046509
13977,0.2217,0.9424778819084167
13978,0.1978,0.9429348111152649
13979,0.2334,0.9372727274894714
13980,0.259,0.9355670213699341
13981,0.2964,0.9326047301292419
13982,0.2656,0.9287019968032837
13983,0.2264,0.9434137344360352
13984,0.2412,0.9396939873695374
13985,0.2625,0.9243542551994324
13986,0.1994,0.9510926008224487
13987,0.3042,0.924369752407074
13988,0.2999,0.9207436442375183
13989,0.2901,0.9315332770347595
13990,0.2291,0.9459735155105591
13991,0.1937,0.9462810158729553
13992,0.2151,0.936898410320282
13993,0.1964,0.9461538195610046
13994,0.2494,0.9419496059417725
13995,0.2459,0.9291338324546814
13996,0.2222,0.9383720755577087
13997,0.2715,0.9274486303329468
13998,0.2101,0.954023003578186
13999,0.2629,0.93376624584198
14000,0.2537,0.9483013153076172
14001,0.1772,0.9604043960571289
14002,0.1489,0.9688775539398193
14003,0.1153,0.9717090129852295
14004,0.103,0.9756944179534912
14005,0.087,0.9813316464424133
14006,0.1514,0.9614906907081604
14007,0.1635,0.9589712023735046
14008,0.1331,0.9725848436355591
14009,0.1143,0.9722222089767456
14010,0.2539,0.9407806396484375
14011,0.2384,0.9437890648841858
14012,0.2161,0.9433962106704712
14013,0.1706,0.955538809299469
14014,0.2227,0.9454806447029114
14015,0.192,0.9490636587142944
14016,0.2673,0.9340579509735107
14017,0.2037,0.9416730403900146
14018,0.2187,0.9435857534408569
14019,0.1857,0.9547697305679321
14020,0.2611,0.9454545378684998
14021,0.2084,0.9459041953086853
14022,0.2412,0.9365853667259216
14023,0.2199,0.9392712712287903
14024,0.2463,0.9391233921051025
14025,0.1701,0.9537777900695801
14026,0.2355,0.9444444179534912
14027,0.1814,0.9555555582046509
14028,0.2518,0.92998206615448
14029,0.4096,0.9070723652839661
14030,0.2779,0.9187062978744507
14031,0.2782,0.9298245906829834
14032,0.2865,0.9283053874969482
14033,0.2229,0.9423828125
14034,0.3129,0.9247506856918335
14035,0.1736,0.9560209512710571
14036,0.2209,0.9484327435493469
14037,0.2455,0.937901496887207
14038,0.264,0.9323770403862
14039,0.2417,0.9379600286483765
14040,0.2148,0.9411764740943909
14041,0.2533,0.9344632625579834
14042,0.2178,0.9359550476074219
14043,0.2635,0.9316628575325012
14044,0.24,0.9399038553237915
14045,0.1969,0.9482551217079163
14046,0.2406,0.9383886456489563
14047,0.2363,0.9419035911560059
14048,0.2812,0.9279392957687378
14049,0.2882,0.9238578677177429
14050,0.2922,0.9229691624641418
14051,0.0894,0.9803422093391418
14052,0.1001,0.9761784076690674
14053,0.1344,0.9670782089233398
14054,0.1523,0.962699830532074
14055,0.2416,0.9492043852806091
14056,0.1449,0.9689826369285583
14057,0.1583,0.9650218486785889
14058,0.1975,0.9495440721511841
14059,0.1276,0.9734042286872864
14060,0.1705,0.9589225649833679
14061,0.1123,0.975683867931366
14062,0.1789,0.959479033946991
14063,0.14,0.9676175713539124
14064,0.1138,0.9648093581199646
14065,0.2363,0.9335849285125732
14066,0.2051,0.948622465133667
14067,0.1986,0.948738157749176
14068,0.1639,0.9604287147521973
14069,0.2544,0.9349890351295471
14070,0.3469,0.923252284526825
14071,0.2557,0.9377915859222412
14072,0.284,0.9274653792381287
14073,0.2518,0.9332804083824158
14074,0.1613,0.9614003300666809
14075,0.2975,0.9151610136032104
14076,0.2009,0.9493007063865662
14077,0.2537,0.9393680691719055
14078,0.2222,0.9427083134651184
14079,0.1632,0.9624541997909546
14080,0.2226,0.9496337175369263
14081,0.227,0.935245156288147
14082,0.2744,0.935978353023529
14083,0.3278,0.9206492304801941
14084,0.252,0.9407955408096313
14085,0.2793,0.9409486651420593
14086,0.2898,0.921875
14087,0.2062,0.946946918964386
14088,0.2869,0.9372469782829285
14089,0.2368,0.9390863180160522
14090,0.251,0.9354207515716553
14091,0.2502,0.938043475151062
14092,0.2058,0.9404630661010742
14093,0.2034,0.9498327970504761
14094,0.2597,0.928260862827301
14095,0.1865,0.9532374143600464
14096,0.2466,0.9337978959083557
14097,0.2605,0.9290012121200562
14098,0.2858,0.9366459846496582
14099,0.2465,0.9363296031951904
14100,0.273,0.9325681328773499
14101,0.162,0.9624526500701904
14102,0.1449,0.9671218991279602
14103,0.1366,0.9667877554893494
14104,0.1451,0.9703440070152283
14105,0.1035,0.97826087474823
14106,0.2181,0.9518292546272278
14107,0.1523,0.9619289636611938
14108,0.1242,0.9727705717086792
14109,0.1073,0.9773392081260681
14110,0.1784,0.9513213038444519
14111,0.2313,0.9447368383407593
14112,0.227,0.9508771896362305
14113,0.1811,0.9531821608543396
14114,0.2188,0.9446107745170593
14115,0.227,0.9506531357765198
14116,0.199,0.9483013153076172
14117,0.3164,0.9212543368339539
14118,0.2251,0.9357870221138
14119,0.2849,0.9247311949729919
14120,0.2774,0.9275578856468201
14121,0.1567,0.9579038023948669
14122,0.2302,0.9404485821723938
14123,0.1754,0.94919353723526
14124,0.2493,0.940334141254425
14125,0.1983,0.9518672227859497
14126,0.2188,0.93855220079422
14127,0.235,0.946107804775238
14128,0.34,0.908346951007843
14129,0.2336,0.9448082447052002
14130,0.2178,0.9513951539993286
14131,0.2243,0.937269389629364
14132,0.1964,0.9417206048965454
14133,0.2193,0.9462365508079529
14134,0.2472,0.9415584206581116
14135,0.2662,0.9331476092338562
14136,0.3096,0.917466402053833
14137,0.2808,0.9294449687004089
14138,0.2099,0.9359503984451294
14139,0.2896,0.928071916103363
14140,0.2633,0.9331243634223938
14141,0.2198,0.9418729543685913
14142,0.2071,0.9498289823532104
14143,0.2712,0.934569239616394
14144,0.2968,0.9274725317955017
14145,0.2535,0.9263392686843872
14146,0.2459,0.9395296573638916
14147,0.303,0.9249706864356995
14148,0.2319,0.937122106552124
14149,0.2903,0.9267989993095398
14150,0.1699,0.9478138089179993
14151,0.1215,0.9706470966339111
14152,0.1676,0.9624478220939636
14153,0.1544,0.9651685357093811
14154,0.1332,0.9746286869049072
14155,0.1818,0.9550561904907227
14156,0.1689,0.9581454992294312
14157,0.1626,0.9555837512016296
14158,0.207,0.9523494243621826
14159,0.2676,0.9329794049263
14160,0.1539,0.9586600065231323
14161,0.1601,0.9582152962684631
14162,0.1582,0.959854006767273
14163,0.2036,0.9486623406410217
14164,0.1418,0.9655172228813171
14165,0.2055,0.9452773332595825
14166,0.1176,0.9735755324363708
14167,0.1869,0.9510825872421265
14168,0.1825,0.9528377056121826
14169,0.2779,0.9288506507873535
14170,0.2158,0.9542372822761536
14171,0.2253,0.9437298774719238
14172,0.2306,0.9450914859771729
14173,0.1716,0.9586498141288757
14174,0.3089,0.9240000247955322
14175,0.233,0.9376538395881653
14176,0.2704,0.926787257194519
14177,0.2367,0.9406706690788269
14178,0.2054,0.949999988079071
14179,0.2232,0.9429097771644592
14180,0.2321,0.9402573704719543
14181,0.2136,0.948387086391449
14182,0.2322,0.9384469985961914
14183,0.3087,0.9271217584609985
14184,0.3097,0.9172154068946838
14185,0.2499,0.9332042336463928
14186,0.2574,0.9318403005599976
14187,0.2646,0.9326171875
14188,0.2434,0.9344096779823303
14189,0.2409,0.9399563074111938
14190,0.217,0.9429778456687927
14191,0.2011,0.9427645802497864
14192,0.2422,0.9438202381134033
14193,0.3076,0.9261301159858704
14194,0.302,0.9225589036941528
14195,0.2555,0.9435774087905884
14196,0.2803,0.9324009418487549
14197,0.2274,0.9474969506263733
14198,0.185,0.9509434103965759
14199,0.2172,0.943538248538971
14200,0.1986,0.9400278925895691
14201,0.234,0.9403917193412781
14202,0.0761,0.9859747290611267
14203,0.1258,0.9740465879440308
14204,0.1212,0.9728323817253113
14205,0.1743,0.9550089836120605
14206,0.1062,0.9795265793800354
14207,0.14,0.9693290591239929
14208,0.1198,0.9712827205657959
14209,0.2105,0.9491307139396667
14210,0.1644,0.9645436406135559
14211,0.2248,0.9460188746452332
14212,0.1405,0.9714285731315613
14213,0.2085,0.9433833360671997
14214,0.1873,0.9548816680908203
14215,0.106,0.9671737551689148
14216,0.2753,0.9372609257698059
14217,0.2157,0.947571337223053
14218,0.2622,0.931654691696167
14219,0.174,0.9604037404060364
14220,0.3128,0.9138187170028687
14221,0.2808,0.9336530566215515
14222,0.1664,0.9594370722770691
14223,0.2629,0.9328185319900513
14224,0.2644,0.9284009337425232
14225,0.2912,0.9238329529762268
14226,0.1747,0.9611830115318298
14227,0.1776,0.9543103575706482
14228,0.2065,0.9404186606407166
14229,0.1833,0.9581151604652405
14230,0.3201,0.9235720038414001
14231,0.2388,0.9450139999389648
14232,0.3089,0.9200000166893005
14233,0.2165,0.9405756592750549
14234,0.2683,0.9330954551696777
14235,0.2578,0.9369369149208069
14236,0.3048,0.9261622428894043
14237,0.2433,0.9408960938453674
14238,0.3117,0.9211538434028625
14239,0.2704,0.925815999507904
14240,0.2048,0.9509202241897583
14241,0.2434,0.9319066405296326
14242,0.2493,0.9351063966751099
14243,0.3039,0.9219934940338135
14244,0.2997,0.928260862827301
14245,0.2507,0.9269102811813354
14246,0.2089,0.9402810335159302
14247,0.3105,0.9142525792121887
14248,0.2545,0.931034505367279
14249,0.232,0.9498746991157532
14250,0.1969,0.9523099660873413
14251,0.1257,0.9680408835411072
14252,0.2324,0.9423323273658752
14253,0.1919,0.9529411792755127
14254,0.1738,0.9605262875556946
14255,0.1267,0.9727107286453247
14256,0.1136,0.968866765499115
14257,0.1283,0.9669631719589233
14258,0.3097,0.9294341802597046
14259,0.1826,0.951766312122345
14260,0.1076,0.9765329360961914
14261,0.1437,0.9584569931030273
14262,0.2427,0.9473684430122375
14263,0.2635,0.9530249238014221
14264,0.2333,0.9381223320960999
14265,0.199,0.9523077011108398
14266,0.2002,0.9546166062355042
14267,0.2023,0.9494556784629822
14268,0.1933,0.9419252276420593
14269,0.1629,0.962727963924408
14270,0.2323,0.9423676133155823
14271,0.2803,0.9343236684799194
14272,0.249,0.9397689700126648
14273,0.2692,0.9282868504524231
14274,0.1715,0.9616695046424866
14275,0.2125,0.9384615421295166
14276,0.241,0.9382925033569336
14277,0.1434,0.9661921858787537
14278,0.2747,0.9366554021835327
14279,0.1107,0.977142870426178
14280,0.2157,0.9462962746620178
14281,0.2877,0.9278717637062073
14282,0.2187,0.9406779408454895
14283,0.2793,0.9304912090301514
14284,0.2053,0.9421800971031189
14285,0.3337,0.9235127568244934
14286,0.2593,0.9333333373069763
14287,0.2224,0.9371196627616882
14288,0.3255,0.9203703999519348
14289,0.2751,0.9187313914299011
14290,0.2161,0.9452201724052429
14291,0.232,0.9334741234779358
14292,0.2676,0.9267759323120117
14293,0.2118,0.9480812549591064
14294,0.2459,0.9366359710693359
14295,0.2296,0.9367815852165222
14296,0.2376,0.9435483813285828
14297,0.2214,0.9433735013008118
14298,0.2284,0.9460154175758362
14299,0.2285,0.937336802482605
14300,0.2289,0.9426573514938354
14301,0.0959,0.9801051020622253
14302,0.0863,0.9796926379203796
14303,0.1272,0.9640247225761414
14304,0.1836,0.9575384855270386
14305,0.1352,0.9668750166893005
14306,0.2333,0.9442379474639893
14307,0.1537,0.9598912596702576
14308,0.1964,0.9525666236877441
14309,0.1443,0.9588563442230225
14310,0.1935,0.9468371272087097
14311,0.1148,0.9784637689590454
14312,0.1591,0.9632683396339417
14313,0.2181,0.944915235042572
14314,0.2776,0.9247090816497803
14315,0.1411,0.9679633975028992
14316,0.1834,0.9595559239387512
14317,0.191,0.9510040283203125
14318,0.1759,0.9623568058013916
14319,0.2645,0.9307931661605835
14320,0.2622,0.9405320882797241
14321,0.1932,0.9578313231468201
14322,0.1929,0.9442198872566223
14323,0.2406,0.9413223266601562
14324,0.3036,0.9240407347679138
14325,0.2834,0.944727897644043
14326,0.3306,0.9200000166893005
14327,0.3018,0.9338358640670776
14328,0.2628,0.9337748289108276
14329,0.2213,0.9459002614021301
14330,0.2707,0.9373192191123962
14331,0.2498,0.9361135959625244
14332,0.2737,0.9319371581077576
14333,0.2763,0.9211909174919128
14334,0.2308,0.9364326596260071
14335,0.2354,0.9325736165046692
14336,0.2845,0.9235352277755737
14337,0.3063,0.9198542833328247
14338,0.2481,0.9216241836547852
14339,0.3054,0.929423451423645
14340,0.2982,0.922848641872406
14341,0.2758,0.9270516633987427
14342,0.2173,0.9421841502189636
14343,0.2379,0.9334049224853516
14344,0.2668,0.9280261993408203
14345,0.2641,0.9389567375183105
14346,0.2437,0.9414414167404175
14347,0.2085,0.9460726976394653
14348,0.3012,0.9257907271385193
14349,0.2585,0.9442331790924072
14350,0.2348,0.9370816349983215
14351,0.1747,0.9611371159553528
14352,0.1601,0.9573850035667419
14353,0.1099,0.9760956168174744
14354,0.1658,0.955543041229248
14355,0.1122,0.9743750095367432
14356,0.1587,0.9597141146659851
14357,0.1241,0.9698681831359863
14358,0.1348,0.9658227562904358
14359,0.1573,0.9670637845993042
14360,0.2128,0.9512525200843811
14361,0.132,0.9715120792388916
14362,0.1759,0.9554455280303955
14363,0.1681,0.9588631391525269
14364,0.1554,0.9650793671607971
14365,0.1747,0.953592836856842
14366,0.2265,0.9443996548652649
14367,0.1725,0.9586434960365295
14368,0.217,0.9419087171554565
14369,0.2575,0.9418032765388489
14370,0.1568,0.9669643044471741
14371,0.2073,0.9486329555511475
14372,0.227,0.948051929473877
14373,0.2215,0.9393694400787354
14374,0.2496,0.932574450969696
14375,0.2304,0.9384492635726929
14376,0.2416,0.938293993473053
14377,0.2233,0.9416961073875427
14378,0.2015,0.9477477669715881
14379,0.2505,0.9391770958900452
14380,0.2113,0.9506769776344299
14381,0.1974,0.9462465047836304
14382,0.2599,0.9356343150138855
14383,0.231,0.9451277256011963
14384,0.2174,0.9412341117858887
14385,0.2432,0.9350775480270386
14386,0.328,0.9279538989067078
14387,0.1989,0.9462025165557861
14388,0.2428,0.938524603843689
14389,0.2163,0.9491150379180908
14390,0.2428,0.9335442781448364
14391,0.3121,0.917894721031189
14392,0.2318,0.9367815852165222
14393,0.2825,0.926182210445404
14394,0.2613,0.9239373803138733
14395,0.1898,0.9474912285804749
14396,0.2307,0.9411085247993469
14397,0.2521,0.928398072719574
14398,0.2503,0.9382715821266174
14399,0.1612,0.9653401970863342
14400,0.2819,0.9447949528694153
14401,0.1375,0.9675182700157166
14402,0.1692,0.9611839056015015
14403,0.1576,0.9634817242622375
14404,0.1469,0.9642258286476135
14405,0.1091,0.9704068899154663
14406,0.1767,0.9545454382896423
14407,0.1252,0.972483217716217
14408,0.1574,0.9613621234893799
14409,0.2054,0.9473684430122375
14410,0.1242,0.9732465744018555
14411,0.2004,0.9538024067878723
14412,0.2156,0.9433310031890869
14413,0.1572,0.9673003554344177
14414,0.2088,0.95033860206604
14415,0.124,0.9726027250289917
14416,0.2049,0.9464422464370728
14417,0.1694,0.9548929929733276
14418,0.2703,0.9312452077865601
14419,0.268,0.9388889074325562
14420,0.2504,0.9376538395881653
14421,0.2303,0.9464131593704224
14422,0.272,0.9241706132888794
14423,0.2464,0.9395229816436768
14424,0.2579,0.9291882514953613
14425,0.2797,0.9341216087341309
14426,0.2312,0.9419680237770081
14427,0.1762,0.9535095691680908
14428,0.212,0.9432989954948425
14429,0.3005,0.919966995716095
14430,0.269,0.931544840335846
14431,0.2167,0.9443938136100769
14432,0.2534,0.9296663403511047
14433,0.3162,0.9290322661399841
14434,0.2949,0.9205909371376038
14435,0.2647,0.9296333193778992
14436,0.2819,0.9330708384513855
14437,0.2115,0.9481037855148315
14438,0.2618,0.9292035102844238
14439,0.2054,0.9505494236946106
14440,0.2414,0.93388432264328
14441,0.2474,0.9451901316642761
14442,0.2105,0.9449438452720642
14443,0.2312,0.9318681359291077
14444,0.2813,0.9299781322479248
14445,0.2534,0.929561197757721
14446,0.2853,0.9255440831184387
14447,0.3014,0.9264705777168274
14448,0.2208,0.9388264417648315
14449,0.2213,0.9320261478424072
14450,0.1969,0.9554234743118286
14451,0.1642,0.959972620010376
14452,0.0961,0.9781420826911926
14453,0.1495,0.9669421315193176
14454,0.188,0.9537953734397888
14455,0.1033,0.9784126877784729
14456,0.0841,0.9796048402786255
14457,0.1087,0.9743083119392395
14458,0.185,0.9572478532791138
14459,0.1446,0.9691444635391235
14460,0.1995,0.9467127919197083
14461,0.1091,0.9728377461433411
14462,0.1571,0.9655172228813171
14463,0.1634,0.9567131400108337
14464,0.2033,0.9530791640281677
14465,0.1713,0.9527897238731384
14466,0.2691,0.9263232946395874
14467,0.317,0.9190166592597961
14468,0.249,0.9371727705001831
14469,0.2141,0.9466776251792908
14470,0.2138,0.9406099319458008
14471,0.2178,0.9455445408821106
14472,0.1873,0.953125
14473,0.1251,0.9669771194458008
14474,0.156,0.9568527936935425
14475,0.195,0.9475873708724976
14476,0.2004,0.9382826685905457
14477,0.1893,0.9535316228866577
14478,0.2892,0.9249116778373718
14479,0.2833,0.932282030582428
14480,0.2764,0.9240614175796509
14481,0.238,0.9405756592750549
14482,0.2514,0.9343200922012329
14483,0.232,0.9460227489471436
14484,0.2676,0.9357208609580994
14485,0.2501,0.9345524311065674
14486,0.2342,0.9431471824645996
14487,0.2472,0.9353233575820923
14488,0.2582,0.9321862459182739
14489,0.2805,0.9253578782081604
14490,0.2471,0.9335378408432007
14491,0.2298,0.9480968713760376
14492,0.3271,0.9143468737602234
14493,0.2445,0.9376391768455505
14494,0.2117,0.9333333373069763
14495,0.2481,0.9359720349311829
14496,0.2095,0.9397590160369873
14497,0.2093,0.9339045286178589
14498,0.2732,0.9290241003036499
14499,0.2088,0.9481865167617798
14500,0.2344,0.9489796161651611
14501,0.1586,0.963543713092804
14502,0.1146,0.9779627919197083
14503,0.1457,0.9646408557891846
14504,0.1567,0.9639584422111511
14505,0.1578,0.9632169604301453
14506,0.1349,0.9669588804244995
14507,0.4308,0.9058756232261658
14508,0.2317,0.93658846616745
14509,0.2376,0.9344151616096497
14510,0.174,0.9617834687232971
14511,0.1963,0.9457259178161621
14512,0.2688,0.9307535886764526
14513,0.187,0.952654242515564
14514,0.1868,0.956620991230011
14515,0.1931,0.9619970321655273
14516,0.2461,0.9381818175315857
14517,0.2232,0.946480929851532
14518,0.1832,0.9546178579330444
14519,0.1928,0.9515599608421326
14520,0.1765,0.956061840057373
14521,0.1605,0.9643463492393494
14522,0.2443,0.9290780425071716
14523,0.2319,0.9413164258003235
14524,0.2353,0.9308072328567505
14525,0.293,0.93438321352005
14526,0.2325,0.941077470779419
14527,0.2661,0.9399293065071106
14528,0.2158,0.9436123371124268
14529,0.2885,0.9140350818634033
14530,0.2334,0.9493212699890137
14531,0.2466,0.9355992674827576
14532,0.2229,0.9497584700584412
14533,0.2905,0.911149799823761
14534,0.2369,0.946124792098999
14535,0.2691,0.9294225573539734
14536,0.2423,0.9349904656410217
14537,0.2707,0.9247211813926697
14538,0.1341,0.9646408557891846
14539,0.3219,0.9276381731033325
14540,0.2256,0.9341825842857361
14541,0.1964,0.9458077549934387
14542,0.2625,0.9328932762145996
14543,0.2246,0.9384449124336243
14544,0.2655,0.9366666674613953
14545,0.2142,0.9420625567436218
14546,0.2775,0.9313501119613647
14547,0.2226,0.9462365508079529
14548,0.214,0.9384236335754395
14549,0.2623,0.9265463948249817
14550,0.2591,0.9342465996742249
14551,0.231,0.9539186954498291
14552,0.1254,0.9754055738449097
14553,0.153,0.9666845798492432
14554,0.0953,0.9779582619667053
14555,0.1452,0.9658762216567993
14556,0.1149,0.9730238318443298
14557,0.1193,0.9714664816856384
14558,0.3913,0.9153798818588257
14559,0.2129,0.9516023397445679
14560,0.2568,0.9356763958930969
14561,0.3035,0.9280914068222046
14562,0.1378,0.9651081562042236
14563,0.2234,0.9487929940223694
14564,0.1972,0.9495856165885925
14565,0.1608,0.9636504054069519
14566,0.1797,0.9566841125488281
14567,0.1433,0.9655442237854004
14568,0.2358,0.9365994334220886
14569,0.1914,0.9456943273544312
14570,0.1745,0.9518367052078247
14571,0.1827,0.9563426971435547
14572,0.2016,0.9481022357940674
14573,0.2662,0.9404289126396179
14574,0.2119,0.9416000247001648
14575,0.2301,0.9379906058311462
14576,0.215,0.9456706047058105
14577,0.1903,0.947826087474823
14578,0.2049,0.94243985414505
14579,0.2614,0.9249374270439148
14580,0.1956,0.9498141407966614
14581,0.1842,0.9506517648696899
14582,0.1977,0.9393398761749268
14583,0.2832,0.9318801164627075
14584,0.2898,0.9172534942626953
14585,0.2322,0.9383301734924316
14586,0.2083,0.9320865869522095
14587,0.2586,0.9224054217338562
14588,0.2407,0.9416499137878418
14589,0.2451,0.9367219805717468
14590,0.2493,0.9370330572128296
14591,0.2247,0.9463722109794617
14592,0.2476,0.9332603812217712
14593,0.2669,0.9328107237815857
14594,0.2214,0.9388448596000671
14595,0.1831,0.9498806595802307
14596,0.2413,0.9450686573982239
14597,0.2223,0.9424280524253845
14598,0.2461,0.9388535022735596
14599,0.2908,0.9299362897872925
14600,0.2452,0.9419448375701904
14601,0.123,0.9752454161643982
14602,0.0919,0.9777777791023254
14603,0.3542,0.9279133081436157
14604,0.2997,0.9285305738449097
14605,0.1199,0.9749196171760559
14606,0.1119,0.9716677665710449
14607,0.1761,0.9598124623298645
14608,0.304,0.9381771683692932
14609,0.2087,0.9533607959747314
14610,0.1586,0.958728015422821
14611,0.1823,0.9555723071098328
14612,0.1287,0.9700161814689636
14613,0.1495,0.9675036668777466
14614,0.2792,0.9371345043182373
14615,0.2205,0.9568508863449097
14616,0.1928,0.9551534056663513
14617,0.1818,0.9567269682884216
14618,0.2743,0.9257314205169678
14619,0.3035,0.9219805002212524
14620,0.2678,0.9322034120559692
14621,0.2478,0.9440789222717285
14622,0.2483,0.9349794387817383
14623,0.1878,0.9497975707054138
14624,0.1965,0.9583333134651184
14625,0.1741,0.9582971334457397
14626,0.2547,0.936981737613678
14627,0.205,0.9473206400871277
14628,0.2407,0.9336169958114624
14629,0.2955,0.9282511472702026
14630,0.2817,0.9422018527984619
14631,0.2179,0.9399260878562927
14632,0.2484,0.9390134811401367
14633,0.2447,0.9333950281143188
14634,0.3179,0.9159212708473206
14635,0.2154,0.9376797676086426
14636,0.2684,0.9246704578399658
14637,0.2328,0.9444994926452637
14638,0.2559,0.9276511669158936
14639,0.235,0.9431072473526001
14640,0.2705,0.9315628409385681
14641,0.2249,0.9422268867492676
14642,0.2524,0.9391752481460571
14643,0.2372,0.9368191957473755
14644,0.2687,0.9367502927780151
14645,0.2259,0.9335585832595825
14646,0.2733,0.926182210445404
14647,0.264,0.9334126114845276
14648,0.2487,0.9349186420440674
14649,0.2177,0.9410256147384644
14650,0.3184,0.9164223074913025
14651,0.162,0.9601203799247742
14652,0.1027,0.9767932295799255
14653,0.1422,0.9666484594345093
14654,0.3067,0.9327403903007507
14655,0.2847,0.9344262480735779
14656,0.1208,0.9750639200210571
14657,0.2266,0.9386616945266724
14658,0.1594,0.958305299282074
14659,0.1622,0.9592123627662659
14660,0.1474,0.9687045216560364
14661,0.1376,0.9713024497032166
14662,0.1326,0.968124508857727
14663,0.303,0.9203947186470032
14664,0.2059,0.9474053382873535
14665,0.1637,0.963350772857666
14666,0.1884,0.9538341164588928
14667,0.2351,0.9437453746795654
14668,0.2349,0.9447004795074463
14669,0.0941,0.9755671620368958
14670,0.2822,0.9290989637374878
14671,0.1667,0.9569982886314392
14672,0.2358,0.936420738697052
14673,0.2048,0.9499151110649109
14674,0.2267,0.9393428564071655
14675,0.1879,0.9570345282554626
14676,0.2555,0.9388686418533325
14677,0.2372,0.9452523589134216
14678,0.187,0.9475555419921875
14679,0.3019,0.9241908192634583
14680,0.222,0.9429622888565063
14681,0.273,0.9260948896408081
14682,0.21,0.9466666579246521
14683,0.2961,0.9210526347160339
14684,0.221,0.9421568512916565
14685,0.2827,0.9268518686294556
14686,0.227,0.9533194899559021
14687,0.2753,0.9297872185707092
14688,0.2096,0.945492684841156
14689,0.2824,0.9197224974632263
14690,0.2345,0.9273285865783691
14691,0.2473,0.9334037899971008
14692,0.2586,0.9375
14693,0.1549,0.9587156176567078
14694,0.2004,0.9560315608978271
14695,0.2621,0.9389312863349915
14696,0.2524,0.9427262544631958
14697,0.2155,0.940191388130188
14698,0.2632,0.9388489127159119
14699,0.2861,0.927135705947876
14700,0.1521,0.9646539092063904
14701,0.1207,0.9737065434455872
14702,0.1073,0.9739685654640198
14703,0.087,0.9806522727012634
14704,0.2289,0.9451219439506531
14705,0.1572,0.9614243507385254
14706,0.1864,0.9523809552192688
14707,0.1472,0.967075526714325
14708,0.1387,0.9662390351295471
14709,0.1477,0.9618473649024963
14710,0.1205,0.9706704020500183
14711,0.1046,0.9737237095832825
14712,0.1831,0.9545777440071106
14713,0.2156,0.9491279125213623
14714,0.1984,0.9436222910881042
14715,0.2003,0.9483674764633179
14716,0.1519,0.9645506739616394
14717,0.2497,0.9349962472915649
14718,0.2083,0.9508460760116577
14719,0.3324,0.9131994247436523
14720,0.2227,0.9441041350364685
14721,0.3024,0.9149101972579956
14722,0.2728,0.9341792464256287
14723,0.2008,0.9388753175735474
14724,0.2127,0.9465587139129639
14725,0.1522,0.9621280431747437
14726,0.1981,0.9558199048042297
14727,0.2383,0.9456427693367004
14728,0.165,0.9546666741371155
14729,0.2953,0.9264069199562073
14730,0.2055,0.9444444179534912
14731,0.2569,0.934485912322998
14732,0.2331,0.9402573704719543
14733,0.2669,0.9264029264450073
14734,0.2483,0.935606062412262
14735,0.2894,0.9276437759399414
14736,0.1776,0.9517948627471924
14737,0.2111,0.9465020298957825
14738,0.2155,0.9469122290611267
14739,0.1928,0.9520089030265808
14740,0.245,0.9384288787841797
14741,0.2198,0.9427027106285095
14742,0.2227,0.9372861981391907
14743,0.2372,0.9353741407394409
14744,0.2046,0.9449438452720642
14745,0.2366,0.9408352375030518
14746,0.2438,0.9344073534011841
14747,0.2282,0.9474327564239502
14748,0.2297,0.9398772716522217
14749,0.2874,0.9268292784690857
14750,0.2048,0.9483568072319031
14751,0.1651,0.9599447250366211
14752,0.0942,0.9773477911949158
14753,0.0943,0.9810126423835754
14754,0.1477,0.9609041213989258
14755,0.0735,0.9813581705093384
14756,0.089,0.9818300008773804
14757,0.1322,0.9716024398803711
14758,0.1596,0.9591412544250488
14759,0.2171,0.9469273686408997
14760,0.1231,0.970802903175354
14761,0.2857,0.9293404817581177
14762,0.2607,0.9327354431152344
14763,0.2044,0.9418262243270874
14764,0.1656,0.9593373537063599
14765,0.2181,0.9468960165977478
14766,0.1717,0.9555555582046509
14767,0.2636,0.9267241358757019
14768,0.1844,0.9559543132781982
14769,0.166,0.9607056975364685
14770,0.206,0.9498355388641357
14771,0.194,0.9534313678741455
14772,0.2914,0.9321534037590027
14773,0.2336,0.9409351944923401
14774,0.1993,0.9492563605308533
14775,0.2092,0.9403479695320129
14776,0.1644,0.9577329754829407
14777,0.241,0.937158465385437
14778,0.2649,0.9282511472702026
14779,0.2353,0.9441489577293396
14780,0.286,0.9206081032752991
14781,0.2362,0.94525545835495
14782,0.2383,0.9358627200126648
14783,0.2941,0.9219858050346375
14784,0.2027,0.944556474685669
14785,0.2513,0.9335827827453613
14786,0.2115,0.9363369345664978
14787,0.2373,0.9317507147789001
14788,0.2446,0.9340770840644836
14789,0.2861,0.9245867729187012
14790,0.2351,0.931106448173523
14791,0.2052,0.9424306750297546
14792,0.245,0.9273318648338318
14793,0.1673,0.9567757248878479
14794,0.1864,0.9460093975067139
14795,0.2469,0.9403669834136963
14796,0.1928,0.9451888203620911
14797,0.2014,0.9481742978096008
14798,0.2942,0.9370546340942383
14799,0.2335,0.9420654773712158
14800,0.2116,0.9450704455375671
14801,0.2614,0.9458064436912537
14802,0.1246,0.9681899547576904
14803,0.1544,0.960131049156189
14804,0.1418,0.9643821120262146
14805,0.155,0.9634990692138672
14806,0.1153,0.970534086227417
14807,0.1931,0.9549055695533752
14808,0.1791,0.9551122188568115
14809,0.1946,0.9506579041481018
14810,0.1495,0.9672016501426697
14811,0.2018,0.9517638683319092
14812,0.1467,0.9650909304618835
14813,0.2359,0.9378612637519836
14814,0.1798,0.9650793671607971
14815,0.1161,0.9742971658706665
14816,0.1403,0.9703999757766724
14817,0.1746,0.953242838382721
14818,0.2083,0.9500396251678467
14819,0.2325,0.9380530714988708
14820,0.2164,0.9467408657073975
14821,0.2214,0.9499151110649109
14822,0.2324,0.9425758719444275
14823,0.1812,0.9527084827423096
14824,0.2303,0.9414674639701843
14825,0.2321,0.9379138946533203
14826,0.1955,0.9535316228866577
14827,0.1408,0.9623706340789795
14828,0.238,0.9392565488815308
14829,0.2613,0.93638676404953
14830,0.3293,0.9102455377578735
14831,0.3185,0.9195205569267273
14832,0.19,0.9518768191337585
14833,0.2266,0.9442413449287415
14834,0.1817,0.9536489248275757
14835,0.2792,0.9220055937767029
14836,0.2332,0.9470000267028809
14837,0.2602,0.9397473335266113
14838,0.1811,0.9521384835243225
14839,0.2438,0.9390756487846375
14840,0.2741,0.9229999780654907
14841,0.2744,0.929695725440979
14842,0.2328,0.9361936450004578
14843,0.286,0.9190372228622437
14844,0.1907,0.9461008906364441
14845,0.2615,0.9282407164573669
14846,0.2384,0.9393579363822937
14847,0.2063,0.9447174668312073
14848,0.2797,0.9311594367027283
14849,0.2643,0.9250936508178711
14850,0.2245,0.9476510286331177
14851,0.1186,0.9736939668655396
14852,0.1678,0.9586002826690674
14853,0.1753,0.9546166062355042
14854,0.1744,0.9624413251876831
14855,0.1267,0.9681817889213562
14856,0.1456,0.9654970765113831
14857,0.1902,0.9601798057556152
14858,0.1349,0.9627875685691833
14859,0.155,0.9617449641227722
14860,0.1923,0.9494609236717224
14861,0.1157,0.9694257974624634
14862,0.1822,0.9594992399215698
14863,0.2206,0.9470939040184021
14864,0.1686,0.9606656432151794
14865,0.1627,0.957995593547821
14866,0.2052,0.9500367641448975
14867,0.2049,0.9487370252609253
14868,0.1573,0.9658730030059814
14869,0.1378,0.9669694304466248
14870,0.2841,0.9290465712547302
14871,0.2211,0.9465460777282715
14872,0.1968,0.9474522471427917
14873,0.2483,0.9435028433799744
14874,0.2482,0.9404362440109253
14875,0.2421,0.9386038780212402
14876,0.1732,0.9569420218467712
14877,0.1921,0.9520906209945679
14878,0.2766,0.9371816515922546
14879,0.2388,0.935960590839386
14880,0.25,0.9402597546577454
14881,0.2581,0.9261261224746704
14882,0.2527,0.9328493475914001
14883,0.1972,0.9423604607582092
14884,0.2049,0.9486238360404968
14885,0.1908,0.9544609785079956
14886,0.1967,0.9501018524169922
14887,0.3039,0.92946857213974
14888,0.2731,0.9273631572723389
14889,0.189,0.9552549719810486
14890,0.2495,0.9337539672851562
14891,0.2086,0.9414893388748169
14892,0.2859,0.9299014210700989
14893,0.2626,0.9347116351127625
14894,0.2557,0.9312288761138916
14895,0.265,0.9355971813201904
14896,0.2349,0.9272727370262146
14897,0.2231,0.9379562139511108
14898,0.2075,0.9496855139732361
14899,0.2229,0.9445876479148865
14900,0.2151,0.9540740847587585
14901,0.1222,0.9762140512466431
14902,0.1021,0.9752380847930908
14903,0.3336,0.9229952096939087
14904,0.1699,0.9663572907447815
14905,0.1726,0.9594271779060364
14906,0.1498,0.9649010896682739
14907,0.126,0.9761742949485779
14908,0.101,0.9752407073974609
14909,0.1281,0.9605808854103088
14910,0.1235,0.9693593382835388
14911,0.1735,0.9545767307281494
14912,0.162,0.9557521939277649
14913,0.2152,0.9485294222831726
14914,0.2041,0.9571220874786377
14915,0.2664,0.935943067073822
14916,0.2,0.9508692622184753
14917,0.1903,0.9517611265182495
14918,0.1915,0.949367105960846
14919,0.1378,0.9646166563034058
14920,0.2085,0.9481245279312134
14921,0.2755,0.9336931109428406
14922,0.2302,0.9432176947593689
14923,0.2896,0.9230164885520935
14924,0.2153,0.9422442317008972
14925,0.2239,0.9428815245628357
14926,0.249,0.9352331757545471
14927,0.1829,0.9436501264572144
14928,0.2439,0.9378238320350647
14929,0.2226,0.9415929317474365
14930,0.3283,0.9066985845565796
14931,0.2607,0.939226508140564
14932,0.229,0.9377945065498352
14933,0.2877,0.9302103519439697
14934,0.2734,0.9263746738433838
14935,0.217,0.9367588758468628
14936,0.2734,0.9343283772468567
14937,0.2425,0.9384920597076416
14938,0.2532,0.9378185272216797
14939,0.2008,0.9469122290611267
14940,0.1759,0.9539473652839661
14941,0.223,0.9438444972038269
14942,0.2194,0.9451152682304382
14943,0.2359,0.9403824806213379
14944,0.2521,0.9377777576446533
14945,0.2821,0.9249146580696106
14946,0.2653,0.9366359710693359
14947,0.2491,0.946107804775238
14948,0.2455,0.9326805472373962
14949,0.2531,0.9405815601348877
14950,0.2267,0.9440353512763977
14951,0.1926,0.9537366628646851
14952,0.0957,0.9799675345420837
14953,0.1936,0.9547303915023804
14954,0.1765,0.9531713128089905
14955,0.091,0.9786163568496704
14956,0.1107,0.9720051884651184
14957,0.1105,0.9742698073387146
14958,0.1857,0.9497991800308228
14959,0.1381,0.9675036668777466
14960,0.155,0.9635714292526245
14961,0.2499,0.9324512481689453
14962,0.2466,0.9402877688407898
14963,0.3008,0.9311797618865967
14964,0.1852,0.9533483982086182
14965,0.1552,0.9611111283302307
14966,0.2833,0.9293597936630249
14967,0.1205,0.9770992398262024
14968,0.2343,0.9422764182090759
14969,0.2232,0.9448757767677307
14970,0.1756,0.9538087248802185
14971,0.264,0.9316960573196411
14972,0.2273,0.9411764740943909
14973,0.2659,0.9301032423973083
14974,0.1914,0.9541522264480591
14975,0.2877,0.9228855967521667
14976,0.1914,0.9567520022392273
14977,0.1972,0.9537366628646851
14978,0.2136,0.9390134811401367
14979,0.1766,0.9618320465087891
14980,0.2483,0.9352836608886719
14981,0.1623,0.954674243927002
14982,0.2579,0.929953932762146
14983,0.2672,0.9327102899551392
14984,0.1887,0.9417475461959839
14985,0.252,0.9319030046463013
14986,0.1918,0.9406036734580994
14987,0.1849,0.9564777612686157
14988,0.2868,0.9206510782241821
14989,0.2727,0.929423451423645
14990,0.2081,0.9540481567382812
14991,0.2287,0.9474272727966309
14992,0.2014,0.9465478658676147
14993,0.2446,0.9445727467536926
14994,0.2761,0.9248878955841064
14995,0.2004,0.949191689491272
14996,0.2579,0.9316843152046204
14997,0.2274,0.9382566809654236
14998,0.2278,0.9397293925285339
14999,0.2911,0.9298701286315918
15000,0.2522,0.9472096562385559
15001,0.1473,0.9674204587936401
15002,0.144,0.9644361138343811
15003,0.104,0.974739134311676
15004,0.1611,0.9662711024284363
15005,0.1815,0.9555160403251648
15006,0.1542,0.96953284740448
15007,0.1452,0.9576271176338196
15008,0.164,0.9608493447303772
15009,0.213,0.9435757994651794
15010,0.2199,0.946243941783905
15011,0.1078,0.9720430374145508
15012,0.2419,0.9375424385070801
15013,0.1955,0.9434102773666382
15014,0.272,0.9317073225975037
15015,0.1451,0.9626239538192749
15016,0.2688,0.9280415177345276
15017,0.1944,0.9433823823928833
15018,0.2938,0.9203158617019653
15019,0.2824,0.9329652786254883
15020,0.2557,0.938660204410553
15021,0.1913,0.9532710313796997
15022,0.2068,0.9443507790565491
15023,0.1845,0.9527897238731384
15024,0.2864,0.9226430058479309
15025,0.2515,0.9347639679908752
15026,0.1326,0.9670818448066711
15027,0.2613,0.9340567588806152
15028,0.2203,0.9446461200714111
15029,0.2082,0.9514018893241882
15030,0.239,0.9393656849861145
15031,0.2179,0.9459715485572815
15032,0.243,0.9353575110435486
15033,0.1986,0.955165684223175
15034,0.1986,0.9435084462165833
15035,0.2163,0.9473161101341248
15036,0.281,0.9252601861953735
15037,0.2628,0.9266144633293152
15038,0.2366,0.9390243887901306
15039,0.2118,0.9389234185218811
15040,0.229,0.9430052042007446
15041,0.2769,0.9293361902236938
15042,0.2464,0.9352750778198242
15043,0.2127,0.9460887908935547
15044,0.2825,0.9289558529853821
15045,0.2743,0.931034505367279
15046,0.2068,0.9362980723381042
15047,0.2396,0.939393937587738
15048,0.2663,0.92984539270401
15049,0.2691,0.9283065795898438
15050,0.202,0.9524495601654053
15051,0.0841,0.9783549904823303
15052,0.139,0.969613254070282
15053,0.1262,0.9672130942344666
15054,0.1399,0.9706858396530151
15055,0.1335,0.9688940048217773
15056,0.1272,0.965865969657898
15057,0.2063,0.9548633098602295
15058,0.1836,0.9568299055099487
15059,0.1837,0.9516128897666931
15060,0.1294,0.9703971147537231
15061,0.243,0.935761570930481
15062,0.2306,0.9471830725669861
15063,0.253,0.933917760848999
15064,0.2578,0.937583863735199
15065,0.1354,0.9650037288665771
15066,0.2464,0.9442028999328613
15067,0.2619,0.934025228023529
15068,0.2246,0.9408194422721863
15069,0.1954,0.9532403349876404
15070,0.2089,0.9540329575538635
15071,0.3064,0.9262295365333557
15072,0.1631,0.9614396095275879
15073,0.207,0.9472759366035461
15074,0.2121,0.9444444179534912
15075,0.2006,0.9481733441352844
15076,0.1757,0.9541206359863281
15077,0.1936,0.9522091746330261
15078,0.1975,0.9456244707107544
15079,0.282,0.9330434799194336
15080,0.2141,0.9450139999389648
15081,0.2552,0.9325363039970398
15082,0.2807,0.9247985482215881
15083,0.2571,0.9355140328407288
15084,0.3279,0.9165202379226685
15085,0.2574,0.930747926235199
15086,0.2429,0.9340101480484009
15087,0.2768,0.9344106316566467
15088,0.2791,0.9296333193778992
15089,0.2339,0.9480122327804565
15090,0.2263,0.940464198589325
15091,0.3159,0.9196242094039917
15092,0.1721,0.9452679753303528
15093,0.227,0.9291166663169861
15094,0.2483,0.930475115776062
15095,0.1686,0.9559524059295654
15096,0.1879,0.9529816508293152
15097,0.2475,0.9359129667282104
15098,0.2042,0.9451219439506531
15099,0.2482,0.9383825659751892
15100,0.216,0.9514706134796143
15101,0.1159,0.9750757813453674
15102,0.0758,0.9765037298202515
15103,0.0894,0.9750271439552307
15104,0.1752,0.9621737003326416
15105,0.1683,0.9654970765113831
15106,0.1718,0.9607142806053162
15107,0.134,0.9715522527694702
15108,0.18,0.9506329298019409
15109,0.1994,0.946138858795166
15110,0.2443,0.9415963888168335
15111,0.1406,0.9640546441078186
15112,0.15,0.9669302701950073
15113,0.114,0.9700461030006409
15114,0.2191,0.9365620613098145
15115,0.2674,0.9290232062339783
15116,0.2716,0.9339339137077332
15117,0.2252,0.9518458843231201
15118,0.142,0.9587955474853516
15119,0.1546,0.9624795913696289
15120,0.2173,0.9490703344345093
15121,0.2138,0.9417555332183838
15122,0.1933,0.9553719162940979
15123,0.2453,0.9377526044845581
15124,0.3142,0.9174942970275879
15125,0.1581,0.9559352397918701
15126,0.254,0.9344122409820557
15127,0.1855,0.9509151577949524
15128,0.3089,0.92555832862854
15129,0.2556,0.9273034930229187
15130,0.2651,0.9344978332519531
15131,0.2466,0.9414542317390442
15132,0.2171,0.9449715614318848
15133,0.2723,0.9256880879402161
15134,0.2552,0.9379115700721741
15135,0.235,0.9292828440666199
15136,0.3078,0.9272727370262146
15137,0.3015,0.9233791828155518
15138,0.3232,0.9233038425445557
15139,0.2297,0.9454545378684998
15140,0.2284,0.942208468914032
15141,0.2232,0.9384133815765381
15142,0.2296,0.9363839030265808
15143,0.2539,0.9306296706199646
15144,0.2991,0.9362688064575195
15145,0.2175,0.9417360424995422
15146,0.2776,0.9292343258857727
15147,0.2557,0.9306219816207886
15148,0.2831,0.9267676472663879
15149,0.2216,0.9388816356658936
15150,0.2972,0.9337260723114014
15151,0.1619,0.9657875895500183
15152,0.1542,0.9632533192634583
15153,0.123,0.9746767282485962
15154,0.1219,0.9735783934593201
15155,0.1061,0.9755469560623169
15156,0.1184,0.9715874195098877
15157,0.1735,0.9609557390213013
15158,0.1078,0.9707283973693848
15159,0.2081,0.9447969794273376
15160,0.2237,0.9455872774124146
15161,0.1455,0.9659913182258606
15162,0.1398,0.9657992720603943
15163,0.2261,0.9400673508644104
15164,0.138,0.9599417448043823
15165,0.2546,0.9332860112190247
15166,0.2771,0.9239888191223145
15167,0.156,0.9626749753952026
15168,0.2146,0.9542048573493958
15169,0.2758,0.9252830147743225
15170,0.2144,0.9483307003974915
15171,0.1616,0.9629310369491577
15172,0.2801,0.9252782464027405
15173,0.1759,0.9630252122879028
15174,0.1388,0.9662821888923645
15175,0.2445,0.9401348829269409
15176,0.2301,0.9444444179534912
15177,0.2357,0.941074550151825
15178,0.2602,0.9375582337379456
15179,0.2701,0.9288288354873657
15180,0.266,0.9245115518569946
15181,0.1922,0.95333331823349
15182,0.3549,0.9147005677223206
15183,0.2677,0.9285051226615906
15184,0.217,0.9496047496795654
15185,0.2221,0.9264705777168274
15186,0.227,0.9444985389709473
15187,0.2017,0.9509269595146179
15188,0.2755,0.9218910336494446
15189,0.2766,0.9300411343574524
15190,0.1899,0.9532814025878906
15191,0.2337,0.9419831037521362
15192,0.2544,0.9366272687911987
15193,0.231,0.9411123394966125
15194,0.2835,0.9223846793174744
15195,0.2812,0.9307958483695984
15196,0.2234,0.9383313059806824
15197,0.2138,0.9454094171524048
15198,0.2456,0.944168746471405
15199,0.2044,0.9430789351463318
15200,0.2377,0.9441996812820435
15201,0.2346,0.9383512735366821
15202,0.1018,0.9724862575531006
15203,0.13,0.9651548862457275
15204,0.1391,0.9715262055397034
15205,0.2141,0.9489558935165405
15206,0.1854,0.9592105150222778
15207,0.0918,0.9725568890571594
15208,0.1409,0.9686457514762878
15209,0.1919,0.9518317580223083
15210,0.1812,0.9581395387649536
15211,0.1383,0.9632300138473511
15212,0.1919,0.9517144560813904
15213,0.2556,0.9304812550544739
15214,0.1204,0.9713818430900574
15215,0.1866,0.9467766284942627
15216,0.2036,0.9522031545639038
15217,0.1721,0.9528517127037048
15218,0.2533,0.9314869046211243
15219,0.1614,0.9626390933990479
15220,0.2004,0.9512389898300171
15221,0.1766,0.9529314637184143
15222,0.304,0.9203540086746216
15223,0.2685,0.936241626739502
15224,0.1566,0.9551607370376587
15225,0.2022,0.9433164000511169
15226,0.2223,0.936480700969696
15227,0.1347,0.9671361446380615
15228,0.2266,0.9382608532905579
15229,0.1961,0.950305163860321
15230,0.1907,0.954291045665741
15231,0.2109,0.948924720287323
15232,0.1685,0.9566037654876709
15233,0.2173,0.9347623586654663
15234,0.2422,0.9372549057006836
15235,0.3044,0.9182736277580261
15236,0.2262,0.9471585154533386
15237,0.3186,0.923828125
15238,0.256,0.9284995198249817
15239,0.2483,0.9432623982429504
15240,0.2663,0.9242902398109436
15241,0.1408,0.9570621252059937
15242,0.1908,0.9463470578193665
15243,0.1971,0.9440175890922546
15244,0.2228,0.939841091632843
15245,0.2324,0.9403508901596069
15246,0.251,0.93552166223526
15247,0.2104,0.948317289352417
15248,0.2042,0.9450549483299255
15249,0.2262,0.9455958604812622
15250,0.2588,0.9418777823448181
15251,0.1349,0.963042676448822
15252,0.0936,0.977533221244812
15253,0.1295,0.9689963459968567
15254,0.1566,0.9634002447128296
15255,0.2576,0.9426633715629578
15256,0.1901,0.9610720872879028
15257,0.153,0.9655620455741882
15258,0.2374,0.943371057510376
15259,0.1196,0.9701383709907532
15260,0.2425,0.9416949152946472
15261,0.1836,0.9507494568824768
15262,0.2229,0.9425517916679382
15263,0.2313,0.9406548142433167
15264,0.2222,0.9375
15265,0.175,0.9597834348678589
15266,0.1169,0.9682669043540955
15267,0.2147,0.9451637268066406
15268,0.2239,0.9458204507827759
15269,0.2297,0.9489878416061401
15270,0.2275,0.9501634240150452
15271,0.2273,0.9496644139289856
15272,0.2495,0.9417003989219666
15273,0.2939,0.9326999187469482
15274,0.277,0.925774872303009
15275,0.2563,0.9288738369941711
15276,0.2348,0.9399176836013794
15277,0.2226,0.9367521405220032
15278,0.2522,0.9429065585136414
15279,0.2229,0.9448462724685669
15280,0.2161,0.9461467266082764
15281,0.3045,0.9212389588356018
15282,0.2466,0.939828097820282
15283,0.2976,0.9245463013648987
15284,0.2218,0.9443911910057068
15285,0.2373,0.9449113011360168
15286,0.2095,0.9408766627311707
15287,0.2688,0.9333977103233337
15288,0.205,0.9408817887306213
15289,0.2566,0.9191709756851196
15290,0.2639,0.9422875046730042
15291,0.2626,0.9410526156425476
15292,0.2182,0.939226508140564
15293,0.2586,0.9412416815757751
15294,0.3061,0.9246119856834412
15295,0.1911,0.9518779516220093
15296,0.2263,0.9366940259933472
15297,0.2744,0.9235436916351318
15298,0.2786,0.9366459846496582
15299,0.2488,0.9313358068466187
15300,0.239,0.9444444179534912
15301,0.131,0.9688321352005005
15302,0.1238,0.9713114500045776
15303,0.1468,0.9629825353622437
15304,0.1433,0.9624853730201721
15305,0.1337,0.9701685905456543
15306,0.1221,0.9724535346031189
15307,0.2283,0.9503768682479858
15308,0.1317,0.968666672706604
15309,0.1175,0.9755192995071411
15310,0.1688,0.9569816589355469
15311,0.1405,0.9669603705406189
15312,0.1747,0.9562314748764038
15313,0.2241,0.9499284625053406
15314,0.1928,0.9531362652778625
15315,0.1807,0.9548192620277405
15316,0.2404,0.9476439952850342
15317,0.2422,0.9377344250679016
15318,0.2011,0.9442293047904968
15319,0.2705,0.9338175654411316
15320,0.1554,0.9622317552566528
15321,0.1556,0.9536647200584412
15322,0.2372,0.9407526254653931
15323,0.2183,0.9406196475028992
15324,0.1694,0.9542708992958069
15325,0.2025,0.9498299360275269
15326,0.2067,0.9440559148788452
15327,0.2402,0.9380097985267639
15328,0.1568,0.9566786885261536
15329,0.1125,0.971319317817688
15330,0.3056,0.9187725782394409
15331,0.2372,0.9346224665641785
15332,0.126,0.9664974808692932
15333,0.2155,0.9374407529830933
15334,0.2226,0.947265625
15335,0.3145,0.9302973747253418
15336,0.265,0.9421734809875488
15337,0.2265,0.9458897113800049
15338,0.273,0.9326530694961548
15339,0.2572,0.9271457195281982
15340,0.283,0.9241164326667786
15341,0.1889,0.9527991414070129
15342,0.2251,0.9303590655326843
15343,0.2187,0.9454950094223022
15344,0.2912,0.9308390021324158
15345,0.2505,0.9298850297927856
15346,0.2092,0.9460726976394653
15347,0.3242,0.9214285612106323
15348,0.2156,0.9409593939781189
15349,0.2528,0.9341463446617126
15350,0.2163,0.9436997175216675
15351,0.1372,0.9661290049552917
15352,0.154,0.9607843160629272
15353,0.1449,0.9661017060279846
15354,0.1146,0.97153240442276
15355,0.1753,0.9591605067253113
15356,0.1421,0.9615877270698547
15357,0.1882,0.9549206495285034
15358,0.1437,0.9674385190010071
15359,0.1658,0.9522184133529663
15360,0.2161,0.9416846632957458
15361,0.2293,0.9394571781158447
15362,0.1573,0.9552129507064819
15363,0.2687,0.9374534487724304
15364,0.1962,0.9514046907424927
15365,0.1945,0.9561875462532043
15366,0.1711,0.9520440101623535
15367,0.2129,0.9444878697395325
15368,0.1868,0.9498039484024048
15369,0.2207,0.9456610083580017
15370,0.1468,0.958595871925354
15371,0.2176,0.9403239488601685
15372,0.2449,0.9387755393981934
15373,0.192,0.9542372822761536
15374,0.2791,0.923393726348877
15375,0.2289,0.9471365809440613
15376,0.2699,0.931587815284729
15377,0.2425,0.9395306706428528
15378,0.2971,0.9230769276618958
15379,0.2297,0.9378640651702881
15380,0.2427,0.947706401348114
15381,0.2166,0.9363449811935425
15382,0.2962,0.9217081665992737
15383,0.2464,0.9327014088630676
15384,0.2131,0.9431704878807068
15385,0.2041,0.9467336535453796
15386,0.2865,0.9334677457809448
15387,0.1939,0.9462025165557861
15388,0.2648,0.9335442781448364
15389,0.215,0.9344432950019836
15390,0.2216,0.9419218301773071
15391,0.2412,0.9392324090003967
15392,0.2292,0.9375
15393,0.1963,0.9470587968826294
15394,0.2547,0.9289740920066833
15395,0.265,0.9364162087440491
15396,0.2475,0.9342105388641357
15397,0.2369,0.9380316138267517
15398,0.25,0.9393173456192017
15399,0.2356,0.9407216310501099
15400,0.2257,0.9425113201141357
15401,0.114,0.9714065194129944
15402,0.1183,0.9761019945144653
15403,0.1397,0.9630038738250732
15404,0.1218,0.9748743772506714
15405,0.1169,0.9729241728782654
15406,0.1731,0.9570552110671997
15407,0.1702,0.9598784446716309
15408,0.1146,0.9737024307250977
15409,0.1745,0.9562377333641052
15410,0.2008,0.9490445852279663
15411,0.2463,0.9407008290290833
15412,0.1729,0.9596031308174133
15413,0.1334,0.9696745276451111
15414,0.2245,0.9468562602996826
15415,0.1307,0.9660347700119019
15416,0.2179,0.9463340640068054
15417,0.218,0.9457928538322449
15418,0.2121,0.9540693163871765
15419,0.2011,0.9567901492118835
15420,0.2612,0.9382239580154419
15421,0.1306,0.9636363387107849
15422,0.2175,0.9394190907478333
15423,0.2328,0.9435938596725464
15424,0.1548,0.9583333134651184
15425,0.2071,0.9451585412025452
15426,0.194,0.9460176825523376
15427,0.2172,0.948808491230011
15428,0.2313,0.9329805970191956
15429,0.2273,0.937158465385437
15430,0.2105,0.9418502449989319
15431,0.2369,0.9368029832839966
15432,0.2346,0.9463937878608704
15433,0.205,0.949404776096344
15434,0.2586,0.9301227331161499
15435,0.2581,0.9287749528884888
15436,0.2439,0.9436758756637573
15437,0.1955,0.9494736790657043
15438,0.2567,0.9273461103439331
15439,0.2437,0.9361924529075623
15440,0.2584,0.9240759015083313
15441,0.2247,0.9340540766716003
15442,0.1926,0.9334073066711426
15443,0.1978,0.9503858685493469
15444,0.2488,0.942791759967804
15445,0.2387,0.9330143332481384
15446,0.251,0.9316037893295288
15447,0.2197,0.9456790089607239
15448,0.2475,0.9352078437805176
15449,0.2596,0.9411764740943909
15450,0.315,0.9216783046722412
15451,0.0746,0.9862437844276428
15452,0.1459,0.9685941934585571
15453,0.1662,0.959793210029602
15454,0.1828,0.9570484757423401
15455,0.1673,0.9621973037719727
15456,0.153,0.9593446850776672
15457,0.2031,0.9467564225196838
15458,0.185,0.9595959782600403
15459,0.1405,0.9664879441261292
15460,0.192,0.9524779319763184
15461,0.181,0.9514696002006531
15462,0.2208,0.9455922842025757
15463,0.2292,0.9391796588897705
15464,0.2075,0.954402506351471
15465,0.1669,0.9552715420722961
15466,0.1557,0.9611111283302307
15467,0.3027,0.9166057109832764
15468,0.1808,0.950276255607605
15469,0.1892,0.9538216590881348
15470,0.1988,0.9466560482978821
15471,0.1764,0.9575353860855103
15472,0.2179,0.9397495985031128
15473,0.139,0.9646955132484436
15474,0.2475,0.9397192597389221
15475,0.1936,0.9544236063957214
15476,0.286,0.9290894269943237
15477,0.2758,0.929492712020874
15478,0.2349,0.9403508901596069
15479,0.2033,0.944343090057373
15480,0.2167,0.9402173757553101
15481,0.2842,0.9244791865348816
15482,0.2339,0.94017094373703
15483,0.2356,0.9286376237869263
15484,0.3133,0.9172093272209167
15485,0.2115,0.9448208808898926
15486,0.2497,0.9352589845657349
15487,0.2165,0.9505050778388977
15488,0.2578,0.9358841776847839
15489,0.2121,0.9409937858581543
15490,0.2531,0.93388432264328
15491,0.2067,0.9436936974525452
15492,0.257,0.9295774698257446
15493,0.2139,0.9441210627555847
15494,0.2206,0.9415073394775391
15495,0.2618,0.9260969758033752
15496,0.2324,0.9328703880310059
15497,0.2169,0.9391727447509766
15498,0.3135,0.9305724501609802
15499,0.2386,0.9430789351463318
15500,0.2469,0.9421720504760742
15501,0.081,0.9795620441436768
15502,0.1362,0.9679803252220154
15503,0.1346,0.9661273956298828
15504,0.16,0.9658018946647644
15505,0.1302,0.9662522077560425
15506,0.0998,0.973040759563446
15507,0.2174,0.9470553398132324
15508,0.2093,0.949999988079071
15509,0.1345,0.9683195352554321
15510,0.1934,0.9533287286758423
15511,0.1572,0.9605451822280884
15512,0.1921,0.95127272605896
15513,0.1805,0.9571220874786377
15514,0.1954,0.9578543901443481
15515,0.2034,0.9477556943893433
15516,0.1888,0.9548929929733276
15517,0.333,0.9267209768295288
15518,0.189,0.9527559280395508
15519,0.2324,0.9300225973129272
15520,0.122,0.9694793820381165
15521,0.1915,0.9541284441947937
15522,0.1896,0.952622652053833
15523,0.2943,0.9228370785713196
15524,0.2546,0.9386712312698364
15525,0.2223,0.937133252620697
15526,0.1905,0.9480409026145935
15527,0.1732,0.9567617177963257
15528,0.2315,0.9422222375869751
15529,0.2443,0.9310631155967712
15530,0.2852,0.9278169274330139
15531,0.3103,0.9246100783348083
15532,0.2764,0.9299191236495972
15533,0.2355,0.9380776286125183
15534,0.272,0.9344569444656372
15535,0.2699,0.9269663095474243
15536,0.2853,0.9231536984443665
15537,0.2612,0.9370078444480896
15538,0.1582,0.9584631323814392
15539,0.1873,0.9541088342666626
15540,0.2435,0.9362348318099976
15541,0.2441,0.9450430870056152
15542,0.189,0.9413716793060303
15543,0.2595,0.9388646483421326
15544,0.203,0.9472503066062927
15545,0.213,0.9489456415176392
15546,0.2457,0.9307958483695984
15547,0.2292,0.9459459185600281
15548,0.2606,0.9312499761581421
15549,0.2619,0.9333333373069763
15550,0.2234,0.9485628008842468
15551,0.123,0.9732468724250793
15552,0.1544,0.9621848464012146
15553,0.1119,0.9748322367668152
15554,0.1605,0.9639480113983154
15555,0.1067,0.9796673059463501
15556,0.1473,0.9648786783218384
15557,0.1446,0.9635449647903442
15558,0.1517,0.9659011960029602
15559,0.215,0.9427810907363892
15560,0.2545,0.9435261487960815
15561,0.2015,0.9536153078079224
15562,0.1703,0.957110583782196
15563,0.2347,0.9380471110343933
15564,0.3237,0.9168975353240967
15565,0.2154,0.9492424130439758
15566,0.2034,0.9414814710617065
15567,0.1942,0.9566193222999573
15568,0.221,0.9329268336296082
15569,0.307,0.9172113537788391
15570,0.2231,0.9399684071540833
15571,0.1351,0.9655751585960388
15572,0.267,0.938251793384552
15573,0.2307,0.9423701167106628
15574,0.3091,0.9191918969154358
15575,0.2523,0.942658543586731
15576,0.2085,0.9454390406608582
15577,0.2076,0.9482142925262451
15578,0.2186,0.945661723613739
15579,0.2117,0.9366515874862671
15580,0.278,0.9278261065483093
15581,0.3088,0.9162113070487976
15582,0.248,0.9330855011940002
15583,0.3243,0.9103260636329651
15584,0.2714,0.9213894009590149
15585,0.1808,0.9460285305976868
15586,0.2334,0.9469387531280518
15587,0.3021,0.9197292327880859
15588,0.2366,0.9353182911872864
15589,0.2265,0.9362549781799316
15590,0.1976,0.947201669216156
15591,0.285,0.9210256338119507
15592,0.2413,0.9365244507789612
15593,0.2572,0.9382199048995972
15594,0.2171,0.939704179763794
15595,0.2438,0.9322222471237183
15596,0.2103,0.9438596367835999
15597,0.2282,0.942514955997467
15598,0.2955,0.9295426607131958
15599,0.2498,0.946891188621521
15600,0.1912,0.9567809104919434
15601,0.1189,0.9722955226898193
15602,0.0856,0.9804015159606934
15603,0.0773,0.9840182662010193
15604,0.1594,0.9663110375404358
15605,0.0897,0.9775348901748657
15606,0.088,0.976860523223877
15607,0.1138,0.9762066602706909
15608,0.1698,0.9586666822433472
15609,0.1702,0.9625246524810791
15610,0.2652,0.9398242235183716
15611,0.2234,0.942671000957489
15612,0.1684,0.9556213021278381
15613,0.1248,0.9700374603271484
15614,0.209,0.9470293521881104
15615,0.1575,0.9596036672592163
15616,0.145,0.9593495726585388
15617,0.146,0.9650349617004395
15618,0.2018,0.9538106322288513
15619,0.1829,0.9555376172065735
15620,0.1771,0.9628713130950928
15621,0.196,0.9528145790100098
15622,0.1984,0.950710117816925
15623,0.3335,0.9114832282066345
15624,0.3622,0.909744381904602
15625,0.2579,0.9396078586578369
15626,0.2032,0.949744462966919
15627,0.1855,0.9611992835998535
15628,0.2627,0.9345549941062927
15629,0.1653,0.9599999785423279
15630,0.1912,0.9463781714439392
15631,0.2568,0.9282664656639099
15632,0.2321,0.9413333535194397
15633,0.2336,0.9441903233528137
15634,0.2448,0.942460298538208
15635,0.2812,0.9333958625793457
15636,0.2068,0.9412935376167297
15637,0.2526,0.94305020570755
15638,0.1634,0.9563365578651428
15639,0.2314,0.945549726486206
15640,0.228,0.9483315348625183
15641,0.2043,0.9427645802497864
15642,0.2397,0.9343065619468689
15643,0.1868,0.9506579041481018
15644,0.1885,0.9500567317008972
15645,0.2082,0.9402628540992737
15646,0.2688,0.9426605701446533
15647,0.2493,0.9411057829856873
15648,0.2469,0.9352428317070007
15649,0.2237,0.9449423551559448
15650,0.2316,0.9541029334068298
15651,0.1601,0.9649507403373718
15652,0.1284,0.9651339054107666
15653,0.2024,0.9549180269241333
15654,0.1117,0.9737576842308044
15655,0.1318,0.9710401892662048
15656,0.2085,0.9516128897666931
15657,0.1445,0.9631019234657288
15658,0.1149,0.9760000109672546
15659,0.1941,0.9485341906547546
15660,0.1691,0.9538866877555847
15661,0.1733,0.9539202451705933
15662,0.1679,0.9669172763824463
15663,0.158,0.963203489780426
15664,0.1759,0.952924370765686
15665,0.1721,0.9569486379623413
15666,0.1918,0.9474835991859436
15667,0.1536,0.9494339823722839
15668,0.1633,0.9527186751365662
15669,0.2466,0.9333333373069763
15670,0.2455,0.9355334043502808
15671,0.2644,0.927480936050415
15672,0.1981,0.9552609920501709
15673,0.207,0.9395267367362976
15674,0.2417,0.9438861012458801
15675,0.1534,0.960106372833252
15676,0.2681,0.93638676404953
15677,0.191,0.9514991044998169
15678,0.2208,0.9397590160369873
15679,0.2832,0.9241379499435425
15680,0.1729,0.9529750347137451
15681,0.2465,0.9295517206192017
15682,0.2067,0.9450945258140564
15683,0.2093,0.9524272084236145
15684,0.2311,0.9429400563240051
15685,0.2387,0.9436202049255371
15686,0.2418,0.9359925985336304
15687,0.1911,0.9477317333221436
15688,0.1909,0.9467758536338806
15689,0.3045,0.9169027209281921
15690,0.2574,0.9408713579177856
15691,0.2097,0.9439050555229187
15692,0.2318,0.9422459602355957
15693,0.2619,0.9385775923728943
15694,0.2613,0.9331848621368408
15695,0.2806,0.9372146129608154
15696,0.1922,0.9484777450561523
15697,0.2422,0.9317647218704224
15698,0.2198,0.9395061731338501
15699,0.292,0.9228758215904236
15700,0.2815,0.9312242269515991
15701,0.0795,0.9823570847511292
15702,0.0934,0.9814902544021606
15703,0.1447,0.9664893746376038
15704,0.1509,0.963203489780426
15705,0.1365,0.9717618227005005
15706,0.1446,0.9580873847007751
15707,0.1665,0.9553948044776917
15708,0.128,0.9727891087532043
15709,0.138,0.957774817943573
15710,0.2048,0.9462365508079529
15711,0.2112,0.9449664354324341
15712,0.166,0.9581190347671509
15713,0.2096,0.9465875625610352
15714,0.1704,0.9642585515975952
15715,0.1978,0.9439252614974976
15716,0.1456,0.9594290256500244
15717,0.1962,0.9517509937286377
15718,0.1848,0.9536474347114563
15719,0.2091,0.948290228843689
15720,0.1681,0.9613120555877686
15721,0.1689,0.9593908786773682
15722,0.247,0.9417077302932739
15723,0.2029,0.9489112496376038
15724,0.2511,0.9358974099159241
15725,0.2388,0.9465717077255249
15726,0.2021,0.9496910572052002
15727,0.1776,0.9511589407920837
15728,0.1867,0.9499553442001343
15729,0.2663,0.930390477180481
15730,0.2572,0.936355710029602
15731,0.2092,0.9494854807853699
15732,0.3025,0.92998206615448
15733,0.1985,0.9477756023406982
15734,0.214,0.941674530506134
15735,0.2059,0.9488416910171509
15736,0.2942,0.9318181872367859
15737,0.2705,0.9319319128990173
15738,0.2424,0.9365708827972412
15739,0.2049,0.9503171443939209
15740,0.216,0.937432587146759
15741,0.1855,0.9590075612068176
15742,0.2277,0.9405286312103271
15743,0.2371,0.9291754961013794
15744,0.2395,0.93028324842453
15745,0.2249,0.9469964504241943
15746,0.2847,0.9210836291313171
15747,0.2728,0.9413173794746399
15748,0.289,0.9228855967521667
15749,0.2196,0.9402597546577454
15750,0.2223,0.9446870684623718
15751,0.1077,0.9722585082054138
15752,0.1147,0.9723479151725769
15753,0.1257,0.9672801494598389
15754,0.1283,0.9688506722450256
15755,0.1083,0.9710144996643066
15756,0.1321,0.9716748595237732
15757,0.1463,0.9617021083831787
15758,0.1941,0.9529553651809692
15759,0.1363,0.9682329297065735
15760,0.1138,0.9725463390350342
15761,0.1953,0.9540150761604309
15762,0.0836,0.9765396118164062
15763,0.2456,0.9406779408454895
15764,0.283,0.9295676350593567
15765,0.2443,0.9473299384117126
15766,0.1326,0.9709348082542419
15767,0.2143,0.9490881562232971
15768,0.2167,0.9414814710617065
15769,0.2366,0.9407294988632202
15770,0.1313,0.9686209559440613
15771,0.1258,0.9690117239952087
15772,0.2261,0.9449917674064636
15773,0.2674,0.9334844946861267
15774,0.2753,0.9398682117462158
15775,0.2799,0.9310064911842346
15776,0.193,0.9544259309768677
15777,0.2166,0.9503849148750305
15778,0.3186,0.9254966974258423
15779,0.1893,0.9495652318000793
15780,0.2049,0.9625570774078369
15781,0.2633,0.9333909749984741
15782,0.2228,0.9330434799194336
15783,0.2053,0.9478764533996582
15784,0.173,0.9528214335441589
15785,0.26,0.9328426718711853
15786,0.2644,0.928901195526123
15787,0.2535,0.9333333373069763
15788,0.2394,0.9410085678100586
15789,0.2732,0.9284995198249817
15790,0.2726,0.9293756484985352
15791,0.2086,0.9537634253501892
15792,0.274,0.9225941300392151
15793,0.2106,0.9501661062240601
15794,0.2309,0.9417040348052979
15795,0.246,0.9388448596000671
15796,0.235,0.934502899646759
15797,0.2026,0.9341317415237427
15798,0.2612,0.9338327050209045
15799,0.2191,0.9453621506690979
15800,0.2611,0.9403669834136963
15801,0.089,0.9801504015922546
15802,0.1369,0.9654243588447571
15803,0.181,0.9562624096870422
15804,0.175,0.9592738151550293
15805,0.1669,0.954285740852356
15806,0.2032,0.9483509659767151
15807,0.1098,0.9762499928474426
15808,0.0929,0.9762944579124451
15809,0.1494,0.9703304171562195
15810,0.1521,0.960369884967804
15811,0.1617,0.9582463502883911
15812,0.1407,0.961705207824707
15813,0.1571,0.9594095945358276
15814,0.2315,0.9360954761505127
15815,0.1418,0.9671151041984558
15816,0.1686,0.9579510688781738
15817,0.2667,0.9307692050933838
15818,0.1732,0.9620355367660522
15819,0.1538,0.9648118019104004
15820,0.2689,0.9306272864341736
15821,0.2181,0.9508580565452576
15822,0.2616,0.9330143332481384
15823,0.1256,0.9722462892532349
15824,0.2621,0.9241146445274353
15825,0.3061,0.9141494631767273
15826,0.2401,0.9396771192550659
15827,0.2097,0.9423239827156067
15828,0.2718,0.9294217824935913
15829,0.2164,0.9428571462631226
15830,0.2066,0.950697660446167
15831,0.2302,0.9368888735771179
15832,0.2836,0.914185643196106
15833,0.2936,0.9275491833686829
15834,0.27,0.9288355112075806
15835,0.2433,0.9316479563713074
15836,0.2863,0.9260991811752319
15837,0.2446,0.9392096996307373
15838,0.2988,0.918367326259613
15839,0.2213,0.9429778456687927
15840,0.24,0.9337349534034729
15841,0.2298,0.9422222375869751
15842,0.1967,0.9538639187812805
15843,0.2837,0.9344790577888489
15844,0.1965,0.9447575807571411
15845,0.2418,0.9334085583686829
15846,0.1838,0.9534050226211548
15847,0.2272,0.9376470446586609
15848,0.2224,0.9408212304115295
15849,0.2768,0.9258809089660645
15850,0.1685,0.9462517499923706
15851,0.0867,0.9806451797485352
15852,0.1264,0.9675257802009583
15853,0.1661,0.9579464793205261
15854,0.0926,0.9766467213630676
15855,0.1967,0.957274854183197
15856,0.2728,0.9475982785224915
15857,0.0842,0.9788499474525452
15858,0.225,0.947100043296814
15859,0.1355,0.9624999761581421
15860,0.1941,0.9526707530021667
15861,0.2482,0.9368836283683777
15862,0.2294,0.9466292262077332
15863,0.2034,0.9558935165405273
15864,0.1982,0.9495922923088074
15865,0.1885,0.9558935165405273
15866,0.1161,0.9777587652206421
15867,0.1595,0.9563106894493103
15868,0.1792,0.9523026347160339
15869,0.1993,0.9494702816009521
15870,0.2951,0.9237735867500305
15871,0.1925,0.9492815136909485
15872,0.2299,0.9352697134017944
15873,0.236,0.9446640610694885
15874,0.1916,0.9467005133628845
15875,0.2648,0.9264000058174133
15876,0.1678,0.9572727084159851
15877,0.1948,0.9501267671585083
15878,0.3016,0.9274978041648865
15879,0.241,0.944344699382782
15880,0.2413,0.940559446811676
15881,0.209,0.9461020231246948
15882,0.216,0.9439002871513367
15883,0.2646,0.9259597659111023
15884,0.2132,0.9476236701011658
15885,0.2245,0.9385884404182434
15886,0.2378,0.9333333373069763
15887,0.2406,0.9424460530281067
15888,0.2389,0.9387956857681274
15889,0.19,0.944501519203186
15890,0.1931,0.9447513818740845
15891,0.1536,0.9616252779960632
15892,0.2091,0.9439461827278137
15893,0.2291,0.9251925349235535
15894,0.2193,0.9417927861213684
15895,0.2664,0.9345579743385315
15896,0.2218,0.9348341226577759
15897,0.2723,0.9337278008460999
15898,0.2601,0.9304878115653992
15899,0.2692,0.9326556324958801
15900,0.2059,0.9489489197731018
15901,0.1485,0.9568034410476685
15902,0.0986,0.9732268452644348
15903,0.1424,0.9657639265060425
15904,0.1284,0.9728506803512573
15905,0.1591,0.9631363153457642
15906,0.0946,0.9784313440322876
15907,0.1503,0.9633204340934753
15908,0.1939,0.9466666579246521
15909,0.1741,0.9568909406661987
15910,0.1516,0.967718243598938
15911,0.1613,0.9597411751747131
15912,0.137,0.96334308385849
15913,0.1694,0.9609494805335999
15914,0.2023,0.9502487778663635
15915,0.1719,0.9567099809646606
15916,0.2226,0.9510433673858643
15917,0.2159,0.939509928226471
15918,0.1911,0.9509881138801575
15919,0.1606,0.9607173204421997
15920,0.2213,0.9485049843788147
15921,0.1741,0.9547325372695923
15922,0.2601,0.9352226853370667
15923,0.2163,0.9530842900276184
15924,0.1809,0.949999988079071
15925,0.2638,0.925434947013855
15926,0.2879,0.9245129823684692
15927,0.2365,0.9379194378852844
15928,0.1456,0.9625117182731628
15929,0.1764,0.9490616917610168
15930,0.3157,0.9203084707260132
15931,0.1878,0.944903552532196
15932,0.2269,0.9351005554199219
15933,0.1433,0.965621829032898
15934,0.2613,0.9389534592628479
15935,0.2264,0.9392789602279663
15936,0.1823,0.9564766883850098
15937,0.2687,0.9258536696434021
15938,0.1433,0.9644351601600647
15939,0.1922,0.9480249285697937
15940,0.2906,0.9216867685317993
15941,0.2871,0.9285714030265808
15942,0.237,0.9400428533554077
15943,0.2444,0.933920681476593
15944,0.2635,0.9331896305084229
15945,0.1522,0.9590361714363098
15946,0.2024,0.9429928660392761
15947,0.2724,0.9295942783355713
15948,0.2145,0.9434194564819336
15949,0.2581,0.9399744868278503
15950,0.2102,0.942307710647583
15951,0.1675,0.9630182981491089
15952,0.0972,0.9798500537872314
15953,0.1476,0.9633074998855591
15954,0.083,0.9794167876243591
15955,0.1394,0.9680418372154236
15956,0.1847,0.9617871642112732
15957,0.1181,0.9719974994659424
15958,0.174,0.9591836929321289
15959,0.1762,0.9530244469642639
15960,0.2076,0.952479362487793
15961,0.1827,0.9609755873680115
15962,0.1468,0.961309552192688
15963,0.1699,0.9571843147277832
15964,0.2139,0.9453426003456116
15965,0.1264,0.972540020942688
15966,0.1577,0.9591836929321289
15967,0.2482,0.9404069781303406
15968,0.1709,0.9503661394119263
15969,0.1971,0.9488993883132935
15970,0.1382,0.9702633619308472
15971,0.2331,0.9447513818740845
15972,0.1967,0.951260507106781
15973,0.2235,0.9423226714134216
15974,0.3221,0.9260731339454651
15975,0.1735,0.9577092528343201
15976,0.233,0.9406706690788269
15977,0.254,0.9335604906082153
15978,0.1632,0.9570776224136353
15979,0.2978,0.9195402264595032
15980,0.2374,0.934440553188324
15981,0.2372,0.9329102635383606
15982,0.2684,0.9355716705322266
15983,0.1968,0.9520613551139832
15984,0.3053,0.9317739009857178
15985,0.2525,0.9336538314819336
15986,0.2549,0.9279367923736572
15987,0.2418,0.9447236061096191
15988,0.1887,0.9502487778663635
15989,0.2315,0.9458874464035034
15990,0.2534,0.9329729676246643
15991,0.2103,0.9494079947471619
15992,0.2691,0.931891918182373
15993,0.3023,0.9196141362190247
15994,0.2055,0.9375709295272827
15995,0.2144,0.9441805481910706
15996,0.2365,0.9337142705917358
15997,0.2544,0.9270588159561157
15998,0.1941,0.9480840563774109
15999,0.2528,0.9416983723640442
16000,0.205,0.9480712413787842
16001,0.1265,0.9714400768280029
16002,0.0831,0.9796222448348999
16003,0.1766,0.9613600969314575
16004,0.1072,0.9765396118164062
16005,0.1115,0.972829282283783
16006,0.1067,0.972483217716217
16007,0.1815,0.9626109004020691
16008,0.1475,0.9562334418296814
16009,0.1221,0.9731638431549072
16010,0.1215,0.9718614816665649
16011,0.1942,0.9510489702224731
16012,0.2291,0.9424561262130737
16013,0.2442,0.9452529549598694
16014,0.1137,0.9742424488067627
16015,0.3256,0.9265928268432617
16016,0.1781,0.9531013369560242
16017,0.1667,0.9603174328804016
16018,0.2867,0.933482825756073
16019,0.2169,0.9511450529098511
16020,0.1583,0.9632545709609985
16021,0.1782,0.9558823704719543
16022,0.2005,0.9485981464385986
16023,0.241,0.9372579455375671
16024,0.2837,0.9315831065177917
16025,0.2093,0.9467741847038269
16026,0.23,0.9451371431350708
16027,0.1916,0.9464594125747681
16028,0.1959,0.9525547623634338
16029,0.2329,0.9347639679908752
16030,0.2571,0.9377593398094177
16031,0.2572,0.9284482598304749
16032,0.2101,0.9486725926399231
16033,0.2632,0.9313543438911438
16034,0.1779,0.9596623182296753
16035,0.1778,0.9496197700500488
16036,0.2333,0.9466403126716614
16037,0.2703,0.9241706132888794
16038,0.2775,0.921933114528656
16039,0.247,0.9343936443328857
16040,0.2297,0.9354187846183777
16041,0.2354,0.9477272629737854
16042,0.2131,0.9565701484680176
16043,0.2329,0.9368420839309692
16044,0.2435,0.9386436939239502
16045,0.2248,0.9301552176475525
16046,0.2932,0.9238410592079163
16047,0.2056,0.9457177519798279
16048,0.19,0.9498118162155151
16049,0.1527,0.9586563110351562
16050,0.2395,0.9438502788543701
16051,0.3131,0.9362606406211853
16052,0.1224,0.9707091450691223
16053,0.1388,0.9718309640884399
16054,0.1017,0.9767705202102661
16055,0.129,0.9693034291267395
16056,0.1513,0.9661746621131897
16057,0.1754,0.9519595503807068
16058,0.2015,0.9472681283950806
16059,0.1917,0.9512362480163574
16060,0.1871,0.9524133205413818
16061,0.19,0.95652174949646
16062,0.3132,0.9251603484153748
16063,0.1802,0.9584877490997314
16064,0.1619,0.9583028554916382
16065,0.1887,0.9515873193740845
16066,0.1548,0.9625623822212219
16067,0.1668,0.9593246579170227
16068,0.1883,0.9555895924568176
16069,0.2601,0.9352351427078247
16070,0.333,0.9202407598495483
16071,0.1398,0.9579554796218872
16072,0.2736,0.9260377287864685
16073,0.2623,0.9253731369972229
16074,0.1612,0.9670631289482117
16075,0.1375,0.9630630612373352
16076,0.2082,0.9440000057220459
16077,0.1951,0.9460654258728027
16078,0.1756,0.9614678621292114
16079,0.3294,0.9133790731430054
16080,0.2614,0.9296137094497681
16081,0.3089,0.9186351895332336
16082,0.2718,0.9341864585876465
16083,0.2421,0.938989520072937
16084,0.1836,0.9566968679428101
16085,0.2388,0.9399999976158142
16086,0.2899,0.9271889328956604
16087,0.1962,0.9414682388305664
16088,0.2277,0.9383983612060547
16089,0.2494,0.9415983557701111
16090,0.2223,0.9382448792457581
16091,0.2855,0.9288026094436646
16092,0.2241,0.9425785541534424
16093,0.2196,0.9417693018913269
16094,0.2071,0.9406392574310303
16095,0.259,0.9372093081474304
16096,0.2317,0.9403508901596069
16097,0.2592,0.93388432264328
16098,0.1939,0.9426129460334778
16099,0.1979,0.9539641737937927
16100,0.2387,0.9528023600578308
16101,0.105,0.9774516820907593
16102,0.1014,0.9726027250289917
16103,0.1154,0.9730813503265381
16104,0.2469,0.9371816515922546
16105,0.1127,0.9752281904220581
16106,0.1338,0.9629629850387573
16107,0.1421,0.9600507020950317
16108,0.2437,0.9392950534820557
16109,0.1367,0.9688405990600586
16110,0.1824,0.9545454382896423
16111,0.2276,0.9469913840293884
16112,0.2323,0.9364285469055176
16113,0.1684,0.9549815654754639
16114,0.1685,0.9595237970352173
16115,0.1491,0.9660468697547913
16116,0.1886,0.9549149870872498
16117,0.1328,0.9656000137329102
16118,0.1977,0.9493191838264465
16119,0.288,0.9410338997840881
16120,0.1843,0.9505187273025513
16121,0.1768,0.9615713357925415
16122,0.2223,0.9408473372459412
16123,0.2226,0.9413223266601562
16124,0.1524,0.9602529406547546
16125,0.2163,0.9470537900924683
16126,0.1501,0.9627948999404907
16127,0.2683,0.9362831711769104
16128,0.1878,0.9540337920188904
16129,0.1447,0.9624060392379761
16130,0.1973,0.9445454478263855
16131,0.2223,0.9358627200126648
16132,0.2361,0.9437559843063354
16133,0.3007,0.9085257649421692
16134,0.2365,0.9348441958427429
16135,0.2265,0.9426934123039246
16136,0.2368,0.9398422241210938
16137,0.2072,0.9425051212310791
16138,0.2764,0.925595223903656
16139,0.2024,0.9399141669273376
16140,0.2126,0.9412416815757751
16141,0.1878,0.95033860206604
16142,0.2126,0.9355932474136353
16143,0.2044,0.9501187801361084
16144,0.2059,0.945041835308075
16145,0.1999,0.9384800791740417
16146,0.2589,0.9334889054298401
16147,0.2469,0.9362980723381042
16148,0.175,0.957198441028595
16149,0.2901,0.9267676472663879
16150,0.163,0.9655688405036926
16151,0.0518,0.9872944951057434
16152,0.1492,0.9671832323074341
16153,0.1367,0.9711538553237915
16154,0.1489,0.9670448303222656
16155,0.1178,0.9723183512687683
16156,0.1197,0.9710590839385986
16157,0.1534,0.9607843160629272
16158,0.2119,0.9481161236763
16159,0.1775,0.9544014930725098
16160,0.1045,0.9740614295005798
16161,0.2136,0.9546406269073486
16162,0.1487,0.9606465101242065
16163,0.1689,0.9582763314247131
16164,0.2279,0.9460719227790833
16165,0.1302,0.9678624868392944
16166,0.2707,0.929122805595398
16167,0.2709,0.9368575811386108
16168,0.1855,0.9439818263053894
16169,0.1774,0.9532257914543152
16170,0.2528,0.9327599406242371
16171,0.145,0.9664710760116577
16172,0.2994,0.9289617538452148
16173,0.1925,0.9530864357948303
16174,0.2715,0.9355590343475342
16175,0.2712,0.93006432056427
16176,0.1927,0.9492815136909485
16177,0.2934,0.9157088398933411
16178,0.2053,0.9484629034996033
16179,0.227,0.9435707926750183
16180,0.2491,0.9341991543769836
16181,0.2622,0.923758864402771
16182,0.1758,0.9516441226005554
16183,0.205,0.9435850977897644
16184,0.2369,0.9407407641410828
16185,0.2208,0.9377289414405823
16186,0.2614,0.9256120324134827
16187,0.266,0.9317073225975037
16188,0.2037,0.9464105367660522
16189,0.266,0.9290000200271606
16190,0.2434,0.9314928650856018
16191,0.2819,0.9236326217651367
16192,0.3071,0.9293248653411865
16193,0.2501,0.93028324842453
16194,0.2057,0.9441964030265808
16195,0.2619,0.9301552176475525
16196,0.2467,0.9317919015884399
16197,0.2053,0.9471789002418518
16198,0.2285,0.9327521920204163
16199,0.2308,0.9475655555725098
16200,0.199,0.9415855407714844
16201,0.0664,0.9833531379699707
16202,0.1345,0.9677947759628296
16203,0.1199,0.9738785028457642
16204,0.0865,0.9800000190734863
16205,0.185,0.9521865844726562
16206,0.1764,0.9573431015014648
16207,0.1654,0.9603773355484009
16208,0.1568,0.9623430967330933
16209,0.1428,0.9670255780220032
16210,0.2017,0.9619181752204895
16211,0.0865,0.978581964969635
16212,0.1987,0.9446343183517456
16213,0.2118,0.9463276863098145
16214,0.1553,0.9640762209892273
16215,0.3307,0.9119579792022705
16216,0.1317,0.9682151675224304
16217,0.1418,0.9648671746253967
16218,0.137,0.9593825936317444
16219,0.169,0.9561753273010254
16220,0.1252,0.971666693687439
16221,0.2128,0.9462450742721558
16222,0.1249,0.9622641801834106
16223,0.1946,0.9411764740943909
16224,0.1929,0.9558199048042297
16225,0.2398,0.9460132718086243
16226,0.1815,0.9504504799842834
16227,0.1987,0.9487179517745972
16228,0.2331,0.9439927935600281
16229,0.1777,0.9604628682136536
16230,0.1551,0.9672130942344666
16231,0.2183,0.9412322044372559
16232,0.2232,0.9402573704719543
16233,0.217,0.9392824172973633
16234,0.3566,0.9103260636329651
16235,0.1439,0.9618163108825684
16236,0.2403,0.9383301734924316
16237,0.2081,0.9458077549934387
16238,0.2358,0.9446122646331787
16239,0.2232,0.9394571781158447
16240,0.2333,0.9373695254325867
16241,0.2365,0.9381215572357178
16242,0.2356,0.9331066012382507
16243,0.2582,0.9291338324546814
16244,0.2027,0.9504504799842834
16245,0.1944,0.9537914395332336
16246,0.2312,0.9382284283638
16247,0.2395,0.9422604441642761
16248,0.2359,0.9345454573631287
16249,0.2255,0.9427828192710876
16250,0.2225,0.9378530979156494
16251,0.368,0.9130591750144958
16252,0.1339,0.968426525592804
16253,0.1059,0.976590633392334
16254,0.1776,0.9576566219329834
16255,0.1315,0.9656804800033569
16256,0.1511,0.9568909406661987
16257,0.1761,0.961056113243103
16258,0.1323,0.9636238813400269
16259,0.1251,0.9723404049873352
16260,0.1259,0.969609260559082
16261,0.2126,0.9464533925056458
16262,0.1306,0.9664062261581421
16263,0.2321,0.9430199265480042
16264,0.2126,0.9468461871147156
16265,0.2907,0.9244755506515503
16266,0.2279,0.9444839954376221
16267,0.1694,0.9628713130950928
16268,0.1793,0.9551777243614197
16269,0.2607,0.932692289352417
16270,0.1819,0.948235273361206
16271,0.2761,0.938281238079071
16272,0.2155,0.9436060190200806
16273,0.2641,0.9354047179222107
16274,0.2702,0.9299764037132263
16275,0.1562,0.9645389914512634
16276,0.2786,0.9355385899543762
16277,0.1773,0.9534450769424438
16278,0.2474,0.9378238320350647
16279,0.2307,0.9369139075279236
16280,0.1957,0.9517624974250793
16281,0.179,0.9614643454551697
16282,0.1694,0.954119861125946
16283,0.2522,0.9390125870704651
16284,0.2567,0.9434495568275452
16285,0.2264,0.9436485171318054
16286,0.1988,0.945891797542572
16287,0.219,0.9395492076873779
16288,0.2625,0.9200000166893005
16289,0.3079,0.9304174780845642
16290,0.2541,0.9348269104957581
16291,0.2078,0.9483516216278076
16292,0.2379,0.9419642686843872
16293,0.2207,0.9402298927307129
16294,0.2213,0.9365798234939575
16295,0.1801,0.9497005939483643
16296,0.2254,0.9367888569831848
16297,0.2561,0.9356796145439148
16298,0.2147,0.9468479752540588
16299,0.198,0.9472259879112244
16300,0.2417,0.943307101726532
16301,0.2927,0.9363895058631897
16302,0.1223,0.9695377945899963
16303,0.162,0.9583110809326172
16304,0.1715,0.9553008675575256
16305,0.1599,0.9689737558364868
16306,0.1059,0.9768190383911133
16307,0.1108,0.9751309156417847
16308,0.0885,0.9767123460769653
16309,0.169,0.958164632320404
16310,0.1823,0.9517514705657959
16311,0.1363,0.9660014510154724
16312,0.1268,0.9741506576538086
16313,0.1881,0.96100914478302
16314,0.2017,0.9552457928657532
16315,0.1956,0.9537255167961121
16316,0.2075,0.9392856955528259
16317,0.282,0.9237958192825317
16318,0.1589,0.9552481770515442
16319,0.2696,0.9268832802772522
16320,0.2942,0.9147169589996338
16321,0.2033,0.9499205350875854
16322,0.1551,0.9570602774620056
16323,0.1679,0.9532710313796997
16324,0.2031,0.9489704370498657
16325,0.1928,0.9552110433578491
16326,0.1734,0.9617437720298767
16327,0.2242,0.9477875828742981
16328,0.2165,0.9341117739677429
16329,0.1197,0.9674796462059021
16330,0.2489,0.9289940595626831
16331,0.3572,0.9194805026054382
16332,0.2163,0.9409559369087219
16333,0.1568,0.9592850208282471
16334,0.2427,0.9382835030555725
16335,0.2909,0.925682008266449
16336,0.2471,0.9326633214950562
16337,0.2362,0.9401544332504272
16338,0.2618,0.92934250831604
16339,0.2671,0.9308565258979797
16340,0.2634,0.9383350610733032
16341,0.2632,0.9369085431098938
16342,0.1984,0.9465478658676147
16343,0.1541,0.9522700905799866
16344,0.23,0.9396647810935974
16345,0.2041,0.942011833190918
16346,0.2545,0.9315849542617798
16347,0.241,0.9350649118423462
16348,0.2367,0.9254807829856873
16349,0.1981,0.9443708658218384
16350,0.2259,0.9513990879058838
16351,0.1821,0.9553990364074707
16352,0.145,0.9668588042259216
16353,0.0739,0.9822335243225098
16354,0.1565,0.9635359048843384
16355,0.1892,0.9564706087112427
16356,0.1062,0.9728535413742065
16357,0.1375,0.9668400287628174
16358,0.2065,0.9508408904075623
16359,0.2024,0.9513184428215027
16360,0.1193,0.973500669002533
16361,0.1848,0.9525083899497986
16362,0.2389,0.9353988170623779
16363,0.2114,0.9441453814506531
16364,0.1648,0.958459198474884
16365,0.1708,0.9611650705337524
16366,0.1823,0.9569976329803467
16367,0.1132,0.977142870426178
16368,0.209,0.9481312036514282
16369,0.2064,0.9420074224472046
16370,0.1953,0.9497607946395874
16371,0.2359,0.936923086643219
16372,0.264,0.9266263246536255
16373,0.2048,0.9412245154380798
16374,0.1934,0.9504716992378235
16375,0.1554,0.9605041742324829
16376,0.3116,0.9197431802749634
16377,0.2046,0.9418402910232544
16378,0.2679,0.9286898970603943
16379,0.2513,0.9306260347366333
16380,0.1628,0.9615384340286255
16381,0.1715,0.9575871825218201
16382,0.279,0.9323714971542358
16383,0.2628,0.9335793256759644
16384,0.3302,0.9119170904159546
16385,0.196,0.9447186589241028
16386,0.2129,0.9462592005729675
16387,0.1741,0.958730161190033
16388,0.2075,0.9455292820930481
16389,0.3236,0.9301355481147766
16390,0.2379,0.9332615733146667
16391,0.2249,0.9332579374313354
16392,0.1756,0.9508733749389648
16393,0.1947,0.9460390210151672
16394,0.2239,0.9455388188362122
16395,0.2618,0.9364162087440491
16396,0.2213,0.9341040253639221
16397,0.2374,0.9435774087905884
16398,0.2373,0.9301745891571045
16399,0.2242,0.9347553253173828
16400,0.2481,0.9423630833625793
16401,0.1018,0.9767267107963562
16402,0.1247,0.9666353464126587
16403,0.11,0.9763948321342468
16404,0.2043,0.9532257914543152
16405,0.1372,0.963707447052002
16406,0.2924,0.9310740828514099
16407,0.179,0.9543517827987671
16408,0.1497,0.9669902920722961
16409,0.1905,0.9514018893241882
16410,0.168,0.9526666402816772
16411,0.1232,0.9692737460136414
16412,0.2124,0.943697988986969
16413,0.2691,0.9360666871070862
16414,0.12,0.9706109762191772
16415,0.1693,0.96565181016922
16416,0.0786,0.9775100350379944
16417,0.2295,0.9411320686340332
16418,0.2145,0.9486607313156128
16419,0.2296,0.936689555644989
16420,0.1816,0.9629934430122375
16421,0.2494,0.9350649118423462
16422,0.201,0.9518760442733765
16423,0.2559,0.9324324131011963
16424,0.271,0.9333868622779846
16425,0.1712,0.9510061144828796
16426,0.2718,0.9351211190223694
16427,0.2353,0.9457295536994934
16428,0.2079,0.953279435634613
16429,0.2175,0.936117947101593
16430,0.2318,0.9462738037109375
16431,0.2264,0.934485912322998
16432,0.2909,0.9266055226325989
16433,0.1985,0.9430199265480042
16434,0.2105,0.9429951906204224
16435,0.2242,0.9451395869255066
16436,0.2388,0.9288424849510193
16437,0.2714,0.9269449710845947
16438,0.2712,0.9306358098983765
16439,0.2392,0.9367588758468628
16440,0.1957,0.942105233669281
16441,0.2582,0.929025411605835
16442,0.2308,0.9411110877990723
16443,0.2271,0.9429529905319214
16444,0.1899,0.9543378949165344
16445,0.2645,0.9399092793464661
16446,0.2174,0.9387283325195312
16447,0.1979,0.9502550959587097
16448,0.1765,0.9588689208030701
16449,0.2326,0.9463350772857666
16450,0.2253,0.9484536051750183
16451,0.331,0.930290162563324
16452,0.1182,0.9721660017967224
16453,0.1088,0.9734564423561096
16454,0.1319,0.9685216546058655
16455,0.0869,0.9791666865348816
16456,0.0845,0.9816451668739319
16457,0.1569,0.9616135358810425
16458,0.1484,0.9649458527565002
16459,0.1866,0.94957435131073
16460,0.1806,0.9603064060211182
16461,0.1702,0.9587324857711792
16462,0.307,0.9278951287269592
16463,0.2101,0.9494949579238892
16464,0.1743,0.9522031545639038
16465,0.2464,0.9363449811935425
16466,0.1754,0.9499252438545227
16467,0.1927,0.9534534811973572
16468,0.1456,0.9608482718467712
16469,0.1209,0.9697732925415039
16470,0.2037,0.9474940299987793
16471,0.3372,0.9121725559234619
16472,0.1827,0.9545091986656189
16473,0.1938,0.9496402740478516
16474,0.1938,0.9475465416908264
16475,0.2111,0.9408783912658691
16476,0.2583,0.9317269325256348
16477,0.2207,0.9462184906005859
16478,0.1936,0.9547169804573059
16479,0.1956,0.9485359191894531
16480,0.2678,0.926174521446228
16481,0.2492,0.9375549554824829
16482,0.2575,0.9329044222831726
16483,0.2132,0.942307710647583
16484,0.1636,0.9540347456932068
16485,0.2891,0.9146567583084106
16486,0.2231,0.9443339705467224
16487,0.1667,0.9484753012657166
16488,0.2555,0.9406952857971191
16489,0.1728,0.9580644965171814
16490,0.238,0.9447287321090698
16491,0.2607,0.9307851195335388
16492,0.2189,0.9410503506660461
16493,0.2313,0.936241626739502
16494,0.2135,0.946408212184906
16495,0.2556,0.9252548217773438
16496,0.2321,0.9363957643508911
16497,0.2296,0.9341950416564941
16498,0.2358,0.9329192638397217
16499,0.1789,0.9554139971733093
16500,0.1646,0.9557774662971497
16501,0.1516,0.9657590985298157
16502,0.1078,0.9703660607337952
16503,0.1624,0.9615983366966248
16504,0.1668,0.9578884840011597
16505,0.1333,0.9674593210220337
16506,0.1414,0.9633333086967468
16507,0.1964,0.9443390369415283
16508,0.1028,0.9784172773361206
16509,0.1955,0.9512027502059937
16510,0.0689,0.9832572340965271
16511,0.1167,0.9760836958885193
16512,0.1328,0.9684447646141052
16513,0.2294,0.9401154518127441
16514,0.211,0.9520648717880249
16515,0.1924,0.952170729637146
16516,0.1905,0.9600614309310913
16517,0.1913,0.9482758641242981
16518,0.2629,0.936874508857727
16519,0.199,0.9530744552612305
16520,0.2504,0.9353348612785339
16521,0.1658,0.9579554796218872
16522,0.3135,0.9164696335792542
16523,0.198,0.9462738037109375
16524,0.2452,0.9351701736450195
16525,0.2594,0.9384359121322632
16526,0.1849,0.9524236917495728
16527,0.178,0.9468556046485901
16528,0.1842,0.95652174949646
16529,0.2698,0.930232584476471
16530,0.3049,0.9226666688919067
16531,0.2275,0.9395604133605957
16532,0.2156,0.9391143918037415
16533,0.1759,0.9517840147018433
16534,0.2807,0.9259597659111023
16535,0.2582,0.9239436388015747
16536,0.1506,0.9604989886283875
16537,0.1714,0.9553191661834717
16538,0.2749,0.9336787462234497
16539,0.3294,0.9221871495246887
16540,0.2712,0.9287958145141602
16541,0.2176,0.942139744758606
16542,0.229,0.9467849135398865
16543,0.2291,0.9419496059417725
16544,0.2167,0.940092146396637
16545,0.2216,0.9359267950057983
16546,0.2432,0.9343863725662231
16547,0.1915,0.9473684430122375
16548,0.2906,0.9354430437088013
16549,0.2117,0.9552845358848572
16550,0.19,0.949999988079071
16551,0.0928,0.9784541726112366
16552,0.1474,0.9671762585639954
16553,0.0862,0.9781637787818909
16554,0.12,0.9746968746185303
16555,0.1619,0.9614243507385254
16556,0.0996,0.9792364239692688
16557,0.1068,0.9721845388412476
16558,0.1624,0.9599999785423279
16559,0.143,0.957152247428894
16560,0.1838,0.954325258731842
16561,0.147,0.9603460431098938
16562,0.2452,0.9358361959457397
16563,0.1711,0.9657915830612183
16564,0.1968,0.9515774250030518
16565,0.1887,0.9528089761734009
16566,0.1638,0.9575289487838745
16567,0.1474,0.9637096524238586
16568,0.2068,0.9510268568992615
16569,0.1784,0.9540693163871765
16570,0.0891,0.9741881489753723
16571,0.2659,0.9295988082885742
16572,0.2506,0.9409862756729126
16573,0.2554,0.9419354796409607
16574,0.1517,0.9670231938362122
16575,0.2046,0.9465381503105164
16576,0.1997,0.9476743936538696
16577,0.2391,0.9415109753608704
16578,0.2597,0.9378194212913513
16579,0.2041,0.9447236061096191
16580,0.1755,0.9476146101951599
16581,0.3031,0.9273693561553955
16582,0.2952,0.9236842393875122
16583,0.2481,0.9348214268684387
16584,0.2616,0.9360902309417725
16585,0.1961,0.9512194991111755
16586,0.2928,0.9182330965995789
16587,0.2236,0.9390363693237305
16588,0.2683,0.9388523101806641
16589,0.1848,0.9472636580467224
16590,0.2444,0.9351032376289368
16591,0.2341,0.9499478340148926
16592,0.2337,0.9374313950538635
16593,0.254,0.9287233948707581
16594,0.1889,0.9544444680213928
16595,0.2623,0.931506872177124
16596,0.2489,0.9343317747116089
16597,0.207,0.9469879269599915
16598,0.2117,0.9435483813285828
16599,0.2262,0.9452412128448486
16600,0.1867,0.9630769491195679
16601,0.3695,0.9121490120887756
16602,0.138,0.9653558135032654
16603,0.1342,0.9701727032661438
16604,0.1087,0.9764969348907471
16605,0.3072,0.9342181086540222
16606,0.139,0.9695273637771606
16607,0.1293,0.9748843312263489
16608,0.1466,0.9647979140281677
16609,0.2193,0.9516023397445679
16610,0.1074,0.9750889539718628
16611,0.3123,0.9301369786262512
16612,0.1428,0.9684750437736511
16613,0.1884,0.9537906050682068
16614,0.2332,0.9381153583526611
16615,0.2089,0.9507352709770203
16616,0.1697,0.9617834687232971
16617,0.1827,0.9474868774414062
16618,0.218,0.9488591551780701
16619,0.2205,0.942791759967804
16620,0.2019,0.9528838396072388
16621,0.2171,0.948051929473877
16622,0.1887,0.9540134072303772
16623,0.1629,0.9529109597206116
16624,0.2402,0.9388889074325562
16625,0.2919,0.9216326475143433
16626,0.2154,0.9379370808601379
16627,0.2012,0.9462555050849915
16628,0.2103,0.948260486125946
16629,0.2792,0.9311246871948242
16630,0.2717,0.923793375492096
16631,0.2564,0.9306049942970276
16632,0.1917,0.951076328754425
16633,0.2645,0.9314697980880737
16634,0.3039,0.9239230155944824
16635,0.1829,0.9481707215309143
16636,0.1878,0.9554656147956848
16637,0.2354,0.9414732456207275
16638,0.2046,0.9522842764854431
16639,0.2606,0.939330518245697
16640,0.2245,0.9406346082687378
16641,0.2253,0.9419354796409607
16642,0.2469,0.9427312612533569
16643,0.2463,0.9336234927177429
16644,0.2698,0.9271523356437683
16645,0.1418,0.9550296068191528
16646,0.1994,0.9495798349380493
16647,0.2966,0.9164705872535706
16648,0.2727,0.924876868724823
16649,0.2763,0.929961085319519
16650,0.2159,0.9410919547080994
16651,0.0699,0.9830713272094727
16652,0.1173,0.9713438749313354
16653,0.1754,0.9623655676841736
16654,0.131,0.9649867415428162
16655,0.1403,0.9700352549552917
16656,0.0906,0.9789808988571167
16657,0.104,0.9731958508491516
16658,0.1186,0.9743040800094604
16659,0.1338,0.9663978219032288
16660,0.1749,0.9540709853172302
16661,0.2642,0.9325997233390808
16662,0.1396,0.9656862616539001
16663,0.1521,0.9612625241279602
16664,0.3048,0.926881730556488
16665,0.1731,0.9527381658554077
16666,0.2819,0.931271493434906
16667,0.2644,0.9327731132507324
16668,0.2419,0.942105233669281
16669,0.1832,0.9487565755844116
16670,0.1604,0.9637930989265442
16671,0.2714,0.9279069900512695
16672,0.2061,0.9486134052276611
16673,0.1996,0.946631669998169
16674,0.1906,0.9403107166290283
16675,0.1858,0.9525452852249146
16676,0.2304,0.9489291310310364
16677,0.1761,0.9563279747962952
16678,0.1616,0.9549217820167542
16679,0.229,0.9458218812942505
16680,0.2509,0.9365079402923584
16681,0.1445,0.9626639485359192
16682,0.3102,0.9168157577514648
16683,0.199,0.9472636580467224
16684,0.2974,0.9344106316566467
16685,0.2597,0.9268755912780762
16686,0.2632,0.9352720379829407
16687,0.1952,0.9495967626571655
16688,0.2202,0.9425173401832581
16689,0.2321,0.9381338953971863
16690,0.2822,0.9350220561027527
16691,0.1985,0.9494079947471619
16692,0.2446,0.9375672936439514
16693,0.1997,0.9391891956329346
16694,0.1768,0.9452679753303528
16695,0.234,0.9352678656578064
16696,0.2316,0.9456018805503845
16697,0.1868,0.9445782899856567
16698,0.2129,0.9524405598640442
16699,0.1592,0.9539052248001099
16700,0.2071,0.9481267929077148
16701,0.0797,0.9810495376586914
16702,0.1249,0.9684799313545227
16703,0.0931,0.9792008996009827
16704,0.1369,0.9667877554893494
16705,0.1482,0.9676632285118103
16706,0.1615,0.962576687335968
16707,0.2066,0.950318455696106
16708,0.1571,0.9641057848930359
16709,0.1503,0.9654046893119812
16710,0.1383,0.9669540524482727
16711,0.1563,0.9612508416175842
16712,0.1895,0.9557399749755859
16713,0.1869,0.9499274492263794
16714,0.21,0.9474412202835083
16715,0.2204,0.9536121487617493
16716,0.1769,0.9522031545639038
16717,0.2833,0.9317038059234619
16718,0.1475,0.9605761766433716
16719,0.2189,0.9502297043800354
16720,0.204,0.9473270177841187
16721,0.1618,0.9576891660690308
16722,0.2038,0.9475774168968201
16723,0.2895,0.9265536665916443
16724,0.1503,0.965247631072998
16725,0.3092,0.9112709760665894
16726,0.1469,0.9649595618247986
16727,0.2767,0.9331619739532471
16728,0.2575,0.9347078800201416
16729,0.2069,0.9461538195610046
16730,0.2545,0.9370503425598145
16731,0.1933,0.9467989206314087
16732,0.2489,0.9405772686004639
16733,0.1981,0.9403541684150696
16734,0.2554,0.9372197389602661
16735,0.2235,0.939226508140564
16736,0.2836,0.9331501722335815
16737,0.2861,0.9192950129508972
16738,0.2443,0.9356846213340759
16739,0.1901,0.9505262970924377
16740,0.2037,0.944915235042572
16741,0.2279,0.936392068862915
16742,0.2151,0.9439050555229187
16743,0.2496,0.9410430788993835
16744,0.2136,0.9456762671470642
16745,0.2515,0.9417142868041992
16746,0.2411,0.9318181872367859
16747,0.2152,0.9413833618164062
16748,0.2059,0.9482535719871521
16749,0.2232,0.9284802079200745
16750,0.2094,0.9476661682128906
16751,0.1167,0.9764664769172668
16752,0.1251,0.9739091396331787
16753,0.087,0.9772967100143433
16754,0.0971,0.9780023694038391
16755,0.1593,0.9601156115531921
16756,0.1082,0.9736841917037964
16757,0.1427,0.9661129713058472
16758,0.1354,0.9684715270996094
16759,0.2068,0.9487507939338684
16760,0.1427,0.9592260122299194
16761,0.151,0.9612069129943848
16762,0.1996,0.9477211833000183
16763,0.1855,0.9466571807861328
16764,0.2527,0.9311294555664062
16765,0.2602,0.9358517527580261
16766,0.1886,0.952654242515564
16767,0.0909,0.9818339347839355
16768,0.2197,0.9448757767677307
16769,0.176,0.9526864290237427
16770,0.226,0.9432348608970642
16771,0.2482,0.940664529800415
16772,0.1833,0.954253613948822
16773,0.2166,0.9471639394760132
16774,0.1352,0.9717668294906616
16775,0.179,0.9552980065345764
16776,0.2596,0.9344262480735779
16777,0.207,0.9363784790039062
16778,0.1802,0.9534671306610107
16779,0.2417,0.9352640509605408
16780,0.2285,0.9403239488601685
16781,0.2309,0.9378427863121033
16782,0.29,0.9225645065307617
16783,0.2008,0.9453551769256592
16784,0.2678,0.9261926412582397
16785,0.2028,0.9424736499786377
16786,0.2189,0.9419729113578796
16787,0.2261,0.9447731971740723
16788,0.235,0.9446092844009399
16789,0.2533,0.9312820434570312
16790,0.1683,0.9522222280502319
16791,0.1897,0.9467518925666809
16792,0.2916,0.9317227005958557
16793,0.3213,0.9237288236618042
16794,0.2109,0.9440789222717285
16795,0.1989,0.9466357231140137
16796,0.2293,0.9412442445755005
16797,0.213,0.9418181777000427
16798,0.2243,0.9359296560287476
16799,0.2531,0.9315920472145081
16800,0.2589,0.9369747638702393
16801,0.4289,0.9091787338256836
16802,0.0937,0.9767676591873169
16803,0.1406,0.9703983068466187
16804,0.1343,0.9700226187705994
16805,0.0969,0.9778708219528198
16806,0.2055,0.9497663378715515
16807,0.1636,0.9564393758773804
16808,0.1945,0.9508196711540222
16809,0.1945,0.9537366628646851
16810,0.1434,0.961240291595459
16811,0.1518,0.9608372449874878
16812,0.1272,0.967718243598938
16813,0.2433,0.9519163966178894
16814,0.0787,0.979278564453125
16815,0.1567,0.958088219165802
16816,0.2143,0.9405444264411926
16817,0.1525,0.9589147567749023
16818,0.1938,0.9453551769256592
16819,0.1975,0.9469638466835022
16820,0.181,0.9553238749504089
16821,0.1679,0.9562706351280212
16822,0.3044,0.9207082390785217
16823,0.2131,0.9412698149681091
16824,0.2794,0.9287392497062683
16825,0.1617,0.9568822383880615
16826,0.1903,0.9543859362602234
16827,0.2298,0.9445350766181946
16828,0.2457,0.9320305585861206
16829,0.1797,0.9560336470603943
16830,0.2853,0.9395267367362976
16831,0.2613,0.9275618195533752
16832,0.1337,0.9667300581932068
16833,0.1752,0.9606903195381165
16834,0.1866,0.955165684223175
16835,0.2254,0.9388729929924011
16836,0.1868,0.9571129679679871
16837,0.2485,0.9392752051353455
16838,0.2113,0.9451776742935181
16839,0.2272,0.942345917224884
16840,0.207,0.9360341429710388
16841,0.1634,0.9607623219490051
16842,0.2617,0.9305103421211243
16843,0.2226,0.9481481313705444
16844,0.2195,0.9478827118873596
16845,0.1864,0.9502314925193787
16846,0.2272,0.94199538230896
16847,0.2093,0.943712592124939
16848,0.1707,0.9608091115951538
16849,0.2006,0.9540682435035706
16850,0.1926,0.9518633484840393
16851,0.1483,0.9609904885292053
16852,0.1692,0.9578256607055664
16853,0.1081,0.9712425470352173
16854,0.1019,0.9699469804763794
16855,0.1386,0.9651524424552917
16856,0.1126,0.9749670624732971
16857,0.1316,0.9667332172393799
16858,0.196,0.9502177834510803
16859,0.141,0.9709944725036621
16860,0.1388,0.9647988677024841
16861,0.2205,0.9478737711906433
16862,0.2125,0.9539170265197754
16863,0.2055,0.9485981464385986
16864,0.2278,0.9385640025138855
16865,0.1221,0.9677672982215881
16866,0.1771,0.9512761235237122
16867,0.1821,0.9526530504226685
16868,0.2316,0.9404485821723938
16869,0.2572,0.9371428489685059
16870,0.16,0.9605475068092346
16871,0.2806,0.9325103163719177
16872,0.2669,0.9326465725898743
16873,0.3003,0.9131121635437012
16874,0.2135,0.9486099481582642
16875,0.1843,0.9486725926399231
16876,0.2038,0.9498270153999329
16877,0.2395,0.9360465407371521
16878,0.2104,0.951717734336853
16879,0.2229,0.9429081082344055
16880,0.2112,0.9511070251464844
16881,0.3182,0.9251101613044739
16882,0.2771,0.935251772403717
16883,0.2152,0.9509143233299255
16884,0.2622,0.9254598021507263
16885,0.1788,0.9515810012817383
16886,0.2362,0.9432485103607178
16887,0.2501,0.9435146450996399
16888,0.1996,0.9419087171554565
16889,0.2167,0.9342672228813171
16890,0.2769,0.9360824823379517
16891,0.2436,0.9326087236404419
16892,0.1978,0.9425675868988037
16893,0.2624,0.9301552176475525
16894,0.2189,0.9504608511924744
16895,0.2274,0.94199538230896
16896,0.2655,0.9340277910232544
16897,0.2345,0.9382566809654236
16898,0.1706,0.949999988079071
16899,0.2265,0.9496123790740967
16900,0.1916,0.9544159770011902
16901,0.2117,0.949644923210144
16902,0.085,0.9819133877754211
16903,0.1121,0.9746434092521667
16904,0.1531,0.9572501182556152
16905,0.1252,0.9687312245368958
16906,0.1224,0.9707088470458984
16907,0.1497,0.9654723405838013
16908,0.215,0.9504600167274475
16909,0.1534,0.9594405889511108
16910,0.2014,0.9479808211326599
16911,0.1293,0.9739195108413696
16912,0.2663,0.9363517165184021
16913,0.2779,0.9381294846534729
16914,0.1907,0.948513388633728
16915,0.2105,0.9527131915092468
16916,0.2053,0.948062002658844
16917,0.1349,0.9720892906188965
16918,0.186,0.9528071880340576
16919,0.1927,0.9591836929321289
16920,0.1766,0.9508333206176758
16921,0.2653,0.925203263759613
16922,0.2004,0.9502074718475342
16923,0.2442,0.9274124503135681
16924,0.1666,0.960869550704956
16925,0.2587,0.9342215061187744
16926,0.1987,0.9493891596794128
16927,0.1968,0.9482455849647522
16928,0.2163,0.9373831748962402
16929,0.2666,0.9268085360527039
16930,0.2683,0.9317160844802856
16931,0.2044,0.9607843160629272
16932,0.1521,0.9624505639076233
16933,0.2938,0.9207650423049927
16934,0.2626,0.9366602897644043
16935,0.3104,0.9068440794944763
16936,0.1919,0.9486125111579895
16937,0.1797,0.9514255523681641
16938,0.2402,0.9329140186309814
16939,0.1446,0.9723820686340332
16940,0.2194,0.9449838399887085
16941,0.2643,0.9361233711242676
16942,0.2193,0.9403315186500549
16943,0.2319,0.9391206502914429
16944,0.2481,0.9316628575325012
16945,0.232,0.951764702796936
16946,0.2327,0.9269988536834717
16947,0.2105,0.942011833190918
16948,0.214,0.94437575340271
16949,0.1682,0.9544863700866699
16950,0.2179,0.9370424747467041
16951,0.1517,0.9658119678497314
16952,0.1092,0.9727758765220642
16953,0.1719,0.9596602916717529
16954,0.1291,0.9685131311416626
16955,0.1176,0.9711017608642578
16956,0.1408,0.9642857313156128
16957,0.1204,0.9738780856132507
16958,0.2092,0.9485387802124023
16959,0.2165,0.9491077065467834
16960,0.1988,0.949280321598053
16961,0.154,0.9600825905799866
16962,0.1794,0.9515669345855713
16963,0.1589,0.9541080594062805
16964,0.1555,0.9597122073173523
16965,0.1237,0.9709804058074951
16966,0.2242,0.9439592361450195
16967,0.1319,0.9670947194099426
16968,0.1692,0.952707827091217
16969,0.1906,0.9632952809333801
16970,0.1334,0.9692172408103943
16971,0.1683,0.9581589698791504
16972,0.2278,0.9447194933891296
16973,0.206,0.9403563141822815
16974,0.228,0.9368587136268616
16975,0.2098,0.940403163433075
16976,0.2614,0.9326031804084778
16977,0.2059,0.9443507790565491
16978,0.1737,0.9574090242385864
16979,0.2284,0.9447368383407593
16980,0.1921,0.9484820365905762
16981,0.2233,0.9454023241996765
16982,0.1617,0.9532539248466492
16983,0.2199,0.9451438784599304
16984,0.2067,0.9500941634178162
16985,0.2165,0.9410628080368042
16986,0.2228,0.9358341693878174
16987,0.1777,0.9517819881439209
16988,0.1783,0.953109085559845
16989,0.2949,0.9233261346817017
16990,0.1844,0.9496787786483765
16991,0.2042,0.9516483545303345
16992,0.1631,0.9582863450050354
16993,0.2427,0.9331896305084229
16994,0.1569,0.9571263194084167
16995,0.2942,0.9106529355049133
16996,0.2281,0.9408983588218689
16997,0.2303,0.9351851940155029
16998,0.2168,0.9450549483299255
16999,0.2585,0.936117947101593
17000,0.1817,0.9480000138282776
17001,0.1027,0.9740623831748962
17002,0.134,0.9740321040153503
17003,0.0992,0.9763380289077759
17004,0.0934,0.9833045601844788
17005,0.1427,0.9665884971618652
17006,0.2371,0.9442815184593201
17007,0.0967,0.9774897694587708
17008,0.196,0.9524669051170349
17009,0.1991,0.9480782151222229
17010,0.1904,0.9499626755714417
17011,0.1661,0.9581905603408813
17012,0.2034,0.9470863938331604
17013,0.2359,0.9514563083648682
17014,0.1281,0.9668141603469849
17015,0.2032,0.9450867176055908
17016,0.2227,0.9428979158401489
17017,0.2015,0.9496240615844727
17018,0.1947,0.9482101798057556
17019,0.2676,0.9405444264411926
17020,0.2015,0.9454828500747681
17021,0.3352,0.9139785170555115
17022,0.2236,0.940177857875824
17023,0.1886,0.9464856386184692
17024,0.1798,0.9563318490982056
17025,0.1839,0.952006995677948
17026,0.1496,0.9602529406547546
17027,0.1243,0.9696106314659119
17028,0.2556,0.9285120368003845
17029,0.1561,0.9577205777168274
17030,0.2088,0.9499536752700806
17031,0.2649,0.9240393042564392
17032,0.3185,0.9203619956970215
17033,0.2185,0.9348214268684387
17034,0.1816,0.9501438140869141
17035,0.3142,0.9141790866851807
17036,0.2107,0.9429429173469543
17037,0.2213,0.9386385679244995
17038,0.3832,0.9096099138259888
17039,0.2686,0.936170220375061
17040,0.2715,0.9270239472389221
17041,0.2361,0.9385290741920471
17042,0.236,0.9365079402923584
17043,0.1648,0.9638988971710205
17044,0.2378,0.9377123713493347
17045,0.2356,0.942307710647583
17046,0.199,0.9482961297035217
17047,0.2489,0.9285714030265808
17048,0.2526,0.9418457746505737
17049,0.2172,0.9410977363586426
17050,0.2236,0.9455587267875671
17051,0.2219,0.9478012323379517
17052,0.111,0.9754475951194763
17053,0.1747,0.9650704264640808
17054,0.135,0.9672514796257019
17055,0.0717,0.9814221858978271
17056,0.3577,0.9241854548454285
17057,0.1219,0.9691011309623718
17058,0.1303,0.9663394093513489
17059,0.1588,0.9605633616447449
17060,0.1427,0.9623955488204956
17061,0.1534,0.9599714279174805
17062,0.2563,0.9275068044662476
17063,0.194,0.9503759145736694
17064,0.2106,0.9429824352264404
17065,0.204,0.9567610025405884
17066,0.1991,0.9469638466835022
17067,0.169,0.9577235579490662
17068,0.1866,0.9516870975494385
17069,0.184,0.9492466449737549
17070,0.2332,0.9402298927307129
17071,0.2254,0.937697172164917
17072,0.1552,0.9610499739646912
17073,0.1628,0.9546599388122559
17074,0.1736,0.960644006729126
17075,0.13,0.9656357169151306
17076,0.1959,0.9558333158493042
17077,0.2475,0.9272419810295105
17078,0.2791,0.9241213798522949
17079,0.1726,0.9502304196357727
17080,0.1741,0.9564007520675659
17081,0.2154,0.9464609622955322
17082,0.2478,0.9336917400360107
17083,0.2214,0.9442413449287415
17084,0.179,0.951171875
17085,0.325,0.9164319038391113
17086,0.2472,0.9300373196601868
17087,0.2464,0.9389764070510864
17088,0.2135,0.9425287246704102
17089,0.2615,0.9239024519920349
17090,0.2063,0.9494736790657043
17091,0.2296,0.9488752484321594
17092,0.2499,0.9261954426765442
17093,0.2345,0.9383634328842163
17094,0.2738,0.9264214038848877
17095,0.1846,0.952102780342102
17096,0.236,0.9385342597961426
17097,0.2503,0.9459459185600281
17098,0.2177,0.9436274766921997
17099,0.2384,0.9384615421295166
17100,0.2182,0.9383458495140076
17101,0.1212,0.9766666889190674
17102,0.1057,0.9713261723518372
17103,0.0973,0.9763157963752747
17104,0.1038,0.9751105904579163
17105,0.0986,0.9745916724205017
17106,0.1102,0.9685960412025452
17107,0.1171,0.9758327603340149
17108,0.1467,0.9679446816444397
17109,0.1131,0.9693290591239929
17110,0.2696,0.9400261044502258
17111,0.1933,0.9511173367500305
17112,0.2162,0.9493421316146851
17113,0.166,0.9654088020324707
17114,0.1773,0.952924370765686
17115,0.1784,0.9539568424224854
17116,0.2599,0.9394834041595459
17117,0.1465,0.9623430967330933
17118,0.228,0.948031485080719
17119,0.2071,0.9466869831085205
17120,0.2259,0.9398496150970459
17121,0.1157,0.9757365584373474
17122,0.2328,0.9324215650558472
17123,0.1719,0.9561620950698853
17124,0.256,0.9271472096443176
17125,0.2355,0.9305210709571838
17126,0.2065,0.9478044509887695
17127,0.259,0.9283360838890076
17128,0.2152,0.9418907165527344
17129,0.187,0.9490781426429749
17130,0.2727,0.929127037525177
17131,0.1956,0.9448529481887817
17132,0.1913,0.9449192881584167
17133,0.2874,0.9230769276618958
17134,0.2416,0.9302093982696533
17135,0.2354,0.9430739879608154
17136,0.1921,0.9434343576431274
17137,0.1975,0.9415322542190552
17138,0.2352,0.9457523226737976
17139,0.2516,0.9255631566047668
17140,0.1698,0.9502118825912476
17141,0.2309,0.9351184368133545
17142,0.2205,0.9456290006637573
17143,0.2161,0.9400665760040283
17144,0.1823,0.9502314925193787
17145,0.2826,0.9352601170539856
17146,0.2166,0.9345794320106506
17147,0.1815,0.9477521181106567
17148,0.2094,0.9465838670730591
17149,0.1751,0.9530639052391052
17150,0.238,0.9406657218933105
17151,0.1545,0.9565061330795288
17152,0.1168,0.9752352833747864
17153,0.1115,0.9745575189590454
17154,0.1258,0.9759812355041504
17155,0.0744,0.9811431765556335
17156,0.0831,0.9828269481658936
17157,0.095,0.9789972901344299
17158,0.2202,0.9555125832557678
17159,0.1534,0.9659686088562012
17160,0.1891,0.9546684622764587
17161,0.2367,0.9404600858688354
17162,0.1225,0.967414915561676
17163,0.2585,0.9364525079727173
17164,0.2183,0.9461206793785095
17165,0.1165,0.9704545736312866
17166,0.2008,0.9470544457435608
17167,0.1633,0.9631114602088928
17168,0.2133,0.9408194422721863
17169,0.2235,0.9400479793548584
17170,0.207,0.9469936490058899
17171,0.217,0.9475383162498474
17172,0.1823,0.9562171697616577
17173,0.1834,0.9543058276176453
17174,0.2409,0.9385665655136108
17175,0.1413,0.9634966254234314
17176,0.2655,0.9290780425071716
17177,0.2379,0.9372909665107727
17178,0.215,0.9453703761100769
17179,0.2842,0.9278717637062073
17180,0.3013,0.9208333492279053
17181,0.2572,0.9330357313156128
17182,0.2218,0.937609851360321
17183,0.2414,0.9333333373069763
17184,0.3134,0.9224526882171631
17185,0.2069,0.9459725022315979
17186,0.1977,0.9523336887359619
17187,0.2635,0.933469831943512
17188,0.2278,0.9390243887901306
17189,0.1866,0.9510337114334106
17190,0.2476,0.9326424598693848
17191,0.2198,0.9429824352264404
17192,0.2177,0.9446327686309814
17193,0.255,0.9300776720046997
17194,0.2518,0.9228224754333496
17195,0.1928,0.9466357231140137
17196,0.2804,0.9320046901702881
17197,0.2614,0.937122106552124
17198,0.1956,0.9497422575950623
17199,0.2141,0.947028398513794
17200,0.242,0.9438543319702148
17201,0.0841,0.9809622764587402
17202,0.1603,0.9603033065795898
17203,0.1161,0.968687891960144
17204,0.1299,0.9695538282394409
17205,0.2107,0.9450231194496155
17206,0.3003,0.9286543130874634
17207,0.1289,0.9678663015365601
17208,0.1303,0.9718849658966064
17209,0.2009,0.9520052671432495
17210,0.2203,0.9556313753128052
17211,0.1305,0.9676511883735657
17212,0.1678,0.9546990990638733
17213,0.104,0.9730831980705261
17214,0.3034,0.9306440353393555
17215,0.172,0.9608938694000244
17216,0.1648,0.9634443521499634
17217,0.1891,0.955503523349762
17218,0.1905,0.9454828500747681
17219,0.1725,0.9602977633476257
17220,0.2097,0.9518367052078247
17221,0.1286,0.9729729890823364
17222,0.1684,0.9562706351280212
17223,0.2685,0.9257575869560242
17224,0.1751,0.9541596174240112
17225,0.2234,0.9366085529327393
17226,0.2509,0.9323786497116089
17227,0.2572,0.9399453997612
17228,0.2046,0.9474621415138245
17229,0.2427,0.9382129311561584
17230,0.2566,0.935278058052063
17231,0.2695,0.9277108311653137
17232,0.2415,0.9383057355880737
17233,0.2134,0.939906120300293
17234,0.2123,0.9553127884864807
17235,0.1985,0.9475247263908386
17236,0.2002,0.9586777091026306
17237,0.2679,0.92829829454422
17238,0.2138,0.9390496015548706
17239,0.2198,0.9380630850791931
17240,0.2254,0.9427359700202942
17241,0.2517,0.9401260614395142
17242,0.2499,0.9336188435554504
17243,0.1873,0.9549041986465454
17244,0.1943,0.9439906477928162
17245,0.2415,0.9382150769233704
17246,0.2234,0.9480968713760376
17247,0.2579,0.9370546340942383
17248,0.2796,0.9261083602905273
17249,0.1971,0.9525592923164368
17250,0.2026,0.9487179517745972
17251,0.1277,0.9683111310005188
17252,0.0931,0.9826170802116394
17253,0.1295,0.9674572348594666
17254,0.1115,0.9750000238418579
17255,0.2583,0.9432024359703064
17256,0.1025,0.9752014875411987
17257,0.1318,0.9670329689979553
17258,0.1558,0.9625595808029175
17259,0.2076,0.9443365931510925
17260,0.1848,0.9520000219345093
17261,0.3159,0.9291121959686279
17262,0.1728,0.9450222849845886
17263,0.1577,0.9561538696289062
17264,0.2307,0.9383611083030701
17265,0.1835,0.9530658721923828
17266,0.1724,0.9618082642555237
17267,0.2691,0.9251852035522461
17268,0.1963,0.9432348608970642
17269,0.2418,0.9379258155822754
17270,0.25,0.9426030516624451
17271,0.1949,0.9523431062698364
17272,0.3363,0.9275590777397156
17273,0.2015,0.9502573013305664
17274,0.247,0.9403479695320129
17275,0.175,0.959965169429779
17276,0.2401,0.9411764740943909
17277,0.2416,0.9389179944992065
17278,0.2028,0.9537465572357178
17279,0.2627,0.9426523447036743
17280,0.2528,0.9359560608863831
17281,0.236,0.9353982210159302
17282,0.1826,0.9583333134651184
17283,0.2552,0.9290322661399841
17284,0.2173,0.9389243125915527
17285,0.1305,0.9692623019218445
17286,0.2396,0.9473150968551636
17287,0.275,0.9273585081100464
17288,0.2511,0.9358451962471008
17289,0.2342,0.9357143044471741
17290,0.1916,0.9510638117790222
17291,0.2485,0.9387978315353394
17292,0.1881,0.9478168487548828
17293,0.1994,0.9495990872383118
17294,0.2224,0.9357060790061951
17295,0.2088,0.9420454502105713
17296,0.2743,0.9186712503433228
17297,0.1998,0.9459459185600281
17298,0.236,0.9388489127159119
17299,0.243,0.9350318312644958
17300,0.2305,0.9391068816184998
17301,0.0989,0.9788658022880554
17302,0.1349,0.9695504903793335
17303,0.141,0.967069149017334
17304,0.1033,0.9787353277206421
17305,0.1418,0.9650092124938965
17306,0.1434,0.9632968306541443
17307,0.1037,0.9753406643867493
17308,0.1714,0.9593495726585388
17309,0.1951,0.9491961598396301
17310,0.1423,0.9676955938339233
17311,0.2005,0.9402313828468323
17312,0.1787,0.9579020142555237
17313,0.1204,0.9683018922805786
17314,0.1498,0.9613343477249146
17315,0.1667,0.9619686603546143
17316,0.2099,0.950075626373291
17317,0.2139,0.9488768577575684
17318,0.2064,0.9416846632957458
17319,0.1876,0.9470773935317993
17320,0.2002,0.9515384435653687
17321,0.1353,0.965573787689209
17322,0.262,0.9296754002571106
17323,0.1586,0.9585097432136536
17324,0.2505,0.934166669845581
17325,0.2172,0.940099835395813
17326,0.179,0.9573115110397339
17327,0.2222,0.9439330697059631
17328,0.2375,0.9366554021835327
17329,0.1777,0.9507168531417847
17330,0.2275,0.9479077458381653
17331,0.1921,0.946363627910614
17332,0.2214,0.947519063949585
17333,0.2222,0.9387568831443787
17334,0.1742,0.9625126719474792
17335,0.2637,0.9294003844261169
17336,0.2417,0.9379115700721741
17337,0.1923,0.9438085556030273
17338,0.3031,0.9165858626365662
17339,0.2267,0.9380252361297607
17340,0.222,0.9427965879440308
17341,0.2468,0.9349945783615112
17342,0.1991,0.9486033320426941
17343,0.2156,0.936170220375061
17344,0.2362,0.9400665760040283
17345,0.1783,0.9488372206687927
17346,0.2637,0.916201114654541
17347,0.2088,0.9359903335571289
17348,0.2082,0.9439024329185486
17349,0.2294,0.9422110319137573
17350,0.1991,0.9476743936538696
17351,0.1315,0.9704598784446716
17352,0.1047,0.9739478826522827
17353,0.149,0.9703133702278137
17354,0.2057,0.9487917423248291
17355,0.1193,0.970059871673584
17356,0.1854,0.946886420249939
17357,0.1408,0.9694501161575317
17358,0.1094,0.9746835231781006
17359,0.1013,0.9785560965538025
17360,0.1456,0.9672597646713257
17361,0.1718,0.9560975432395935
17362,0.1541,0.9661495089530945
17363,0.2059,0.9548924565315247
17364,0.1652,0.9565537571907043
17365,0.193,0.947445273399353
17366,0.1275,0.9658048152923584
17367,0.1529,0.9631147384643555
17368,0.2058,0.9489489197731018
17369,0.2424,0.9396078586578369
17370,0.2555,0.943154513835907
17371,0.1926,0.9513888955116272
17372,0.2965,0.9267139434814453
17373,0.133,0.9687771201133728
17374,0.1959,0.9506579041481018
17375,0.2711,0.9224270582199097
17376,0.2038,0.9507908821105957
17377,0.1514,0.9608014225959778
17378,0.232,0.9417391419410706
17379,0.168,0.9625668525695801
17380,0.2144,0.9437788128852844
17381,0.1694,0.956315279006958
17382,0.2195,0.9448398351669312
17383,0.2414,0.938248872756958
17384,0.1736,0.9550669193267822
17385,0.2226,0.9370229244232178
17386,0.2172,0.9295112490653992
17387,0.29,0.9240631461143494
17388,0.1912,0.9555325508117676
17389,0.3373,0.9132553339004517
17390,0.2132,0.9495166540145874
17391,0.2477,0.9429824352264404
17392,0.1662,0.9522222280502319
17393,0.2762,0.9284210801124573
17394,0.2463,0.9205297827720642
17395,0.1755,0.9553139805793762
17396,0.2624,0.9311164021492004
17397,0.2168,0.9422169923782349
17398,0.2073,0.9476309418678284
17399,0.216,0.9461538195610046
17400,0.2067,0.948106586933136
17401,0.1449,0.9653968214988708
17402,0.07,0.9857773184776306
17403,0.198,0.9504299163818359
17404,0.1213,0.9727171659469604
17405,0.1567,0.9555416703224182
17406,0.1501,0.9635385274887085
17407,0.1092,0.9700306057929993
17408,0.1954,0.9550769329071045
17409,0.1744,0.9590110778808594
17410,0.1633,0.9552238583564758
17411,0.1368,0.9635488390922546
17412,0.1602,0.9596478343009949
17413,0.2772,0.927516758441925
17414,0.3339,0.9251603484153748
17415,0.2245,0.934402346611023
17416,0.2826,0.9330573081970215
17417,0.1877,0.9505882263183594
17418,0.1556,0.9571428298950195
17419,0.1095,0.9694137573242188
17420,0.1821,0.9579698443412781
17421,0.2162,0.9404289126396179
17422,0.182,0.9538461565971375
17423,0.2017,0.950710117816925
17424,0.3188,0.9169869422912598
17425,0.1951,0.9574660658836365
17426,0.2234,0.9422442317008972
17427,0.1882,0.9507042169570923
17428,0.2465,0.9375520348548889
17429,0.1773,0.9594339728355408
17430,0.2458,0.9291338324546814
17431,0.2115,0.9409523606300354
17432,0.232,0.9353612065315247
17433,0.24,0.9332042336463928
17434,0.2087,0.9367470145225525
17435,0.2302,0.9317507147789001
17436,0.2203,0.9443339705467224
17437,0.2079,0.9404388666152954
17438,0.1908,0.9546961188316345
17439,0.1974,0.9394871592521667
17440,0.2316,0.9373072981834412
17441,0.2336,0.9438559412956238
17442,0.2085,0.9437229633331299
17443,0.2186,0.9404494166374207
17444,0.1949,0.9395667314529419
17445,0.2092,0.9379932284355164
17446,0.2824,0.9249422550201416
17447,0.1899,0.9454545378684998
17448,0.2276,0.9374232888221741
17449,0.2082,0.9401041865348816
17450,0.2574,0.9474474191665649
17451,0.1377,0.9673043489456177
17452,0.1072,0.974281370639801
17453,0.1132,0.976910412311554
17454,0.2237,0.9482936859130859
17455,0.1819,0.957134485244751
17456,0.1256,0.9691096544265747
17457,0.1928,0.9510050415992737
17458,0.1797,0.9501915574073792
17459,0.0767,0.9804469347000122
17460,0.1659,0.9547945261001587
17461,0.2445,0.9376271367073059
17462,0.2366,0.9425837397575378
17463,0.1874,0.9550173282623291
17464,0.1931,0.9549745917320251
17465,0.2147,0.9510748982429504
17466,0.2297,0.9399198889732361
17467,0.2066,0.9516380429267883
17468,0.1921,0.9586316347122192
17469,0.2599,0.9281690120697021
17470,0.1988,0.9525756239891052
17471,0.1946,0.9445364475250244
17472,0.2244,0.9443079233169556
17473,0.2314,0.9355590343475342
17474,0.2261,0.9419934749603271
17475,0.1852,0.9515859484672546
17476,0.2451,0.9412280917167664
17477,0.2579,0.9281487464904785
17478,0.1797,0.9507168531417847
17479,0.2178,0.9372852444648743
17480,0.286,0.925957441329956
17481,0.2472,0.9363394975662231
17482,0.1914,0.9514018893241882
17483,0.1443,0.9582560062408447
17484,0.1448,0.9651837348937988
17485,0.2215,0.9449954628944397
17486,0.1275,0.9664218425750732
17487,0.1627,0.9546858668327332
17488,0.2882,0.928220272064209
17489,0.2449,0.9435643553733826
17490,0.2308,0.9421319961547852
17491,0.2622,0.9285714030265808
17492,0.2762,0.9318181872367859
17493,0.2185,0.9468546509742737
17494,0.277,0.9307359457015991
17495,0.1947,0.949367105960846
17496,0.256,0.942148745059967
17497,0.2321,0.9373493790626526
17498,0.2134,0.938902735710144
17499,0.2028,0.9448010325431824
17500,0.157,0.9633967876434326
17501,0.124,0.9678871631622314
17502,0.1898,0.957102358341217
17503,0.0944,0.9798502922058105
17504,0.0792,0.978789746761322
17505,0.1403,0.9661222100257874
17506,0.1313,0.970018744468689
17507,0.1697,0.95652174949646
17508,0.1565,0.9636363387107849
17509,0.0966,0.9685147404670715
17510,0.1222,0.968684732913971
17511,0.127,0.969924807548523
17512,0.1799,0.9535221457481384
17513,0.1491,0.9610294103622437
17514,0.1075,0.9757391810417175
17515,0.1691,0.9569976329803467
17516,0.2046,0.9483674764633179
17517,0.1526,0.9600326418876648
17518,0.2515,0.9403202533721924
17519,0.2342,0.9409937858581543
17520,0.1293,0.969911515712738
17521,0.1981,0.947543740272522
17522,0.1836,0.9555555582046509
17523,0.1966,0.9451115131378174
17524,0.3296,0.9229521751403809
17525,0.2402,0.9354275465011597
17526,0.1793,0.9576036930084229
17527,0.2685,0.9362950325012207
17528,0.2441,0.9337199926376343
17529,0.1723,0.9558558464050293
17530,0.1797,0.9516728520393372
17531,0.2139,0.9438822269439697
17532,0.2207,0.9402984976768494
17533,0.2448,0.9331526756286621
17534,0.1674,0.9635627269744873
17535,0.265,0.9328793883323669
17536,0.214,0.9512194991111755
17537,0.2864,0.9221272468566895
17538,0.2183,0.9542065858840942
17539,0.2329,0.9409937858581543
17540,0.2697,0.9199178814888
17541,0.2388,0.944502592086792
17542,0.2733,0.9268029928207397
17543,0.2311,0.9292343258857727
17544,0.196,0.9530120491981506
17545,0.2421,0.9350348114967346
17546,0.2702,0.9299655556678772
17547,0.1657,0.9525547623634338
17548,0.2142,0.9490445852279663
17549,0.243,0.9415584206581116
17550,0.2236,0.943965494632721
17551,0.1188,0.9723519086837769
17552,0.1057,0.9735888242721558
17553,0.1427,0.9714128375053406
17554,0.1334,0.9685184955596924
17555,0.1067,0.9784263968467712
17556,0.1862,0.9572368264198303
17557,0.141,0.9661626815795898
17558,0.1869,0.9595414996147156
17559,0.1504,0.9597741961479187
17560,0.1934,0.9572301506996155
17561,0.2501,0.933917760848999
17562,0.1387,0.9709605574607849
17563,0.1781,0.9570508003234863
17564,0.1987,0.9494799375534058
17565,0.1696,0.952194333076477
17566,0.2013,0.9501915574073792
17567,0.1704,0.9556093811988831
17568,0.1751,0.9529499411582947
17569,0.295,0.929061770439148
17570,0.2579,0.9343236684799194
17571,0.1897,0.9448052048683167
17572,0.2479,0.93692946434021
17573,0.261,0.9329124093055725
17574,0.204,0.9513951539993286
17575,0.2163,0.9460400342941284
17576,0.1521,0.9642545580863953
17577,0.2089,0.9454240202903748
17578,0.2208,0.9436734914779663
17579,0.2347,0.9418306350708008
17580,0.2103,0.9372791647911072
17581,0.2572,0.9368420839309692
17582,0.2362,0.9444444179534912
17583,0.2575,0.9448819160461426
17584,0.1553,0.961240291595459
17585,0.22,0.9418386220932007
17586,0.1953,0.9470644593238831
17587,0.2415,0.933768630027771
17588,0.1989,0.9507389068603516
17589,0.204,0.9568874835968018
17590,0.2654,0.9284995198249817
17591,0.2358,0.9420731663703918
17592,0.1999,0.9468650221824646
17593,0.3037,0.9210245609283447
17594,0.2925,0.9237568974494934
17595,0.2202,0.9474285840988159
17596,0.2529,0.9306358098983765
17597,0.2552,0.9246171712875366
17598,0.26,0.9344660043716431
17599,0.2164,0.9489796161651611
17600,0.195,0.9460227489471436
17601,0.343,0.9263363480567932
17602,0.0813,0.9791769981384277
17603,0.1207,0.9699097275733948
17604,0.0769,0.9836857914924622
17605,0.1148,0.9727488160133362
17606,0.1118,0.9742300510406494
17607,0.1226,0.9679245352745056
17608,0.1021,0.976190447807312
17609,0.2349,0.9481727480888367
17610,0.1575,0.9592260122299194
17611,0.0895,0.9769949913024902
17612,0.1365,0.9694322943687439
17613,0.1405,0.9662576913833618
17614,0.139,0.9682416915893555
17615,0.1954,0.9489723443984985
17616,0.2762,0.942264974117279
17617,0.2036,0.9445266127586365
17618,0.163,0.9597653150558472
17619,0.1329,0.9726368188858032
17620,0.1384,0.9657643437385559
17621,0.1693,0.9610282182693481
17622,0.2895,0.924127459526062
17623,0.1711,0.9529314637184143
17624,0.2407,0.9355608820915222
17625,0.2071,0.9476844072341919
17626,0.2126,0.9465517401695251
17627,0.2767,0.9312039017677307
17628,0.2865,0.9314946532249451
17629,0.186,0.9459459185600281
17630,0.2583,0.9330612421035767
17631,0.2313,0.9342681765556335
17632,0.2304,0.9417475461959839
17633,0.1915,0.9505947232246399
17634,0.2489,0.9334582686424255
17635,0.2437,0.9347826242446899
17636,0.2009,0.9420849680900574
17637,0.2095,0.9460227489471436
17638,0.1937,0.9435897469520569
17639,0.2337,0.9466800689697266
17640,0.2184,0.9409999847412109
17641,0.1757,0.9539614319801331
17642,0.1914,0.9444444179534912
17643,0.1872,0.9531428813934326
17644,0.2359,0.9331103563308716
17645,0.2544,0.9403669834136963
17646,0.1929,0.9466192126274109
17647,0.2062,0.9462500214576721
17648,0.2352,0.9288343787193298
17649,0.1611,0.9481382966041565
17650,0.23,0.9412650465965271
17651,0.1406,0.9670000076293945
17652,0.0932,0.9784840941429138
17653,0.1717,0.9532846808433533
17654,0.2982,0.9381992816925049
17655,0.1039,0.9736519455909729
17656,0.1222,0.9680451154708862
17657,0.1643,0.9664299488067627
17658,0.1539,0.9698593616485596
17659,0.115,0.9721428751945496
17660,0.1479,0.9613333344459534
17661,0.1838,0.9570552110671997
17662,0.1732,0.9599156379699707
17663,0.2018,0.9394792318344116
17664,0.1752,0.9599383473396301
17665,0.2269,0.9450714588165283
17666,0.1564,0.9617444276809692
17667,0.1733,0.9520062804222107
17668,0.1652,0.9508448243141174
17669,0.2302,0.9414157867431641
17670,0.2451,0.9409449100494385
17671,0.1878,0.9562752842903137
17672,0.1965,0.9500430822372437
17673,0.1988,0.9516128897666931
17674,0.1609,0.9577221870422363
17675,0.2191,0.9380602836608887
17676,0.1614,0.9540727734565735
17677,0.2265,0.9466553926467896
17678,0.1607,0.9581881761550903
17679,0.2164,0.9398625493049622
17680,0.25,0.9360360503196716
17681,0.1705,0.9526515007019043
17682,0.2803,0.9355432987213135
17683,0.1814,0.9464285969734192
17684,0.3312,0.9218031167984009
17685,0.1876,0.9514370560646057
17686,0.2064,0.9458374977111816
17687,0.2884,0.9190000295639038
17688,0.1987,0.9469777345657349
17689,0.2432,0.9334638118743896
17690,0.2204,0.9522258639335632
17691,0.2264,0.9400871396064758
17692,0.1899,0.9474860429763794
17693,0.2095,0.9469525814056396
17694,0.2378,0.9377162456512451
17695,0.2538,0.9361445903778076
17696,0.2356,0.9404761791229248
17697,0.251,0.9318996667861938
17698,0.233,0.9429658055305481
17699,0.1683,0.95686274766922
17700,0.2255,0.9437689781188965
17701,0.0771,0.9819216728210449
17702,0.1733,0.9590056538581848
17703,0.1494,0.9620189666748047
17704,0.1537,0.9647771120071411
17705,0.1337,0.9722557067871094
17706,0.1138,0.9681731462478638
17707,0.1638,0.9666024446487427
17708,0.1745,0.9513108730316162
17709,0.1921,0.9455412030220032
17710,0.1289,0.9650909304618835
17711,0.1508,0.9668508172035217
17712,0.1907,0.9533954858779907
17713,0.2728,0.9441509246826172
17714,0.203,0.9411764740943909
17715,0.2109,0.952236533164978
17716,0.1883,0.9489953517913818
17717,0.2211,0.9472441077232361
17718,0.1794,0.9530864357948303
17719,0.1703,0.9637860059738159
17720,0.2291,0.9427450895309448
17721,0.1912,0.954739511013031
17722,0.2064,0.9461027979850769
17723,0.1865,0.9529016017913818
17724,0.2604,0.9290220737457275
17725,0.2235,0.9405537247657776
17726,0.1451,0.960035502910614
17727,0.2393,0.9392361044883728
17728,0.2104,0.9376146793365479
17729,0.1766,0.9530791640281677
17730,0.2133,0.9453551769256592
17731,0.2053,0.9523809552192688
17732,0.2011,0.945268988609314
17733,0.1709,0.958742618560791
17734,0.2177,0.9464285969734192
17735,0.1817,0.9595959782600403
17736,0.168,0.9600409865379333
17737,0.1958,0.9466527104377747
17738,0.1558,0.9571428298950195
17739,0.2314,0.943254828453064
17740,0.2425,0.9349679946899414
17741,0.254,0.9413716793060303
17742,0.2094,0.9418994188308716
17743,0.2312,0.9500567317008972
17744,0.2204,0.9355932474136353
17745,0.1501,0.9744214415550232
17746,0.2431,0.9338747262954712
17747,0.2654,0.9279811382293701
17748,0.2575,0.930261492729187
17749,0.2171,0.9450830221176147
17750,0.177,0.9632353186607361
17751,0.0677,0.9849492311477661
17752,0.0937,0.977078914642334
17753,0.2968,0.9321566224098206
17754,0.1267,0.9690660238265991
17755,0.1777,0.9572501182556152
17756,0.0732,0.9799062013626099
17757,0.2037,0.9471153616905212
17758,0.2987,0.9374167919158936
17759,0.106,0.975731611251831
17760,0.1399,0.9575757384300232
17761,0.1061,0.9797449111938477
17762,0.1762,0.9542619585990906
17763,0.1987,0.949394166469574
17764,0.2178,0.9487555027008057
17765,0.1933,0.9529411792755127
17766,0.1073,0.9750402569770813
17767,0.1589,0.9647718071937561
17768,0.1961,0.9476479291915894
17769,0.2958,0.9281853437423706
17770,0.206,0.9481361508369446
17771,0.1474,0.9622950553894043
17772,0.1673,0.9616056084632874
17773,0.1646,0.9619610905647278
17774,0.2061,0.9459241032600403
17775,0.1979,0.9450549483299255
17776,0.2383,0.9384485483169556
17777,0.1627,0.9554367065429688
17778,0.3212,0.9138755798339844
17779,0.2848,0.9215686321258545
17780,0.1518,0.9532539248466492
17781,0.2112,0.9437675476074219
17782,0.2454,0.9417562484741211
17783,0.2491,0.9390018582344055
17784,0.2195,0.9310970306396484
17785,0.2101,0.949903666973114
17786,0.2347,0.9408817887306213
17787,0.2105,0.947576642036438
17788,0.2064,0.9413461685180664
17789,0.2651,0.9352226853370667
17790,0.2743,0.9287211894989014
17791,0.2352,0.9429460763931274
17792,0.2031,0.9433155059814453
17793,0.2223,0.9408543109893799
17794,0.1983,0.9432703256607056
17795,0.249,0.94199538230896
17796,0.2303,0.9438717365264893
17797,0.2075,0.9367245435714722
17798,0.2251,0.9392812848091125
17799,0.2411,0.9440832138061523
17800,0.2372,0.9422535300254822
17801,0.0859,0.9801397323608398
17802,0.0982,0.9789319038391113
17803,0.1967,0.9525207877159119
17804,0.1021,0.9767035245895386
17805,0.1107,0.9749403595924377
17806,0.2615,0.9451888203620911
17807,0.0951,0.9749835133552551
17808,0.0918,0.9767759442329407
17809,0.1043,0.9745178818702698
17810,0.1691,0.9631068110466003
17811,0.1531,0.9596317410469055
17812,0.1209,0.9688212871551514
17813,0.1341,0.9640179872512817
17814,0.2057,0.9454001784324646
17815,0.168,0.9525222778320312
17816,0.1856,0.9545454382896423
17817,0.1424,0.9639639854431152
17818,0.1647,0.9621329307556152
17819,0.1195,0.9691666960716248
17820,0.1958,0.9495733380317688
17821,0.1828,0.9511218070983887
17822,0.2025,0.9388934969902039
17823,0.1628,0.9587888717651367
17824,0.1967,0.9493243098258972
17825,0.1968,0.9499151110649109
17826,0.1846,0.9496527910232544
17827,0.2847,0.9209677577018738
17828,0.1891,0.9502221941947937
17829,0.2321,0.9388839602470398
17830,0.2186,0.9447963833808899
17831,0.1889,0.94935542345047
17832,0.1812,0.9517045617103577
17833,0.2201,0.9432753920555115
17834,0.2527,0.9385796785354614
17835,0.1149,0.9727668762207031
17836,0.1858,0.9526159763336182
17837,0.2562,0.9359223246574402
17838,0.2077,0.9497435688972473
17839,0.1813,0.9590336084365845
17840,0.216,0.9334719181060791
17841,0.2153,0.9497816562652588
17842,0.2201,0.9443813562393188
17843,0.1603,0.9600939154624939
17844,0.1955,0.9584323167800903
17845,0.2343,0.9359267950057983
17846,0.2272,0.9350180625915527
17847,0.2717,0.9312039017677307
17848,0.2339,0.942643404006958
17849,0.1419,0.9654714465141296
17850,0.1878,0.9502133727073669
17851,0.0792,0.9815837740898132
17852,0.1139,0.9750488996505737
17853,0.0968,0.9799442887306213
17854,0.1553,0.9627571105957031
17855,0.1083,0.9715133309364319
17856,0.12,0.9720234274864197
17857,0.1768,0.9574742317199707
17858,0.0848,0.9786648154258728
17859,0.2103,0.9510257840156555
17860,0.1205,0.9700000286102295
17861,0.184,0.9484978318214417
17862,0.1496,0.9643636345863342
17863,0.1339,0.9690201878547668
17864,0.0787,0.9803767800331116
17865,0.1887,0.948051929473877
17866,0.1529,0.9591218829154968
17867,0.2374,0.9353667497634888
17868,0.1198,0.9714764952659607
17869,0.1736,0.9527621865272522
17870,0.2201,0.9417946934700012
17871,0.195,0.9567999839782715
17872,0.2283,0.9407294988632202
17873,0.2573,0.9336569309234619
17874,0.2178,0.9421352744102478
17875,0.2795,0.9275590777397156
17876,0.2625,0.9243156313896179
17877,0.2482,0.9244832992553711
17878,0.1998,0.953153133392334
17879,0.1879,0.9489516615867615
17880,0.2634,0.932574450969696
17881,0.1652,0.9567723274230957
17882,0.22,0.9441944360733032
17883,0.1871,0.9567956924438477
17884,0.241,0.9391635060310364
17885,0.2358,0.936492919921875
17886,0.1798,0.9506048560142517
17887,0.2022,0.9409999847412109
17888,0.1861,0.9472049474716187
17889,0.2175,0.9409326314926147
17890,0.2159,0.9396728277206421
17891,0.1727,0.9574015140533447
17892,0.1682,0.9628821015357971
17893,0.2393,0.9365255832672119
17894,0.2581,0.939130425453186
17895,0.2184,0.9476081728935242
17896,0.2182,0.9439707398414612
17897,0.232,0.9400978088378906
17898,0.2254,0.9360100626945496
17899,0.1487,0.9586563110351562
17900,0.169,0.9593373537063599
17901,0.1079,0.9763052463531494
17902,0.095,0.9795396327972412
17903,0.0852,0.9828706383705139
17904,0.1357,0.963302731513977
17905,0.1295,0.9697160720825195
17906,0.0864,0.974518358707428
17907,0.1335,0.9688311815261841
17908,0.108,0.9685828685760498
17909,0.189,0.9478764533996582
17910,0.2001,0.9513513445854187
17911,0.2401,0.9290241003036499
17912,0.1367,0.9673676490783691
17913,0.269,0.9319682717323303
17914,0.184,0.9520062804222107
17915,0.1642,0.9545126557350159
17916,0.2056,0.947446346282959
17917,0.1279,0.9707971811294556
17918,0.146,0.9634630680084229
17919,0.3565,0.9205992221832275
17920,0.2405,0.9370424747467041
17921,0.1763,0.955329179763794
17922,0.3344,0.9189189076423645
17923,0.2878,0.9362204670906067
17924,0.3262,0.9165354371070862
17925,0.24,0.9342532753944397
17926,0.2035,0.9526363015174866
17927,0.2091,0.9464123249053955
17928,0.2223,0.9395229816436768
17929,0.2583,0.9280762672424316
17930,0.2306,0.9491211771965027
17931,0.2697,0.9239864945411682
17932,0.2076,0.9440820217132568
17933,0.1966,0.9559808373451233
17934,0.1626,0.9597249627113342
17935,0.2334,0.9393656849861145
17936,0.1821,0.9494655132293701
17937,0.2806,0.9339534640312195
17938,0.2377,0.9335899949073792
17939,0.2578,0.9307228922843933
17940,0.204,0.9476386308670044
17941,0.2464,0.9391675591468811
17942,0.1766,0.9572553634643555
17943,0.2563,0.9405286312103271
17944,0.1854,0.953177273273468
17945,0.2725,0.9224718809127808
17946,0.2888,0.9334862232208252
17947,0.2031,0.9474940299987793
17948,0.2324,0.9342432022094727
17949,0.2195,0.9436619877815247
17950,0.2349,0.9410071969032288
17951,0.155,0.9638678431510925
17952,0.1866,0.9541109204292297
17953,0.1218,0.9746556282043457
17954,0.1048,0.9727554321289062
17955,0.1903,0.9520504474639893
17956,0.1171,0.9748873114585876
17957,0.1384,0.9624916315078735
17958,0.1197,0.9745402932167053
17959,0.1243,0.9699925184249878
17960,0.1797,0.9639139771461487
17961,0.1774,0.9594594836235046
17962,0.1659,0.9491018056869507
17963,0.2222,0.9503703713417053
17964,0.2314,0.9357541799545288
17965,0.19,0.9487179517745972
17966,0.132,0.9650077819824219
17967,0.1822,0.9557877779006958
17968,0.2147,0.942520260810852
17969,0.2291,0.9475357532501221
17970,0.2119,0.9502447247505188
17971,0.193,0.9489619135856628
17972,0.2571,0.9311183094978333
17973,0.1526,0.9557446837425232
17974,0.2682,0.93855220079422
17975,0.1928,0.9556856155395508
17976,0.2568,0.9347826242446899
17977,0.1895,0.9498208165168762
17978,0.1983,0.9477947950363159
17979,0.2733,0.9288256168365479
17980,0.2783,0.9257642030715942
17981,0.2165,0.9418386220932007
17982,0.3455,0.9117133021354675
17983,0.245,0.932330846786499
17984,0.1807,0.9478435516357422
17985,0.2266,0.9339622855186462
17986,0.1726,0.9548254609107971
17987,0.244,0.9350649118423462
17988,0.2566,0.9380081295967102
17989,0.2561,0.9300000071525574
17990,0.2623,0.929695725440979
17991,0.2219,0.9334061145782471
17992,0.2131,0.9365255832672119
17993,0.2052,0.9428571462631226
17994,0.2204,0.9371554851531982
17995,0.2427,0.9353741407394409
17996,0.2326,0.9338061213493347
17997,0.2364,0.9375
17998,0.2364,0.9330855011940002
17999,0.2181,0.9495472311973572
18000,0.1687,0.9531459212303162
18001,0.1042,0.9767074584960938
18002,0.0715,0.9839211702346802
18003,0.2052,0.9484649300575256
18004,0.1678,0.9632353186607361
18005,0.1229,0.9680981636047363
18006,0.1429,0.9636583924293518
18007,0.1321,0.9729729890823364
18008,0.0886,0.9807052612304688
18009,0.1557,0.9644322991371155
18010,0.1338,0.9677419066429138
18011,0.2662,0.9372915029525757
18012,0.1866,0.9486623406410217
18013,0.2062,0.9419001936912537
18014,0.2188,0.9424460530281067
18015,0.1712,0.9565542936325073
18016,0.2422,0.9411764740943909
18017,0.1891,0.9472891688346863
18018,0.1719,0.9569811224937439
18019,0.1495,0.9580745100975037
18020,0.3012,0.9205859899520874
18021,0.1803,0.9512396454811096
18022,0.1863,0.9521410465240479
18023,0.3213,0.9220216870307922
18024,0.3293,0.9202211499214172
18025,0.2121,0.9459691047668457
18026,0.1532,0.9608021974563599
18027,0.2017,0.9572338461875916
18028,0.2123,0.9477234482765198
18029,0.2958,0.9300000071525574
18030,0.1724,0.9601895809173584
18031,0.2093,0.9419013857841492
18032,0.1765,0.9593956470489502
18033,0.2259,0.9479820728302002
18034,0.2291,0.9333333373069763
18035,0.2066,0.948090136051178
18036,0.2874,0.9232954382896423
18037,0.2301,0.9432146549224854
18038,0.2231,0.9375
18039,0.2202,0.9474768042564392
18040,0.2319,0.9452201724052429
18041,0.255,0.9365904331207275
18042,0.2404,0.933684229850769
18043,0.1873,0.9394285678863525
18044,0.1961,0.9472450017929077
18045,0.2479,0.9303944110870361
18046,0.1898,0.9418742656707764
18047,0.2519,0.9371980428695679
18048,0.2316,0.9340659379959106
18049,0.2229,0.9410288333892822
18050,0.1941,0.9544786810874939
18051,0.1342,0.9706106781959534
18052,0.2462,0.9413276314735413
18053,0.124,0.9699453711509705
18054,0.169,0.9588966965675354
18055,0.1187,0.9759110808372498
18056,0.1353,0.9660691618919373
18057,0.1259,0.9713141918182373
18058,0.1571,0.9568854570388794
18059,0.0911,0.9799857139587402
18060,0.14,0.9642074704170227
18061,0.0677,0.9851632118225098
18062,0.1496,0.9605947732925415
18063,0.2252,0.947473406791687
18064,0.1327,0.9736247062683105
18065,0.2027,0.946243941783905
18066,0.1864,0.9497784376144409
18067,0.1825,0.9534522891044617
18068,0.2363,0.9465478658676147
18069,0.1526,0.9564885497093201
18070,0.302,0.9297173619270325
18071,0.2769,0.9227886199951172
18072,0.161,0.956133246421814
18073,0.2111,0.9465709924697876
18074,0.1261,0.9691780805587769
18075,0.2417,0.9355904459953308
18076,0.2022,0.9449867010116577
18077,0.2704,0.9318554997444153
18078,0.2418,0.9330986142158508
18079,0.221,0.9407079815864563
18080,0.1921,0.9500941634178162
18081,0.2215,0.9319965243339539
18082,0.3008,0.9239130616188049
18083,0.1924,0.9433428049087524
18084,0.2534,0.9298409819602966
18085,0.2826,0.9195837378501892
18086,0.2095,0.9484936594963074
18087,0.2428,0.9411187171936035
18088,0.1501,0.9571129679679871
18089,0.2412,0.9394841194152832
18090,0.2159,0.9406867623329163
18091,0.2319,0.9410455822944641
18092,0.2861,0.9326818585395813
18093,0.2148,0.9493813514709473
18094,0.2457,0.9410430788993835
18095,0.1512,0.9544910192489624
18096,0.229,0.9346246719360352
18097,0.2035,0.946795642375946
18098,0.2128,0.9526699185371399
18099,0.1957,0.9513715505599976
18100,0.1903,0.9514285922050476
18101,0.1605,0.9600296020507812
18102,0.1238,0.9700854420661926
18103,0.1278,0.966292142868042
18104,0.0993,0.9757722616195679
18105,0.1917,0.9526692628860474
18106,0.1343,0.9659863710403442
18107,0.0896,0.9842209219932556
18108,0.118,0.9763427376747131
18109,0.1685,0.961872935295105
18110,0.1717,0.9487008452415466
18111,0.1558,0.9545777440071106
18112,0.1826,0.9562638998031616
18113,0.125,0.9697884917259216
18114,0.1691,0.9564902186393738
18115,0.1854,0.9508326649665833
18116,0.1903,0.9462686777114868
18117,0.2164,0.9445288777351379
18118,0.1461,0.9611727595329285
18119,0.2254,0.9461305141448975
18120,0.1477,0.9605587720870972
18121,0.1232,0.9652777910232544
18122,0.2537,0.9360131025314331
18123,0.2611,0.9291277527809143
18124,0.2298,0.9420756101608276
18125,0.1409,0.9634581208229065
18126,0.2448,0.9434290528297424
18127,0.2578,0.9291204214096069
18128,0.2272,0.9455958604812622
18129,0.2134,0.9445438385009766
18130,0.176,0.9606525897979736
18131,0.2538,0.9348796010017395
18132,0.2498,0.930320143699646
18133,0.2118,0.9405561089515686
18134,0.1903,0.9571713209152222
18135,0.2405,0.940487802028656
18136,0.2163,0.9461020231246948
18137,0.2316,0.9338158965110779
18138,0.1811,0.9517313838005066
18139,0.2496,0.9317023158073425
18140,0.2263,0.9380804896354675
18141,0.2002,0.9498886466026306
18142,0.2057,0.9442657828330994
18143,0.1853,0.9433962106704712
18144,0.2379,0.9387308359146118
18145,0.2219,0.9359267950057983
18146,0.2132,0.9485030174255371
18147,0.2416,0.9404900670051575
18148,0.1716,0.9516539573669434
18149,0.2583,0.9363057613372803
18150,0.2154,0.9506347179412842
18151,0.0844,0.9813191294670105
18152,0.2203,0.9463955760002136
18153,0.1694,0.9600638747215271
18154,0.137,0.9717097282409668
18155,0.1924,0.9502341747283936
18156,0.1017,0.9762972593307495
18157,0.1014,0.98012775182724
18158,0.2557,0.9409449100494385
18159,0.1214,0.9684750437736511
18160,0.1093,0.9727402925491333
18161,0.1295,0.969741702079773
18162,0.1357,0.969924807548523
18163,0.2574,0.9338731169700623
18164,0.2113,0.9379358291625977
18165,0.1425,0.9618320465087891
18166,0.3239,0.9268985390663147
18167,0.177,0.9567999839782715
18168,0.2121,0.9405034184455872
18169,0.2182,0.9436936974525452
18170,0.2163,0.9460547566413879
18171,0.2501,0.9424920082092285
18172,0.1679,0.9599999785423279
18173,0.2454,0.9358460307121277
18174,0.2075,0.9498725533485413
18175,0.1522,0.9556159377098083
18176,0.1943,0.9529837369918823
18177,0.2367,0.9306772947311401
18178,0.2735,0.9343724250793457
18179,0.2228,0.9439338445663452
18180,0.2245,0.939226508140564
18181,0.1872,0.955575704574585
18182,0.2649,0.9336363673210144
18183,0.1866,0.9505928754806519
18184,0.2307,0.943025529384613
18185,0.1549,0.9626942873001099
18186,0.2309,0.9366602897644043
18187,0.1638,0.9523809552192688
18188,0.1732,0.9464848041534424
18189,0.2095,0.9492031931877136
18190,0.2223,0.9396268129348755
18191,0.1772,0.9546459913253784
18192,0.2651,0.928647518157959
18193,0.2273,0.9394273161888123
18194,0.1951,0.9426681399345398
18195,0.226,0.941109836101532
18196,0.1803,0.9406286478042603
18197,0.1861,0.9603960514068604
18198,0.2232,0.9397293925285339
18199,0.186,0.9552631378173828
18200,0.203,0.9523809552192688
18201,0.0977,0.9765003323554993
18202,0.1263,0.9705603122711182
18203,0.1015,0.9767441749572754
18204,0.1147,0.9709887504577637
18205,0.1844,0.955232560634613
18206,0.1406,0.9682741165161133
18207,0.1278,0.9729546904563904
18208,0.1065,0.9747784733772278
18209,0.1868,0.9477373957633972
18210,0.1104,0.9720998406410217
18211,0.1145,0.9725738167762756
18212,0.1171,0.9717186093330383
18213,0.1325,0.9713639616966248
18214,0.176,0.9537878632545471
18215,0.173,0.9636363387107849
18216,0.1585,0.9632812738418579
18217,0.1459,0.9615088701248169
18218,0.1446,0.9643134474754333
18219,0.2351,0.9359642863273621
18220,0.2417,0.9269027709960938
18221,0.1381,0.9635761380195618
18222,0.1801,0.9562841653823853
18223,0.1982,0.9493464231491089
18224,0.1368,0.9628027677536011
18225,0.2124,0.9429260492324829
18226,0.1528,0.9674721360206604
18227,0.1889,0.9484716057777405
18228,0.218,0.9373927712440491
18229,0.1846,0.9609445929527283
18230,0.1686,0.9529411792755127
18231,0.2796,0.9240174889564514
18232,0.1805,0.9485766887664795
18233,0.2065,0.9371681213378906
18234,0.2678,0.9335179924964905
18235,0.2238,0.9440227746963501
18236,0.2333,0.9385964870452881
18237,0.2443,0.9411764740943909
18238,0.1713,0.9589473605155945
18239,0.2552,0.9312748908996582
18240,0.2353,0.9371781945228577
18241,0.2138,0.9478527903556824
18242,0.2674,0.932275116443634
18243,0.2378,0.9438444972038269
18244,0.2288,0.9381215572357178
18245,0.2102,0.9380022883415222
18246,0.2148,0.9406880140304565
18247,0.284,0.9206730723381042
18248,0.2287,0.9519595503807068
18249,0.2398,0.9278350472450256
18250,0.1658,0.9547445178031921
18251,0.1088,0.9742247462272644
18252,0.1055,0.9735423922538757
18253,0.1495,0.9638158082962036
18254,0.1638,0.9571589827537537
18255,0.0999,0.975979745388031
18256,0.1951,0.9530240893363953
18257,0.1238,0.9671700596809387
18258,0.2145,0.9548969268798828
18259,0.2042,0.9484468102455139
18260,0.1687,0.9665272235870361
18261,0.1247,0.9697188138961792
18262,0.2007,0.9438990354537964
18263,0.1874,0.9599999785423279
18264,0.2066,0.952654242515564
18265,0.2721,0.9287812113761902
18266,0.1901,0.943355143070221
18267,0.2283,0.9384030699729919
18268,0.1486,0.9663382768630981
18269,0.1715,0.9562450051307678
18270,0.2428,0.9427419304847717
18271,0.1773,0.9561053514480591
18272,0.201,0.9538977146148682
18273,0.2172,0.9454240202903748
18274,0.205,0.9484192728996277
18275,0.1455,0.9613696336746216
18276,0.2683,0.934602677822113
18277,0.2243,0.9382911324501038
18278,0.2414,0.9337349534034729
18279,0.2849,0.9299415946006775
18280,0.2757,0.9235343933105469
18281,0.1823,0.951286792755127
18282,0.2512,0.9373321533203125
18283,0.2262,0.9333933591842651
18284,0.2051,0.9402276873588562
18285,0.2565,0.9271137118339539
18286,0.2295,0.9375
18287,0.1907,0.951195240020752
18288,0.2597,0.9398194551467896
18289,0.2745,0.9251231551170349
18290,0.2441,0.9431230425834656
18291,0.2095,0.9418729543685913
18292,0.2592,0.9327818155288696
18293,0.2332,0.9410480260848999
18294,0.2089,0.9473106265068054
18295,0.1605,0.9612314701080322
18296,0.1903,0.9442467093467712
18297,0.2827,0.9293981194496155
18298,0.2468,0.9276960492134094
18299,0.2151,0.9368029832839966
18300,0.2082,0.9497907757759094
18301,0.1706,0.9606038331985474
18302,0.1837,0.9543099403381348
18303,0.1248,0.9678649306297302
18304,0.1163,0.9712575078010559
18305,0.3453,0.9235326051712036
18306,0.161,0.9620330929756165
18307,0.1913,0.9535865187644958
18308,0.1454,0.9622015953063965
18309,0.1783,0.9542319774627686
18310,0.1324,0.9697188138961792
18311,0.1809,0.9496982097625732
18312,0.1318,0.9696531891822815
18313,0.208,0.9410169720649719
18314,0.3144,0.9235793352127075
18315,0.1597,0.9582400918006897
18316,0.2045,0.953903317451477
18317,0.2417,0.9423215389251709
18318,0.1541,0.9613564610481262
18319,0.155,0.9546899795532227
18320,0.1811,0.949191689491272
18321,0.2408,0.9384858012199402
18322,0.2646,0.9383617043495178
18323,0.1973,0.9530201554298401
18324,0.2328,0.9347639679908752
18325,0.1631,0.9605262875556946
18326,0.2125,0.9373970627784729
18327,0.1941,0.9493243098258972
18328,0.162,0.9599999785423279
18329,0.147,0.9621280431747437
18330,0.1583,0.9565637111663818
18331,0.2632,0.9241748452186584
18332,0.3101,0.9175871014595032
18333,0.245,0.935251772403717
18334,0.1953,0.9469547867774963
18335,0.2645,0.935742974281311
18336,0.2597,0.9395711421966553
18337,0.3228,0.9029850959777832
18338,0.1887,0.9465811848640442
18339,0.2484,0.9381237626075745
18340,0.2137,0.9454950094223022
18341,0.2362,0.9378238320350647
18342,0.1675,0.953596293926239
18343,0.1908,0.9454545378684998
18344,0.1704,0.9518900513648987
18345,0.2191,0.9362912178039551
18346,0.2085,0.9440559148788452
18347,0.1879,0.9487804770469666
18348,0.1852,0.9453621506690979
18349,0.227,0.9481193423271179
18350,0.0978,0.9779735803604126
18351,0.0677,0.9818181991577148
18352,0.2208,0.9518950581550598
18353,0.1268,0.9674392938613892
18354,0.1551,0.9668874144554138
18355,0.0882,0.9785670638084412
18356,0.1469,0.9657492637634277
18357,0.1581,0.9567863941192627
18358,0.1039,0.971563994884491
18359,0.1742,0.9520460367202759
18360,0.207,0.9474402666091919
18361,0.1917,0.9579020142555237
18362,0.1765,0.9576837420463562
18363,0.1578,0.9613457322120667
18364,0.1654,0.9533045887947083
18365,0.1593,0.9583660364151001
18366,0.2666,0.9338959455490112
18367,0.2265,0.9393042325973511
18368,0.2233,0.9401330351829529
18369,0.1895,0.9518927335739136
18370,0.1257,0.9678782820701599
18371,0.2214,0.9506173133850098
18372,0.2192,0.9485666155815125
18373,0.3065,0.9201228618621826
18374,0.1544,0.9593073725700378
18375,0.2513,0.9313647150993347
18376,0.1547,0.950660765171051
18377,0.2513,0.9308016896247864
18378,0.2202,0.9483066201210022
18379,0.2761,0.932758629322052
18380,0.2113,0.9421861171722412
18381,0.2392,0.9331574440002441
18382,0.1514,0.9553831219673157
18383,0.2402,0.93202143907547
18384,0.278,0.9316081404685974
18385,0.2229,0.9429658055305481
18386,0.2001,0.9475277662277222
18387,0.2241,0.9338759183883667
18388,0.1842,0.9568788409233093
18389,0.1757,0.9508547186851501
18390,0.1874,0.9478827118873596
18391,0.2471,0.9283456206321716
18392,0.2581,0.927173912525177
18393,0.2369,0.939461886882782
18394,0.1863,0.9510489702224731
18395,0.2299,0.9366359710693359
18396,0.2329,0.9450549483299255
18397,0.2286,0.937578022480011
18398,0.2148,0.9445843696594238
18399,0.2266,0.9527559280395508
18400,0.2324,0.950075626373291
18401,0.0876,0.9801145792007446
18402,0.1013,0.9782503843307495
18403,0.1376,0.9648033380508423
18404,0.103,0.9779326319694519
18405,0.1462,0.9643504619598389
18406,0.1189,0.9707711338996887
18407,0.1562,0.9651006460189819
18408,0.155,0.9607046246528625
18409,0.2073,0.9496731758117676
18410,0.1466,0.9621514081954956
18411,0.3237,0.9203821420669556
18412,0.2183,0.9430779814720154
18413,0.1884,0.9537906050682068
18414,0.2184,0.9541569352149963
18415,0.2715,0.9264190793037415
18416,0.1712,0.9655442237854004
18417,0.1506,0.961904764175415
18418,0.2374,0.9357249736785889
18419,0.2925,0.9314107298851013
18420,0.1401,0.9681475162506104
18421,0.3135,0.919876754283905
18422,0.2214,0.9449838399887085
18423,0.1784,0.9547359347343445
18424,0.1759,0.9527897238731384
18425,0.2451,0.9373956322669983
18426,0.2655,0.921158492565155
18427,0.1612,0.9613935947418213
18428,0.2237,0.9466421604156494
18429,0.2658,0.9187279343605042
18430,0.2842,0.9271402359008789
18431,0.1815,0.9560229182243347
18432,0.2021,0.9505736827850342
18433,0.2011,0.9545913338661194
18434,0.1629,0.9591439962387085
18435,0.2501,0.9435946345329285
18436,0.2196,0.9441624283790588
18437,0.2302,0.9420289993286133
18438,0.2289,0.9481037855148315
18439,0.2329,0.935251772403717
18440,0.2505,0.9357513189315796
18441,0.2233,0.9400428533554077
18442,0.2124,0.946739137172699
18443,0.2068,0.9427262544631958
18444,0.1535,0.9625731110572815
18445,0.2293,0.9363207817077637
18446,0.2603,0.9360465407371521
18447,0.2381,0.9343493580818176
18448,0.2645,0.9343863725662231
18449,0.2694,0.9323115944862366
18450,0.1426,0.9635036587715149
18451,0.1614,0.9570934176445007
18452,0.0812,0.9786652326583862
18453,0.1579,0.9608355164527893
18454,0.098,0.9782739877700806
18455,0.1146,0.9749417304992676
18456,0.0775,0.9784674048423767
18457,0.1181,0.9744082093238831
18458,0.1194,0.9736659526824951
18459,0.1727,0.9543408155441284
18460,0.2231,0.940267026424408
18461,0.1476,0.9590222835540771
18462,0.249,0.9319444298744202
18463,0.1334,0.9706325531005859
18464,0.2071,0.9474835991859436
18465,0.1369,0.9613343477249146
18466,0.2142,0.9484615325927734
18467,0.2389,0.9342105388641357
18468,0.1902,0.9575999975204468
18469,0.1631,0.9589153528213501
18470,0.2631,0.9319671988487244
18471,0.1735,0.9564502835273743
18472,0.2734,0.9277108311653137
18473,0.2586,0.9313036799430847
18474,0.2339,0.9401148557662964
18475,0.1659,0.9586918950080872
18476,0.1859,0.9594713449478149
18477,0.2438,0.9343128800392151
18478,0.2395,0.943965494632721
18479,0.1954,0.9599999785423279
18480,0.1833,0.9467989206314087
18481,0.2233,0.9479069709777832
18482,0.2205,0.9454870223999023
18483,0.2065,0.9514563083648682
18484,0.2834,0.9232876896858215
18485,0.2288,0.944656491279602
18486,0.2967,0.9328922629356384
18487,0.2218,0.948387086391449
18488,0.2283,0.9375619292259216
18489,0.2027,0.9459735155105591
18490,0.2573,0.9355894923210144
18491,0.206,0.94017094373703
18492,0.2072,0.943708598613739
18493,0.1917,0.9423298835754395
18494,0.2307,0.9481302499771118
18495,0.2573,0.9302059412002563
18496,0.251,0.9377289414405823
18497,0.2114,0.9368029832839966
18498,0.2391,0.9334975481033325
18499,0.2545,0.9396325349807739
18500,0.2015,0.9511834383010864
18501,0.0931,0.9805892705917358
18502,0.1298,0.9675785303115845
18503,0.1236,0.9747899174690247
18504,0.1492,0.9555683732032776
18505,0.1344,0.9679408073425293
18506,0.0866,0.9784946441650391
18507,0.1002,0.976902186870575
18508,0.1703,0.9517374634742737
18509,0.0931,0.9760869741439819
18510,0.1425,0.9638637900352478
18511,0.164,0.9567765593528748
18512,0.1005,0.9790535569190979
18513,0.2382,0.9368346333503723
18514,0.1516,0.959909200668335
18515,0.2353,0.93291836977005
18516,0.2404,0.9336889982223511
18517,0.1182,0.9746835231781006
18518,0.1611,0.9595879316329956
18519,0.1891,0.9530045986175537
18520,0.2372,0.9341792464256287
18521,0.1508,0.9613356590270996
18522,0.1874,0.9519071578979492
18523,0.2447,0.939073920249939
18524,0.2261,0.9440203309059143
18525,0.1007,0.971781313419342
18526,0.2002,0.9453924894332886
18527,0.2571,0.9301919937133789
18528,0.1941,0.9447799921035767
18529,0.1925,0.9528985619544983
18530,0.2161,0.9415993094444275
18531,0.2434,0.9396157264709473
18532,0.2711,0.9266968369483948
18533,0.1762,0.9509143233299255
18534,0.2505,0.9352996945381165
18535,0.2334,0.9365079402923584
18536,0.2512,0.9443339705467224
18537,0.2153,0.9467455744743347
18538,0.1414,0.959358274936676
18539,0.2435,0.9317476749420166
18540,0.2193,0.9418483972549438
18541,0.1852,0.9457111954689026
18542,0.1712,0.942791759967804
18543,0.2656,0.9356984496116638
18544,0.2044,0.9418344497680664
18545,0.1794,0.9487776756286621
18546,0.2643,0.9234285950660706
18547,0.2112,0.9444444179534912
18548,0.2199,0.9369696974754333
18549,0.2353,0.9374217987060547
18550,0.184,0.9507735371589661
18551,0.2588,0.9362903237342834
18552,0.111,0.9744197130203247
18553,0.0693,0.9785714149475098
18554,0.139,0.9620396494865417
18555,0.1481,0.9662790894508362
18556,0.2038,0.9478417038917542
18557,0.1643,0.9613848328590393
18558,0.1377,0.9647390842437744
18559,0.119,0.9757952690124512
18560,0.1991,0.9426284432411194
18561,0.168,0.9633802771568298
18562,0.1947,0.9518828392028809
18563,0.1433,0.9647147059440613
18564,0.1768,0.96042400598526
18565,0.1619,0.9595202207565308
18566,0.2179,0.9457186460494995
18567,0.2811,0.9262917637825012
18568,0.1484,0.9560703039169312
18569,0.2125,0.949191689491272
18570,0.1457,0.9606694579124451
18571,0.212,0.9498432874679565
18572,0.2333,0.9383561611175537
18573,0.194,0.9471890926361084
18574,0.1823,0.9497872591018677
18575,0.1778,0.9513888955116272
18576,0.2623,0.9338358640670776
18577,0.347,0.9098497629165649
18578,0.2367,0.941644549369812
18579,0.2261,0.9429065585136414
18580,0.2291,0.9433962106704712
18581,0.1994,0.9443954229354858
18582,0.2198,0.9381625652313232
18583,0.3422,0.9076923131942749
18584,0.2754,0.930018424987793
18585,0.1756,0.9472111463546753
18586,0.2162,0.9447186589241028
18587,0.2751,0.9321871995925903
18588,0.2297,0.939805805683136
18589,0.2552,0.9363992214202881
18590,0.2408,0.9358451962471008
18591,0.1842,0.9524837732315063
18592,0.2053,0.9399999976158142
18593,0.1937,0.9442586302757263
18594,0.2203,0.9390243887901306
18595,0.1994,0.9494117498397827
18596,0.1885,0.9495192170143127
18597,0.2215,0.9392523169517517
18598,0.2189,0.9495798349380493
18599,0.2624,0.9376590251922607
18600,0.2992,0.9328358173370361
18601,0.0719,0.9846729040145874
18602,0.1087,0.9763700366020203
18603,0.1437,0.9671875238418579
18604,0.1592,0.9663541316986084
18605,0.1325,0.9684271216392517
18606,0.1799,0.95525062084198
18607,0.1389,0.9641057848930359
18608,0.1927,0.9532828330993652
18609,0.093,0.9793530702590942
18610,0.24,0.9424083828926086
18611,0.1264,0.9703971147537231
18612,0.192,0.9477882385253906
18613,0.2848,0.9329349398612976
18614,0.1261,0.9744361042976379
18615,0.1755,0.9534706473350525
18616,0.228,0.9446390867233276
18617,0.1951,0.9464012384414673
18618,0.1583,0.9617530107498169
18619,0.2204,0.9464285969734192
18620,0.1996,0.9496951103210449
18621,0.2683,0.925212025642395
18622,0.1147,0.9705619812011719
18623,0.1607,0.9614726305007935
18624,0.1886,0.9619666337966919
18625,0.2049,0.9449917674064636
18626,0.1817,0.9463087320327759
18627,0.1329,0.9718044996261597
18628,0.1807,0.9532871842384338
18629,0.2601,0.9307359457015991
18630,0.2115,0.942016065120697
18631,0.2462,0.9346048831939697
18632,0.2295,0.9388839602470398
18633,0.1841,0.9511520862579346
18634,0.2439,0.929953932762146
18635,0.2915,0.9274047017097473
18636,0.2284,0.9437675476074219
18637,0.2956,0.9166666865348816
18638,0.3031,0.9247104525566101
18639,0.2387,0.9415384531021118
18640,0.2541,0.9389002323150635
18641,0.234,0.9276381731033325
18642,0.2047,0.9363057613372803
18643,0.2441,0.9378407597541809
18644,0.1881,0.9516310691833496
18645,0.2018,0.9454123377799988
18646,0.2304,0.9388696551322937
18647,0.193,0.9486260414123535
18648,0.2387,0.924784243106842
18649,0.2633,0.9256926774978638
18650,0.1665,0.9624478220939636
18651,0.1617,0.9596031308174133
18652,0.1037,0.9786199927330017
18653,0.0837,0.9820675253868103
18654,0.1209,0.9731993079185486
18655,0.0955,0.9753309488296509
18656,0.2619,0.9257206320762634
18657,0.1975,0.9529638886451721
18658,0.1578,0.9623402953147888
18659,0.1476,0.9618169665336609
18660,0.221,0.9437458515167236
18661,0.2078,0.946185290813446
18662,0.1764,0.9548022747039795
18663,0.1456,0.9631769061088562
18664,0.0946,0.9756097793579102
18665,0.15,0.9665889739990234
18666,0.2328,0.9358407258987427
18667,0.1352,0.9678198099136353
18668,0.2037,0.9414125084877014
18669,0.2655,0.9299212694168091
18670,0.1631,0.9542372822761536
18671,0.1611,0.9579967856407166
18672,0.1809,0.9518900513648987
18673,0.1505,0.9628027677536011
18674,0.1533,0.957317054271698
18675,0.1707,0.9565587639808655
18676,0.1436,0.9662408828735352
18677,0.1572,0.9629955887794495
18678,0.2617,0.9316096901893616
18679,0.2091,0.9420415163040161
18680,0.2987,0.9239222407341003
18681,0.2617,0.9297778010368347
18682,0.1694,0.9538319706916809
18683,0.1554,0.9608610272407532
18684,0.2245,0.9387755393981934
18685,0.2565,0.9378427863121033
18686,0.2207,0.9419291615486145
18687,0.1987,0.9482586979866028
18688,0.2231,0.9414141178131104
18689,0.229,0.9431230425834656
18690,0.2472,0.9331275820732117
18691,0.1848,0.9523809552192688
18692,0.1942,0.9422222375869751
18693,0.2324,0.9363839030265808
18694,0.2692,0.9302586913108826
18695,0.1889,0.9506314396858215
18696,0.2026,0.9479418992996216
18697,0.2099,0.935606062412262
18698,0.234,0.9369369149208069
18699,0.216,0.9410222768783569
18700,0.2977,0.9315476417541504
18701,0.1467,0.9636433124542236
18702,0.122,0.9708542823791504
18703,0.118,0.9781540036201477
18704,0.1573,0.9585863947868347
18705,0.1144,0.9739516973495483
18706,0.1244,0.9719387888908386
18707,0.0871,0.9800000190734863
18708,0.1348,0.9686875343322754
18709,0.2009,0.949804425239563
18710,0.1535,0.9564051032066345
18711,0.1763,0.9537843465805054
18712,0.1937,0.9527836441993713
18713,0.2552,0.9345602989196777
18714,0.1892,0.958695650100708
18715,0.1757,0.9496350288391113
18716,0.151,0.9635376334190369
18717,0.2175,0.9403213262557983
18718,0.1264,0.9714506268501282
18719,0.2102,0.9468749761581421
18720,0.2032,0.9426100850105286
18721,0.1959,0.9520816802978516
18722,0.1988,0.9453189969062805
18723,0.2916,0.9253393411636353
18724,0.2202,0.9485714435577393
18725,0.2056,0.9476309418678284
18726,0.224,0.9381879568099976
18727,0.2165,0.9421276450157166
18728,0.1556,0.9629277586936951
18729,0.1919,0.9465929865837097
18730,0.2273,0.9448961019515991
18731,0.2722,0.9284482598304749
18732,0.2554,0.9329758882522583
18733,0.1984,0.9448668956756592
18734,0.2034,0.9511961936950684
18735,0.2264,0.9414141178131104
18736,0.2495,0.9401373863220215
18737,0.1736,0.9653061032295227
18738,0.2375,0.9351032376289368
18739,0.1734,0.9516298770904541
18740,0.1526,0.96004319190979
18741,0.2281,0.9409937858581543
18742,0.2381,0.9371002316474915
18743,0.1912,0.9520624279975891
18744,0.2126,0.9363636374473572
18745,0.1831,0.9435840845108032
18746,0.2045,0.946449339389801
18747,0.2305,0.9359720349311829
18748,0.2164,0.9505703449249268
18749,0.1672,0.9576159119606018
18750,0.2116,0.9563106894493103
18751,0.2192,0.9485030174255371
18752,0.1208,0.9710144996643066
18753,0.1685,0.9610389471054077
18754,0.1184,0.9696615934371948
18755,0.1037,0.9769277572631836
18756,0.1793,0.9502426981925964
18757,0.1222,0.9694352149963379
18758,0.1667,0.9573248624801636
18759,0.1346,0.9680426120758057
18760,0.2184,0.9447236061096191
18761,0.2013,0.9424083828926086
18762,0.1945,0.9474421739578247
18763,0.2136,0.9506511092185974
18764,0.1572,0.9627465009689331
18765,0.2213,0.9420903921127319
18766,0.1683,0.9579188823699951
18767,0.1859,0.9465478658676147
18768,0.2442,0.9380917549133301
18769,0.1269,0.9698205590248108
18770,0.3086,0.9283018708229065
18771,0.1984,0.9404761791229248
18772,0.2334,0.9412219524383545
18773,0.1733,0.9513381719589233
18774,0.2352,0.9412724375724792
18775,0.2795,0.919175922870636
18776,0.1169,0.9671361446380615
18777,0.18,0.9491978883743286
18778,0.1978,0.9507609605789185
18779,0.1857,0.946314811706543
18780,0.2062,0.9406028389930725
18781,0.2523,0.9278804063796997
18782,0.2379,0.9422903656959534
18783,0.1894,0.9521484375
18784,0.1816,0.9428830742835999
18785,0.2852,0.9268292784690857
18786,0.2414,0.9370503425598145
18787,0.2695,0.9299065470695496
18788,0.2129,0.9459459185600281
18789,0.2959,0.9182194471359253
18790,0.2204,0.9384615421295166
18791,0.1487,0.9639738202095032
18792,0.1908,0.9452479481697083
18793,0.2241,0.9433962106704712
18794,0.1905,0.9523268938064575
18795,0.2235,0.9365079402923584
18796,0.1857,0.9461626410484314
18797,0.2366,0.9413833618164062
18798,0.1947,0.9517326951026917
18799,0.229,0.9448094367980957
18800,0.1724,0.9551191926002502
18801,0.1276,0.9668149352073669
18802,0.1291,0.9658780694007874
18803,0.1298,0.9741657972335815
18804,0.1392,0.9613686800003052
18805,0.1007,0.9759181141853333
18806,0.1313,0.9714459180831909
18807,0.1051,0.9780293107032776
18808,0.1087,0.9731723666191101
18809,0.2719,0.9406068325042725
18810,0.2122,0.9447368383407593
18811,0.0871,0.9796533584594727
18812,0.2384,0.9351916313171387
18813,0.2064,0.9444444179534912
18814,0.2175,0.9464788436889648
18815,0.2065,0.9520494937896729
18816,0.1584,0.9535244107246399
18817,0.2571,0.9329488277435303
18818,0.1903,0.9479084610939026
18819,0.2178,0.9436293244361877
18820,0.2264,0.94199538230896
18821,0.2152,0.9341809749603271
18822,0.1685,0.9634581208229065
18823,0.1576,0.9602369070053101
18824,0.2285,0.9436026811599731
18825,0.1928,0.9498680830001831
18826,0.1846,0.960698664188385
18827,0.2572,0.9337694048881531
18828,0.2412,0.9338983297348022
18829,0.2638,0.9293810129165649
18830,0.2849,0.9219166040420532
18831,0.3078,0.9146028757095337
18832,0.1973,0.9493087530136108
18833,0.1531,0.9628180265426636
18834,0.2996,0.9259927868843079
18835,0.209,0.9454732537269592
18836,0.198,0.9394841194152832
18837,0.2598,0.9330747127532959
18838,0.2269,0.9394250512123108
18839,0.2438,0.9293139576911926
18840,0.2252,0.9396186470985413
18841,0.2345,0.9405829310417175
18842,0.2469,0.9353070259094238
18843,0.193,0.9463470578193665
18844,0.2152,0.9498860836029053
18845,0.2366,0.9348571300506592
18846,0.1881,0.960493803024292
18847,0.2626,0.9255189299583435
18848,0.2434,0.9377382397651672
18849,0.2082,0.9444444179534912
18850,0.2066,0.9534883499145508
18851,0.181,0.9562212228775024
18852,0.1358,0.9648862481117249
18853,0.1214,0.9722373485565186
18854,0.1785,0.9543404579162598
18855,0.0828,0.9816023707389832
18856,0.1501,0.9589285850524902
18857,0.1538,0.9602888226509094
18858,0.1686,0.9582294225692749
18859,0.2152,0.9463220834732056
18860,0.1227,0.9705075621604919
18861,0.2175,0.943697988986969
18862,0.1741,0.9506337642669678
18863,0.1404,0.9597222208976746
18864,0.2636,0.9334704875946045
18865,0.1573,0.9583654403686523
18866,0.1303,0.9717646837234497
18867,0.0899,0.9779969453811646
18868,0.2081,0.9442351460456848
18869,0.263,0.9278033971786499
18870,0.2782,0.9236311316490173
18871,0.2623,0.9424572587013245
18872,0.2246,0.9408560395240784
18873,0.1823,0.9547826051712036
18874,0.2636,0.9291896224021912
18875,0.179,0.9506688714027405
18876,0.2349,0.9443016052246094
18877,0.1989,0.9505736827850342
18878,0.1911,0.9521178603172302
18879,0.2475,0.9335130453109741
18880,0.2021,0.9477124214172363
18881,0.178,0.9540018439292908
18882,0.1925,0.9460431933403015
18883,0.2069,0.9427793025970459
18884,0.2544,0.9359331727027893
18885,0.1896,0.9501495361328125
18886,0.2054,0.9437314867973328
18887,0.1812,0.9507042169570923
18888,0.2217,0.9439918398857117
18889,0.2266,0.9447982907295227
18890,0.1895,0.9466230869293213
18891,0.2613,0.9301587343215942
18892,0.154,0.9561706781387329
18893,0.1977,0.9384264349937439
18894,0.2408,0.9391592741012573
18895,0.2112,0.9441860318183899
18896,0.2623,0.9292452931404114
18897,0.1871,0.9469240307807922
18898,0.2056,0.946891188621521
18899,0.2498,0.9359794855117798
18900,0.2639,0.9349930882453918
18901,0.1343,0.9679943323135376
18902,0.1342,0.9697120189666748
18903,0.1567,0.9580022692680359
18904,0.1345,0.9684014916419983
18905,0.1261,0.9715729355812073
18906,0.1136,0.9732083082199097
18907,0.1251,0.9691991806030273
18908,0.1991,0.9515803456306458
18909,0.1219,0.9633544683456421
18910,0.1748,0.9521673917770386
18911,0.2161,0.9462584853172302
18912,0.1487,0.9646084308624268
18913,0.2289,0.9373239278793335
18914,0.1887,0.9510385990142822
18915,0.1919,0.9522387981414795
18916,0.161,0.960030734539032
18917,0.1841,0.9523065090179443
18918,0.1697,0.9576677083969116
18919,0.1794,0.9536647200584412
18920,0.2167,0.9443099498748779
18921,0.1464,0.9603710174560547
18922,0.1902,0.9548872113227844
18923,0.215,0.9478044509887695
18924,0.1829,0.9511545300483704
18925,0.1705,0.9582198262214661
18926,0.2755,0.9337748289108276
18927,0.2021,0.9502999186515808
18928,0.2034,0.951694905757904
18929,0.1596,0.957038402557373
18930,0.1861,0.9438502788543701
18931,0.2663,0.9286359548568726
18932,0.2124,0.9392824172973633
18933,0.1539,0.9618395566940308
18934,0.1946,0.9548510909080505
18935,0.1971,0.943025529384613
18936,0.2581,0.9335232377052307
18937,0.2212,0.9507692456245422
18938,0.2221,0.9402834177017212
18939,0.1804,0.9528089761734009
18940,0.2118,0.9356783628463745
18941,0.2612,0.9375
18942,0.2625,0.9258028864860535
18943,0.2737,0.9340425729751587
18944,0.2066,0.9513574838638306
18945,0.274,0.9322617650032043
18946,0.1806,0.959057092666626
18947,0.2137,0.9425837397575378
18948,0.2225,0.9440914988517761
18949,0.2375,0.942307710647583
18950,0.1805,0.9541420340538025
18951,0.1307,0.9697309136390686
18952,0.108,0.9753385186195374
18953,0.2658,0.937976062297821
18954,0.222,0.9465564489364624
18955,0.1007,0.9785008430480957
18956,0.0916,0.975761353969574
18957,0.1107,0.9723791480064392
18958,0.139,0.9681697487831116
18959,0.2427,0.9370078444480896
18960,0.1012,0.9780297875404358
18961,0.1447,0.9718411564826965
18962,0.1391,0.9607558250427246
18963,0.1123,0.970215916633606
18964,0.2499,0.9323703050613403
18965,0.1476,0.9604772329330444
18966,0.2568,0.9308035969734192
18967,0.1775,0.9527798891067505
18968,0.2189,0.9409566521644592
18969,0.1792,0.9609120488166809
18970,0.1728,0.9600957632064819
18971,0.1634,0.9568403959274292
18972,0.1647,0.9539749026298523
18973,0.248,0.9388934969902039
18974,0.1404,0.9638766646385193
18975,0.2175,0.948445200920105
18976,0.1288,0.9675090312957764
18977,0.2135,0.9482312202453613
18978,0.2471,0.9301121830940247
18979,0.2275,0.9431034326553345
18980,0.1968,0.9488291144371033
18981,0.2748,0.9189852476119995
18982,0.2368,0.9288288354873657
18983,0.2107,0.9515810012817383
18984,0.2158,0.9425287246704102
18985,0.1744,0.9533527493476868
18986,0.2135,0.949367105960846
18987,0.2258,0.9445585012435913
18988,0.2082,0.9474727511405945
18989,0.189,0.9534161686897278
18990,0.1679,0.961904764175415
18991,0.2564,0.9347826242446899
18992,0.1974,0.9507119655609131
18993,0.2145,0.9462485909461975
18994,0.2019,0.9429874420166016
18995,0.193,0.9454329609870911
18996,0.1693,0.9472422003746033
18997,0.2234,0.9402109980583191
18998,0.2007,0.9478155374526978
18999,0.2243,0.936117947101593
19000,0.2163,0.945652186870575
19001,0.1357,0.9677650332450867
19002,0.1122,0.9765117168426514
19003,0.1048,0.9767190217971802
19004,0.1559,0.9605993628501892
19005,0.15,0.9632701277732849
19006,0.1333,0.973736047744751
19007,0.1083,0.9725385308265686
19008,0.1991,0.9471598267555237
19009,0.1125,0.9747191071510315
19010,0.1229,0.9676955938339233
19011,0.2667,0.9354395866394043
19012,0.1801,0.9478198885917664
19013,0.1703,0.9592894315719604
19014,0.1573,0.9599999785423279
19015,0.1724,0.9502719640731812
19016,0.2131,0.9394165873527527
19017,0.1534,0.9559543132781982
19018,0.3015,0.9236159920692444
19019,0.201,0.9528957605361938
19020,0.1408,0.964196503162384
19021,0.1419,0.9661436676979065
19022,0.1901,0.9552238583564758
19023,0.3088,0.923374593257904
19024,0.2772,0.934108555316925
19025,0.2195,0.9367396831512451
19026,0.1631,0.9600679874420166
19027,0.2132,0.9323553442955017
19028,0.1632,0.9583333134651184
19029,0.2067,0.9452400803565979
19030,0.2016,0.9424861073493958
19031,0.2027,0.9430379867553711
19032,0.2037,0.939338207244873
19033,0.2093,0.9468778967857361
19034,0.2099,0.9439439177513123
19035,0.2372,0.9402319192886353
19036,0.2456,0.9296578168869019
19037,0.2686,0.9264972805976868
19038,0.1691,0.9503105878829956
19039,0.2636,0.9326732754707336
19040,0.2497,0.9374348521232605
19041,0.2436,0.9394261240959167
19042,0.2773,0.9265305995941162
19043,0.1877,0.9422028064727783
19044,0.1843,0.9507620334625244
19045,0.2177,0.9403669834136963
19046,0.2473,0.9323562383651733
19047,0.174,0.9455864429473877
19048,0.1956,0.9459784030914307
19049,0.2338,0.9428208470344543
19050,0.182,0.9500734210014343
19051,0.3764,0.916181206703186
19052,0.1349,0.9679622054100037
19053,0.0797,0.9811946749687195
19054,0.1088,0.9712010025978088
19055,0.0975,0.9763205647468567
19056,0.1104,0.9725685715675354
19057,0.0979,0.9730250239372253
19058,0.1049,0.9707927703857422
19059,0.1162,0.9714095592498779
19060,0.1358,0.9691535234451294
19061,0.1056,0.9733333587646484
19062,0.1783,0.952654242515564
19063,0.2648,0.9241475462913513
19064,0.2114,0.9421965479850769
19065,0.1735,0.9444058537483215
19066,0.1487,0.9589858055114746
19067,0.2338,0.9418181777000427
19068,0.0974,0.9747474789619446
19069,0.1904,0.948031485080719
19070,0.1739,0.9568755030632019
19071,0.2315,0.9361867904663086
19072,0.2876,0.918735921382904
19073,0.0973,0.9770220518112183
19074,0.2211,0.9386754035949707
19075,0.2314,0.9344398379325867
19076,0.1423,0.9626933336257935
19077,0.2677,0.9353448152542114
19078,0.2576,0.9378109574317932
19079,0.1937,0.9463028311729431
19080,0.1893,0.9474621415138245
19081,0.3165,0.9116883277893066
19082,0.207,0.9432558417320251
19083,0.1968,0.9488910436630249
19084,0.2705,0.928966760635376
19085,0.2088,0.946107804775238
19086,0.1487,0.9623430967330933
19087,0.1777,0.9524281620979309
19088,0.1545,0.9568965435028076
19089,0.2435,0.9429778456687927
19090,0.1889,0.953656017780304
19091,0.2334,0.9336188435554504
19092,0.1833,0.9553377032279968
19093,0.1989,0.9455128312110901
19094,0.2422,0.9322974681854248
19095,0.2392,0.9403824806213379
19096,0.208,0.9426900744438171
19097,0.241,0.9392812848091125
19098,0.141,0.960422158241272
19099,0.2301,0.9458763003349304
19100,0.2129,0.9563318490982056
19101,0.1613,0.9614678621292114
19102,0.1127,0.9733455777168274
19103,0.1682,0.9612694978713989
19104,0.1521,0.961170494556427
19105,0.3107,0.9348973631858826
19106,0.1378,0.9647971391677856
19107,0.1851,0.9490930438041687
19108,0.1643,0.9474999904632568
19109,0.1756,0.9543348550796509
19110,0.1975,0.9462295174598694
19111,0.3166,0.9198949337005615
19112,0.1515,0.9650996923446655
19113,0.1862,0.955244779586792
19114,0.1132,0.9762658476829529
19115,0.2105,0.9450243711471558
19116,0.1841,0.948698878288269
19117,0.0742,0.9827437400817871
19118,0.2532,0.932634711265564
19119,0.2263,0.9409056305885315
19120,0.142,0.9609755873680115
19121,0.21,0.9446202516555786
19122,0.3019,0.9034892320632935
19123,0.2465,0.9389250874519348
19124,0.2393,0.9336931109428406
19125,0.152,0.956486701965332
19126,0.2197,0.9443976283073425
19127,0.2605,0.9365853667259216
19128,0.247,0.9322742223739624
19129,0.2148,0.944628119468689
19130,0.1788,0.9541284441947937
19131,0.1884,0.9454545378684998
19132,0.1998,0.9461966753005981
19133,0.2243,0.9426229596138
19134,0.1596,0.959432065486908
19135,0.2786,0.9220183491706848
19136,0.1974,0.9524281620979309
19137,0.2688,0.9308755993843079
19138,0.1794,0.9525691866874695
19139,0.1929,0.9486910700798035
19140,0.2675,0.9305555820465088
19141,0.262,0.9328436255455017
19142,0.2085,0.943965494632721
19143,0.2583,0.9359267950057983
19144,0.1973,0.9476134777069092
19145,0.1676,0.9562212228775024
19146,0.2029,0.9540094137191772
19147,0.2011,0.9344660043716431
19148,0.2345,0.9417475461959839
19149,0.1952,0.9430789351463318
19150,0.2316,0.9400584697723389
19151,0.2917,0.935528576374054
19152,0.1197,0.9713656306266785
19153,0.0848,0.9815848469734192
19154,0.1325,0.9742007851600647
19155,0.1675,0.9570720791816711
19156,0.1203,0.9714455604553223
19157,0.1559,0.9642196297645569
19158,0.1105,0.9721300601959229
19159,0.1268,0.9721448421478271
19160,0.1404,0.9688581228256226
19161,0.1837,0.9532586932182312
19162,0.1706,0.9633162021636963
19163,0.1834,0.9513888955116272
19164,0.1422,0.9661654233932495
19165,0.1872,0.9497126340866089
19166,0.1514,0.9581111669540405
19167,0.1133,0.9726688265800476
19168,0.1952,0.9441996812820435
19169,0.136,0.9686174988746643
19170,0.2956,0.9223152995109558
19171,0.1781,0.9496284127235413
19172,0.1176,0.971377432346344
19173,0.1673,0.9563066959381104
19174,0.1922,0.9478402733802795
19175,0.2445,0.9324116706848145
19176,0.1869,0.9460580945014954
19177,0.1407,0.9611063003540039
19178,0.184,0.958866536617279
19179,0.1943,0.9541041254997253
19180,0.2336,0.9332161545753479
19181,0.1264,0.9671669602394104
19182,0.2203,0.944344699382782
19183,0.1436,0.9585390090942383
19184,0.2355,0.9375
19185,0.1791,0.9571428298950195
19186,0.2103,0.9402546286582947
19187,0.1462,0.9616976976394653
19188,0.2807,0.9263984560966492
19189,0.291,0.9280155897140503
19190,0.2281,0.9438669681549072
19191,0.1899,0.9576365947723389
19192,0.1999,0.9512459635734558
19193,0.2501,0.9280343651771545
19194,0.2605,0.9291845560073853
19195,0.1903,0.9448819160461426
19196,0.2046,0.9430605173110962
19197,0.2055,0.9477434754371643
19198,0.2407,0.9403166770935059
19199,0.2627,0.9411764740943909
19200,0.1431,0.9626436829566956
19201,0.0729,0.9836439490318298
19202,0.1225,0.963269054889679
19203,0.1266,0.9693608283996582
19204,0.1483,0.965314507484436
19205,0.1038,0.9752223491668701
19206,0.1036,0.9788540005683899
19207,0.1376,0.9683744311332703
19208,0.1946,0.9494818449020386
19209,0.1063,0.9754902124404907
19210,0.2334,0.9451783299446106
19211,0.1119,0.9709302186965942
19212,0.2159,0.9421720504760742
19213,0.1961,0.9443255066871643
19214,0.2721,0.9321799278259277
19215,0.2022,0.9512555599212646
19216,0.1669,0.9557453393936157
19217,0.1547,0.9595015645027161
19218,0.1847,0.9551886916160583
19219,0.2549,0.9292452931404114
19220,0.1311,0.96782386302948
19221,0.2408,0.9361198544502258
19222,0.199,0.9505033493041992
19223,0.1438,0.9578096866607666
19224,0.3097,0.9276315569877625
19225,0.186,0.9427860975265503
19226,0.2774,0.9357262253761292
19227,0.1486,0.9520362019538879
19228,0.2235,0.945389449596405
19229,0.1977,0.9461756348609924
19230,0.2038,0.9447047710418701
19231,0.267,0.9306197762489319
19232,0.1845,0.9571836590766907
19233,0.1941,0.9471243023872375
19234,0.2323,0.9348658919334412
19235,0.2656,0.938697338104248
19236,0.183,0.9559118151664734
19237,0.2815,0.9280079007148743
19238,0.1626,0.9543039202690125
19239,0.1423,0.9670913219451904
19240,0.2315,0.9409905076026917
19241,0.2365,0.9411134719848633
19242,0.232,0.9412404894828796
19243,0.2007,0.9498289823532104
19244,0.1956,0.9460093975067139
19245,0.2126,0.9478672742843628
19246,0.1833,0.9501822590827942
19247,0.2221,0.9464922547340393
19248,0.2494,0.9338147044181824
19249,0.2193,0.9350811243057251
19250,0.1963,0.9426112174987793
19251,0.0905,0.9766339063644409
19252,0.1997,0.956244707107544
19253,0.0757,0.9819474816322327
19254,0.1952,0.9531416296958923
19255,0.2311,0.9460352659225464
19256,0.127,0.9672619104385376
19257,0.0892,0.9806666374206543
19258,0.1186,0.9687703251838684
19259,0.3127,0.9190897345542908
19260,0.188,0.9529104232788086
19261,0.1115,0.9758865237236023
19262,0.1797,0.9510536789894104
19263,0.1415,0.9678832292556763
19264,0.2081,0.9505226612091064
19265,0.1169,0.9672523736953735
19266,0.1378,0.9588189721107483
19267,0.2703,0.9352983236312866
19268,0.1892,0.9558481574058533
19269,0.1819,0.9440665245056152
19270,0.1607,0.9538216590881348
19271,0.2709,0.9337490200996399
19272,0.2255,0.9387910962104797
19273,0.1668,0.9563758373260498
19274,0.1236,0.9677708148956299
19275,0.1399,0.9670932292938232
19276,0.2265,0.9450457692146301
19277,0.1968,0.9478713870048523
19278,0.307,0.9200000166893005
19279,0.2133,0.9447368383407593
19280,0.1823,0.9535714387893677
19281,0.1704,0.955195426940918
19282,0.2316,0.9438727498054504
19283,0.3077,0.9121561646461487
19284,0.1761,0.9606903195381165
19285,0.2278,0.9383753538131714
19286,0.1897,0.9518442749977112
19287,0.257,0.9191616773605347
19288,0.1817,0.9533194899559021
19289,0.2193,0.9373737573623657
19290,0.2813,0.9244713187217712
19291,0.2643,0.929729700088501
19292,0.2174,0.9381107687950134
19293,0.2186,0.9464480876922607
19294,0.2171,0.942176878452301
19295,0.2826,0.9392201900482178
19296,0.2646,0.934272289276123
19297,0.2104,0.9458483457565308
19298,0.194,0.942118227481842
19299,0.2265,0.9396226406097412
19300,0.1867,0.9481582641601562
19301,0.092,0.9787557125091553
19302,0.2054,0.9494633078575134
19303,0.0984,0.9726428985595703
19304,0.095,0.9774647951126099
19305,0.175,0.9609120488166809
19306,0.1364,0.963512659072876
19307,0.0904,0.9793814420700073
19308,0.1166,0.9721322059631348
19309,0.1203,0.9710744023323059
19310,0.1684,0.9605615139007568
19311,0.2126,0.9517388343811035
19312,0.145,0.9601119756698608
19313,0.1643,0.9596773982048035
19314,0.2087,0.9396325349807739
19315,0.162,0.9580925107002258
19316,0.1765,0.9501133561134338
19317,0.1911,0.9540316462516785
19318,0.1528,0.9606953859329224
19319,0.2785,0.9324982762336731
19320,0.2156,0.945293664932251
19321,0.0979,0.9752770662307739
19322,0.2083,0.9493374824523926
19323,0.1846,0.9528455138206482
19324,0.1504,0.9618257284164429
19325,0.1918,0.9474979639053345
19326,0.2154,0.9477491974830627
19327,0.2094,0.9443976283073425
19328,0.2107,0.9524229168891907
19329,0.2436,0.9362787008285522
19330,0.3035,0.9183333516120911
19331,0.219,0.9402852058410645
19332,0.187,0.9584086537361145
19333,0.1737,0.948387086391449
19334,0.1906,0.9470260143280029
19335,0.1801,0.9479267001152039
19336,0.2397,0.9404761791229248
19337,0.2333,0.9422310590744019
19338,0.2316,0.9302769899368286
19339,0.2382,0.937188446521759
19340,0.1883,0.9492900371551514
19341,0.1947,0.9497267603874207
19342,0.168,0.9590443968772888
19343,0.1745,0.9514672756195068
19344,0.1854,0.9417927861213684
19345,0.1894,0.9551724195480347
19346,0.2195,0.9402810335159302
19347,0.2347,0.9365079402923584
19348,0.2294,0.9373464584350586
19349,0.2723,0.9405815601348877
19350,0.2467,0.9438990354537964
19351,0.1286,0.9722120761871338
19352,0.1632,0.9610266089439392
19353,0.1154,0.9710144996643066
19354,0.2112,0.9435028433799744
19355,0.1173,0.9713603854179382
19356,0.1361,0.9692770838737488
19357,0.1243,0.966891884803772
19358,0.1153,0.9762872457504272
19359,0.1847,0.9504132270812988
19360,0.1577,0.9600532650947571
19361,0.2331,0.9509668350219727
19362,0.1791,0.9530931115150452
19363,0.1527,0.9651162624359131
19364,0.1173,0.97364342212677
19365,0.2182,0.9362490773200989
19366,0.2196,0.9521568417549133
19367,0.2458,0.9371766448020935
19368,0.1893,0.9443173408508301
19369,0.1522,0.9610705375671387
19370,0.1926,0.9563066959381104
19371,0.158,0.9605262875556946
19372,0.1847,0.9539951682090759
19373,0.2589,0.9336384534835815
19374,0.1335,0.9671111106872559
19375,0.2096,0.9413707852363586
19376,0.1932,0.9468556046485901
19377,0.1714,0.9585133790969849
19378,0.156,0.9634263515472412
19379,0.1745,0.9609929323196411
19380,0.1699,0.9557603597640991
19381,0.2592,0.9356187582015991
19382,0.2102,0.9431111216545105
19383,0.2124,0.9396396279335022
19384,0.1818,0.9500959515571594
19385,0.2482,0.9323583245277405
19386,0.2101,0.9502438902854919
19387,0.1856,0.9474196434020996
19388,0.2659,0.9333333373069763
19389,0.1687,0.9544008374214172
19390,0.2411,0.942105233669281
19391,0.2541,0.9384775757789612
19392,0.1783,0.9456160068511963
19393,0.1716,0.9523809552192688
19394,0.2292,0.9400452375411987
19395,0.1682,0.9545454382896423
19396,0.2261,0.9268004894256592
19397,0.2202,0.9490908980369568
19398,0.198,0.9498164057731628
19399,0.1898,0.9461827278137207
19400,0.2659,0.9229691624641418
19401,0.1608,0.9635726809501648
19402,0.0922,0.9777670502662659
19403,0.1337,0.9687830805778503
19404,0.0787,0.9816023707389832
19405,0.099,0.9753238558769226
19406,0.1715,0.9551122188568115
19407,0.1009,0.9739826321601868
19408,0.1174,0.9757449626922607
19409,0.1981,0.940645158290863
19410,0.1216,0.9656334519386292
19411,0.1514,0.9676026105880737
19412,0.1185,0.9699841737747192
19413,0.1633,0.9596478343009949
19414,0.1949,0.9424874186515808
19415,0.2259,0.9460610151290894
19416,0.2108,0.9472459554672241
19417,0.1704,0.9524904489517212
19418,0.3214,0.9114285707473755
19419,0.1552,0.9631751179695129
19420,0.2565,0.9316628575325012
19421,0.2053,0.9452736377716064
19422,0.1872,0.9489878416061401
19423,0.1959,0.9511784315109253
19424,0.1741,0.9482895731925964
19425,0.2683,0.9287510514259338
19426,0.2506,0.9398625493049622
19427,0.1621,0.9547471404075623
19428,0.2673,0.9249793887138367
19429,0.2623,0.9371816515922546
19430,0.3271,0.9117147922515869
19431,0.2812,0.9260663390159607
19432,0.2036,0.9365638494491577
19433,0.2267,0.928999125957489
19434,0.2658,0.9296296238899231
19435,0.1795,0.9522417187690735
19436,0.2655,0.9299424290657043
19437,0.1814,0.9477993845939636
19438,0.2166,0.9400599598884583
19439,0.1802,0.9475848078727722
19440,0.2077,0.9459161162376404
19441,0.1844,0.9518201351165771
19442,0.163,0.9607843160629272
19443,0.219,0.930232584476471
19444,0.1974,0.9490150809288025
19445,0.2272,0.9325714111328125
19446,0.2046,0.9555822610855103
19447,0.2304,0.9454094171524048
19448,0.2774,0.9291925430297852
19449,0.2523,0.9399999976158142
19450,0.1804,0.9577874541282654
19451,0.1457,0.9644754528999329
19452,0.1166,0.9720346927642822
19453,0.114,0.9721218347549438
19454,0.0594,0.9879449009895325
19455,0.2127,0.9525386095046997
19456,0.1123,0.9724602103233337
19457,0.095,0.9742138385772705
19458,0.1406,0.965336799621582
19459,0.2217,0.9456384181976318
19460,0.1722,0.9602385759353638
19461,0.2217,0.9475065469741821
19462,0.1084,0.9773790836334229
19463,0.1172,0.9730337262153625
19464,0.2061,0.9464411735534668
19465,0.2336,0.9389045238494873
19466,0.1863,0.9530045986175537
19467,0.1874,0.9454113841056824
19468,0.2629,0.9376359581947327
19469,0.2389,0.9398986101150513
19470,0.2411,0.947035551071167
19471,0.1624,0.9572864174842834
19472,0.2414,0.9406575560569763
19473,0.1527,0.9592006802558899
19474,0.1729,0.9582971334457397
19475,0.1957,0.9487847089767456
19476,0.1451,0.9614726305007935
19477,0.2089,0.9427609443664551
19478,0.2521,0.9349457621574402
19479,0.3272,0.9051864147186279
19480,0.2419,0.9336778521537781
19481,0.1881,0.9479820728302002
19482,0.1831,0.9476584196090698
19483,0.2223,0.9415929317474365
19484,0.2326,0.9388889074325562
19485,0.186,0.9579667448997498
19486,0.2494,0.9285714030265808
19487,0.2636,0.9293892979621887
19488,0.2389,0.9357351660728455
19489,0.24,0.9348269104957581
19490,0.1818,0.951508641242981
19491,0.2663,0.9304531216621399
19492,0.2362,0.9378882050514221
19493,0.317,0.9171038866043091
19494,0.2609,0.9346622228622437
19495,0.2082,0.9368658661842346
19496,0.2221,0.9443181753158569
19497,0.2327,0.9384058117866516
19498,0.1934,0.9375
19499,0.3229,0.9301745891571045
19500,0.2089,0.9457013607025146
19501,0.2635,0.942603349685669
19502,0.1841,0.957834005355835
19503,0.1572,0.9642285108566284
19504,0.1263,0.9739798903465271
19505,0.1079,0.9765674471855164
19506,0.1276,0.9699934720993042
19507,0.1038,0.9800928831100464
19508,0.1241,0.9717825055122375
19509,0.1166,0.9648760557174683
19510,0.1325,0.9757617712020874
19511,0.1667,0.9609321355819702
19512,0.1249,0.9633233547210693
19513,0.2008,0.9447513818740845
19514,0.1407,0.9643939137458801
19515,0.2263,0.9476830959320068
19516,0.2037,0.9523099660873413
19517,0.1529,0.9621577858924866
19518,0.1336,0.9666401743888855
19519,0.186,0.952994704246521
19520,0.163,0.9586973786354065
19521,0.1769,0.9537037014961243
19522,0.2293,0.9381029009819031
19523,0.2303,0.9455782175064087
19524,0.1738,0.9605704545974731
19525,0.2566,0.9266975522041321
19526,0.1653,0.953350305557251
19527,0.178,0.949312686920166
19528,0.1768,0.9529914259910583
19529,0.2222,0.9382715821266174
19530,0.2544,0.9313043355941772
19531,0.3378,0.9098639488220215
19532,0.164,0.9537299275398254
19533,0.2638,0.9312499761581421
19534,0.2297,0.9489402770996094
19535,0.2413,0.9418493509292603
19536,0.1473,0.9572736620903015
19537,0.2157,0.9390000104904175
19538,0.2157,0.9475247263908386
19539,0.206,0.9427710771560669
19540,0.2046,0.9470842480659485
19541,0.2479,0.9305555820465088
19542,0.1825,0.9464848041534424
19543,0.1929,0.949671745300293
19544,0.1972,0.9487179517745972
19545,0.2164,0.9372093081474304
19546,0.2133,0.939393937587738
19547,0.2175,0.9403166770935059
19548,0.2329,0.9459119439125061
19549,0.2406,0.9420654773712158
19550,0.2266,0.9391891956329346
19551,0.1107,0.9753643274307251
19552,0.0997,0.9789050817489624
19553,0.0794,0.9764096736907959
19554,0.1391,0.9601640105247498
19555,0.1089,0.9769613742828369
19556,0.125,0.9705521464347839
19557,0.1211,0.9723684191703796
19558,0.1134,0.9674267172813416
19559,0.1721,0.9581185579299927
19560,0.1827,0.9516231417655945
19561,0.1354,0.9639320969581604
19562,0.1268,0.9687283039093018
19563,0.2027,0.9488078355789185
19564,0.134,0.9665242433547974
19565,0.204,0.9482269287109375
19566,0.1548,0.9560357928276062
19567,0.1704,0.9610983729362488
19568,0.1731,0.9533227682113647
19569,0.1587,0.9579698443412781
19570,0.1982,0.9476116895675659
19571,0.189,0.9539682269096375
19572,0.2149,0.9427880644798279
19573,0.1577,0.9602595567703247
19574,0.1313,0.9677966237068176
19575,0.1851,0.961604118347168
19576,0.277,0.931506872177124
19577,0.2708,0.9254317283630371
19578,0.2047,0.9513274431228638
19579,0.2437,0.9407216310501099
19580,0.237,0.9373897910118103
19581,0.2952,0.9278350472450256
19582,0.2236,0.9467787146568298
19583,0.1339,0.9647954106330872
19584,0.2552,0.938248872756958
19585,0.2051,0.9460465312004089
19586,0.2763,0.9277673363685608
19587,0.1718,0.9593326449394226
19588,0.172,0.9492031931877136
19589,0.1933,0.9484536051750183
19590,0.2381,0.9375
19591,0.2652,0.9317476749420166
19592,0.1882,0.9576365947723389
19593,0.1977,0.9436769485473633
19594,0.2427,0.9320498108863831
19595,0.2396,0.9330357313156128
19596,0.1532,0.9521472454071045
19597,0.2754,0.9315726161003113
19598,0.2148,0.9431396722793579
19599,0.1781,0.9557867646217346
19600,0.1931,0.9467455744743347
19601,0.1367,0.970099687576294
19602,0.0966,0.9791563153266907
19603,0.189,0.9537479877471924
19604,0.1107,0.9740633964538574
19605,0.1059,0.9753901362419128
19606,0.1317,0.9665653705596924
19607,0.111,0.9766198992729187
19608,0.1386,0.9661125540733337
19609,0.1432,0.9684986472129822
19610,0.1375,0.9660094976425171
19611,0.1198,0.9673837423324585
19612,0.2718,0.9318018555641174
19613,0.1979,0.9427157044410706
19614,0.1792,0.9568082094192505
19615,0.1242,0.970251739025116
19616,0.1977,0.946718156337738
19617,0.275,0.9221901893615723
19618,0.2768,0.9254843592643738
19619,0.1892,0.953285813331604
19620,0.2275,0.9337441921234131
19621,0.2227,0.948887050151825
19622,0.1472,0.9750000238418579
19623,0.1205,0.9739357233047485
19624,0.2052,0.9528071880340576
19625,0.2002,0.9445910453796387
19626,0.1492,0.9602420330047607
19627,0.1841,0.9484192728996277
19628,0.2125,0.9366666674613953
19629,0.2132,0.9479618668556213
19630,0.1632,0.9581395387649536
19631,0.1869,0.9477477669715881
19632,0.2314,0.9388458132743835
19633,0.2712,0.9341372847557068
19634,0.1866,0.9594470262527466
19635,0.1975,0.9425837397575378
19636,0.2046,0.9457831382751465
19637,0.2511,0.9360865354537964
19638,0.2947,0.9261036515235901
19639,0.2064,0.940816342830658
19640,0.1854,0.9450101852416992
19641,0.2054,0.9473106265068054
19642,0.2497,0.9295478463172913
19643,0.1536,0.957110583782196
19644,0.155,0.9609375
19645,0.1699,0.9555288553237915
19646,0.1897,0.9472422003746033
19647,0.2165,0.9369696974754333
19648,0.2621,0.9368811845779419
19649,0.2139,0.9440203309059143
19650,0.2327,0.9425287246704102
19651,0.1128,0.9747899174690247
19652,0.0642,0.9852801561355591
19653,0.154,0.9709148406982422
19654,0.0822,0.9790669679641724
19655,0.132,0.9707138538360596
19656,0.1028,0.9776397347450256
19657,0.1982,0.9414251446723938
19658,0.1167,0.9727936387062073
19659,0.2828,0.9331230521202087
19660,0.0842,0.9798125624656677
19661,0.1836,0.9486823678016663
19662,0.1026,0.9751643538475037
19663,0.1835,0.9567375779151917
19664,0.1451,0.9654665589332581
19665,0.1657,0.9533867239952087
19666,0.1056,0.9706581830978394
19667,0.19,0.9473282694816589
19668,0.1846,0.9473684430122375
19669,0.2142,0.946480929851532
19670,0.1689,0.9584996104240417
19671,0.1898,0.9529780745506287
19672,0.1499,0.9700085520744324
19673,0.1591,0.9622476100921631
19674,0.2154,0.9490662217140198
19675,0.2524,0.9356153011322021
19676,0.1943,0.9506173133850098
19677,0.1627,0.954963207244873
19678,0.2215,0.9408649802207947
19679,0.2106,0.9369139075279236
19680,0.2601,0.9360568523406982
19681,0.2289,0.934651792049408
19682,0.2507,0.9376718401908875
19683,0.1735,0.9487922787666321
19684,0.1861,0.949999988079071
19685,0.217,0.942344069480896
19686,0.1613,0.9534653425216675
19687,0.2194,0.9435643553733826
19688,0.2194,0.9325277209281921
19689,0.2359,0.947257399559021
19690,0.1643,0.9449244141578674
19691,0.2168,0.9370558261871338
19692,0.1833,0.9486339092254639
19693,0.1799,0.9463894963264465
19694,0.2115,0.9466824531555176
19695,0.2476,0.9299883246421814
19696,0.2126,0.9386792182922363
19697,0.2005,0.9467455744743347
19698,0.2167,0.9445843696594238
19699,0.2079,0.936855673789978
19700,0.187,0.9536902904510498
19701,0.1296,0.9704187512397766
19702,0.1597,0.9597508311271667
19703,0.0758,0.9800838828086853
19704,0.3286,0.9237887859344482
19705,0.1766,0.9530386924743652
19706,0.1676,0.9596469402313232
19707,0.1384,0.956118643283844
19708,0.1349,0.9683168530464172
19709,0.1792,0.9547427296638489
19710,0.2091,0.9437458515167236
19711,0.1953,0.9469273686408997
19712,0.2154,0.9489100575447083
19713,0.2001,0.9426795840263367
19714,0.1804,0.9548482894897461
19715,0.1258,0.9626094102859497
19716,0.2277,0.9526315927505493
19717,0.2466,0.9411764740943909
19718,0.201,0.9516380429267883
19719,0.2324,0.9436507821083069
19720,0.1437,0.9744012951850891
19721,0.196,0.9484702348709106
19722,0.193,0.9462810158729553
19723,0.1415,0.9610726833343506
19724,0.2689,0.9338235259056091
19725,0.1976,0.9505736827850342
19726,0.1759,0.9573115110397339
19727,0.2206,0.9377133250236511
19728,0.2349,0.9378882050514221
19729,0.1965,0.9495128393173218
19730,0.2084,0.9509896039962769
19731,0.2658,0.9234875440597534
19732,0.2631,0.9319552183151245
19733,0.2034,0.9472693204879761
19734,0.1941,0.9435185194015503
19735,0.2353,0.9331423044204712
19736,0.1885,0.9448144435882568
19737,0.1448,0.9569892287254333
19738,0.2894,0.9145728349685669
19739,0.1694,0.9582027196884155
19740,0.1889,0.9558823704719543
19741,0.1995,0.9454545378684998
19742,0.24,0.9384941458702087
19743,0.197,0.9379310607910156
19744,0.1569,0.9580973982810974
19745,0.2376,0.9318448901176453
19746,0.2384,0.9325443506240845
19747,0.187,0.9543817639350891
19748,0.2706,0.9265060424804688
19749,0.1877,0.9514066576957703
19750,0.1514,0.9606188535690308
19751,0.172,0.9614356756210327
19752,0.1246,0.973625123500824
19753,0.1704,0.9605343341827393
19754,0.1424,0.9597141146659851
19755,0.1133,0.9743243455886841
19756,0.1424,0.9609902501106262
19757,0.148,0.9678431153297424
19758,0.1175,0.9693548679351807
19759,0.2184,0.9374090433120728
19760,0.2197,0.9376479983329773
19761,0.1426,0.9695916771888733
19762,0.1918,0.9461732506752014
19763,0.1732,0.9541779160499573
19764,0.2177,0.9396471977233887
19765,0.2518,0.9398230314254761
19766,0.2305,0.9430379867553711
19767,0.1761,0.9545913338661194
19768,0.2106,0.938185453414917
19769,0.2795,0.9222797751426697
19770,0.1897,0.9512761235237122
19771,0.2214,0.9363636374473572
19772,0.2077,0.9422169923782349
19773,0.1885,0.9528177976608276
19774,0.0861,0.976190447807312
